claim_id,user_id,product_category,brand,model,serial_number,purchase_date,purchase_price,warranty_type,warranty_months,extended_months,fault_date,claim_date,fault_category,repair_count,last_repair_date,authorized_repair,serial_match,invoice_number,has_receipt,has_warranty_card,has_product_image,has_serial_evidence,has_fault_evidence,has_repair_report,prior_claim_count,duplicate_invoice,replaced_before,label
CLM-000001,USR-6846,Electronics,Samsung,Galaxy S22,SN53647781,2020-01-25,2603.58,standard,24,0,2022-07-03,2022-07-21,screen_defect,0,,True,True,INV-666843,True,True,True,True,True,False,0,False,False,Invalid Claim
CLM-000002,USR-8825,Home Appliances,IFB,Senorita SX,SN50318100,2020-05-31,513.93,standard,12,0,2020-12-15,2020-12-29,motor_failure,1,2020-11-10,False,True,INV-817555,True,True,True,True,True,True,0,False,False,Invalid Claim
CLM-000003,USR-3068,Power Tools,Bosch,GSR 18V,SN22694785,2023-01-06,743.21,standard,18,0,2023-04-26,2023-04-30,battery_failure,5,2023-03-14,True,True,INV-970399,True,True,True,True,True,True,0,False,False,Manual Review
CLM-000004,USR-4845,Home Appliances,IFB,Senorita SX,SN38109613,2021-09-02,1705.95,standard,12,0,2022-02-27,2022-03-05,manufacturing_defect,1,2021-11-15,False,True,INV-476215,True,True,True,True,True,True,0,False,False,Invalid Claim
CLM-000005,USR-6224,Power Tools,Makita,HP457,SN87507357,2021-04-13,1825.92,standard,18,0,2021-11-07,2021-11-12,chuck_defect,0,,True,True,INV-348411,True,True,True,True,True,False,0,False,False,Valid Claim
CLM-000006,USR-2936,Power Tools,Bosch,GSR 18V,SN38410963,2022-03-30,2436.74,standard,18,0,2023-05-05,2023-05-23,wear_and_tear,0,,True,True,INV-580636,True,True,True,True,True,False,0,False,False,Invalid Claim
CLM-000007,USR-6511,Home Appliances,Samsung,RT28 Refrigerator,SN67190488,2023-06-15,1397.36,standard,12,0,2024-02-03,2024-06-28,water_leakage,0,,True,True,INV-528818,True,True,True,True,True,False,0,False,False,Invalid Claim
CLM-000008,USR-3650,Power Tools,DeWalt,DCD771,SN23459168,2022-06-22,706.22,standard,18,0,2024-06-17,2024-07-05,battery_failure,0,,True,True,INV-924265,True,True,True,True,True,False,0,False,False,Invalid Claim
CLM-000009,USR-2769,Home Appliances,Samsung,RT28 Refrigerator,SN23782772,2021-01-18,115.88,standard,12,0,2021-06-11,2021-08-01,control_panel_fault,0,,True,True,INV-170825,True,True,True,True,True,False,0,False,False,Invalid Claim
CLM-000010,USR-9172,Electronics,Xiaomi,Redmi Note 12,SN71649116,2021-12-20,1742.67,standard,24,0,2024-01-03,2024-01-27,audio_fault,0,,True,True,INV-112793,True,True,True,True,True,False,0,False,False,Manual Review
CLM-000011,USR-8657,Home Appliances,IFB,Senorita SX,SN13968089,2023-10-02,535.23,standard,12,0,2024-10-07,2024-10-13,drum_failure,0,,True,True,INV-274833,True,True,True,True,True,False,0,False,False,Manual Review
CLM-000012,USR-5177,Power Tools,Black+Decker,CD701,SN44987131,2020-05-21,1194.8,standard,18,0,2021-03-04,2021-03-07,motor_failure,0,,True,True,INV-519492,True,True,True,False,False,False,0,False,False,Manual Review
CLM-000013,USR-8046,Home Appliances,Whirlpool,WM 2500,SN73539966,2021-12-30,703.19,standard,12,0,2022-09-17,2022-09-22,motor_failure,0,,True,True,INV-124057,False,False,True,True,True,False,0,False,False,Manual Review
CLM-000014,USR-8775,Home Appliances,LG,Fridge 340L,SN67434792,2020-01-16,1055.44,standard,12,0,2020-04-09,2020-04-12,motor_failure,0,,True,False,INV-376648,True,True,True,True,True,False,0,False,False,Manual Review
CLM-000015,USR-9753,Home Appliances,Godrej,WD 700,SN13753144,2020-03-28,217.85,standard,12,0,2020-04-04,2020-04-10,cooling_failure,0,,True,True,INV-503598,True,True,True,True,True,False,0,False,False,Manual Review
CLM-000016,USR-4175,Power Tools,Bosch,GSR 18V,SN94292753,2022-11-07,615.08,standard,18,0,2024-01-20,2024-01-26,unauthorized_modification,0,,True,True,INV-727847,True,True,True,True,True,False,0,False,False,Invalid Claim
CLM-000017,USR-4457,Electronics,Sony,Bravia X75,SN45520201,2021-02-18,2008.45,standard,24,0,2021-10-26,2021-11-13,power_failure,0,,True,True,INV-351516,True,True,True,True,True,False,0,False,False,Valid Claim
CLM-000018,USR-1287,Home Appliances,Samsung,RT28 Refrigerator,SN44834491,2024-01-30,555.51,standard,12,0,2024-08-25,2024-09-02,liquid_damage,0,,True,True,INV-253235,True,True,True,True,True,False,0,False,False,Invalid Claim
CLM-000019,USR-5544,Power Tools,Black+Decker,CD701,SN86383608,2020-08-04,1540.95,standard,18,0,2021-01-04,2021-06-23,motor_failure,0,,True,True,INV-678588,True,True,True,True,True,False,0,False,False,Invalid Claim
CLM-000020,USR-5411,Power Tools,DeWalt,DCD771,SN65141717,2022-10-13,2785.57,standard,18,0,2024-05-05,2024-05-07,switch_fault,0,,True,True,INV-484795,True,True,True,True,True,False,0,False,False,Invalid Claim
CLM-000021,USR-5953,Home Appliances,LG,Fridge 340L,SN33489813,2022-11-30,407.72,standard,12,0,2024-03-24,2024-03-26,manufacturing_defect,0,,True,True,INV-915572,True,True,True,True,True,False,0,False,False,Invalid Claim
CLM-000022,USR-1826,Electronics,Lenovo,IdeaPad Slim 3,SN24217270,2021-11-11,1200.11,standard,24,0,2024-06-18,2024-06-24,manufacturing_defect,0,,True,True,INV-547181,True,True,True,True,True,False,0,False,False,Invalid Claim
CLM-000023,USR-6981,Home Appliances,Godrej,WD 700,SN63766628,2022-01-21,896.52,standard,12,0,2023-04-10,2023-04-20,motor_failure,0,,True,True,INV-699166,True,True,True,True,True,False,0,False,False,Invalid Claim
CLM-000024,USR-9038,Power Tools,Makita,HP457,SN40620216,2022-06-30,1118.97,standard,18,0,2022-11-26,2022-12-15,battery_failure,2,2022-08-09,True,True,INV-552825,True,True,True,True,True,True,0,False,False,Valid Claim
CLM-000025,USR-9464,Electronics,HP,Pavilion 15,SN64419425,2020-06-22,1830.12,standard,24,0,2022-07-21,2022-08-19,battery_failure,0,,True,True,INV-768595,True,True,True,True,True,False,0,False,False,Invalid Claim
CLM-000026,USR-9602,Home Appliances,Samsung,RT28 Refrigerator,SN44740194,2023-12-09,965.96,standard,12,0,2024-06-08,2024-06-17,motor_failure,0,,True,True,INV-410759,True,False,True,True,True,False,0,False,False,Manual Review
CLM-000027,USR-5621,Power Tools,Black+Decker,CD701,SN12824921,2020-12-24,985.67,standard,18,0,2021-09-05,2021-09-25,motor_failure,0,,True,True,INV-957210,False,True,True,True,True,False,0,False,False,Manual Review
CLM-000028,USR-3907,Electronics,Xiaomi,Redmi Note 12,SN15399953,2022-07-12,2939.78,standard,24,0,2024-07-17,2024-07-20,software_malfunction,0,,True,True,INV-678788,True,True,True,True,True,False,0,False,False,Manual Review
CLM-000029,USR-4292,Power Tools,Black+Decker,CD701,SN47924770,2023-01-12,1015.32,standard,18,0,2023-01-19,2023-01-29,battery_failure,0,,True,True,INV-900611,True,True,True,True,True,False,0,False,False,Manual Review
CLM-000030,USR-7631,Home Appliances,IFB,Senorita SX,SN19575640,2023-05-28,311.01,standard,12,0,2024-11-16,2024-11-22,cooling_failure,0,,True,True,INV-339303,True,True,True,True,True,False,0,False,False,Invalid Claim
CLM-000031,USR-1786,Power Tools,Black+Decker,CD701,SN36561171,2023-07-07,2940.23,standard,18,0,2024-07-20,2024-07-22,manufacturing_defect,3,2023-10-27,True,True,INV-249898,True,True,True,True,True,True,0,False,False,Manual Review
CLM-000032,USR-9518,Power Tools,Stanley,SXD201,SN55285947,2021-01-23,2058.94,standard,18,0,2021-12-23,2021-12-24,physical_damage,0,,True,True,INV-428487,True,True,True,True,True,False,0,False,False,Invalid Claim
CLM-000033,USR-7298,Power Tools,DeWalt,DCD771,SN74701849,2019-12-27,433.91,standard,18,0,2020-08-07,2020-08-17,improper_use,0,,True,True,INV-476353,True,True,True,True,True,False,0,False,False,Invalid Claim
CLM-000034,USR-1431,Electronics,Samsung,Galaxy S22,SN36330066,2020-04-12,1639.82,standard,24,0,2020-07-12,2020-07-30,overheating,0,,True,True,INV-497817,True,True,True,True,True,False,2,True,False,Manual Review
CLM-000035,USR-1674,Power Tools,Stanley,SXD201,SN13808225,2021-11-11,317.17,standard,18,0,2022-12-03,2022-12-10,switch_fault,0,,True,True,INV-377511,True,True,True,True,True,False,0,False,False,Valid Claim
CLM-000036,USR-7053,Home Appliances,Bosch,Serie 6 Washer,SN68804057,2022-12-26,2776.93,standard,12,0,2023-04-18,2023-04-30,manufacturing_defect,2,2023-03-07,True,True,INV-594761,True,True,True,True,True,True,0,False,False,Manual Review
CLM-000037,USR-5333,Electronics,Apple,iPhone 13,SN15831819,2021-11-24,2210.82,standard,24,0,2023-02-27,2023-03-02,battery_failure,0,,True,True,INV-230889,True,True,True,True,True,False,0,False,False,Valid Claim
CLM-000038,USR-5448,Power Tools,Black+Decker,CD701,SN37772949,2022-03-20,617.47,standard,18,0,2022-09-01,2022-09-20,motor_failure,0,,True,True,INV-699678,True,True,True,True,False,False,0,False,False,Manual Review
CLM-000039,USR-4770,Electronics,Dell,Inspiron 5518,SN77144075,2022-12-15,1711.47,standard,24,0,2024-02-23,2024-02-26,audio_fault,0,,True,True,INV-945362,True,True,True,True,True,False,0,False,False,Valid Claim
CLM-000040,USR-9087,Home Appliances,Samsung,RT28 Refrigerator,SN79607791,2023-05-18,1346.01,standard,12,0,2023-11-06,2023-11-08,control_panel_fault,0,,True,False,INV-152294,True,True,True,True,True,False,0,False,False,Manual Review
CLM-000041,USR-9108,Home Appliances,Bosch,Serie 6 Washer,SN27075512,2021-06-04,744.06,standard,12,0,2021-08-13,2021-08-17,motor_failure,0,,True,True,INV-254037,True,True,True,True,True,False,1,False,False,Manual Review
CLM-000042,USR-9625,Electronics,Xiaomi,Redmi Note 12,SN74154596,2020-01-10,82.0,extended,24,12,2022-04-01,2022-04-12,battery_failure,0,,True,True,INV-311250,True,True,True,True,True,False,0,False,False,Valid Claim
CLM-000043,USR-8129,Power Tools,Black+Decker,CD701,SN60609069,2022-03-27,320.58,standard,18,0,2022-03-31,2022-04-11,manufacturing_defect,0,,True,True,INV-615101,True,True,True,True,True,False,0,False,False,Manual Review
CLM-000044,USR-3109,Power Tools,DeWalt,DCD771,SN22968305,2022-12-27,2944.55,standard,18,0,2023-01-12,2023-01-30,switch_fault,0,,True,True,INV-842762,True,True,True,True,True,False,0,False,False,Manual Review
CLM-000045,USR-2106,Power Tools,Makita,HP457,SN54977061,2022-09-03,131.53,standard,18,0,2023-05-10,2023-08-03,switch_fault,0,,True,True,INV-570717,True,True,True,True,True,False,0,False,False,Invalid Claim
CLM-000046,USR-1959,Power Tools,DeWalt,DCD771,SN87788611,2022-04-05,2821.4,standard,18,0,2023-03-07,2023-03-18,chuck_defect,0,,True,True,INV-739975,True,True,True,True,True,False,1,True,False,Manual Review
CLM-000047,USR-5815,Home Appliances,Whirlpool,WM 2500,SN92331842,2024-02-05,1744.71,standard,12,0,2024-02-13,2024-02-21,manufacturing_defect,0,,True,True,INV-439566,True,True,True,True,True,False,0,False,False,Manual Review
CLM-000048,USR-8414,Electronics,Apple,iPhone 13,SN68540955,2021-09-09,1695.63,standard,24,0,2022-05-26,2022-06-08,manufacturing_defect,5,2021-11-27,True,True,INV-629241,True,True,True,True,True,True,0,False,False,Manual Review
CLM-000049,USR-6822,Power Tools,Stanley,SXD201,SN66506603,2021-05-28,1485.69,standard,18,0,2021-10-24,2021-12-24,switch_fault,0,,True,True,INV-566222,True,True,True,True,True,False,0,False,False,Invalid Claim
CLM-000050,USR-4262,Electronics,Samsung,Galaxy S22,SN46772637,2020-12-24,1155.59,extended,24,24,2024-02-18,2024-03-10,screen_defect,0,,True,True,INV-629663,True,True,True,True,True,False,0,False,False,Valid Claim
CLM-000051,USR-4845,Home Appliances,Bosch,Serie 6 Washer,SN52970439,2022-01-05,1657.88,standard,12,0,2022-01-10,2022-01-16,manufacturing_defect,0,,True,True,INV-826871,True,True,True,True,True,False,0,False,False,Manual Review
CLM-000052,USR-8878,Home Appliances,Bosch,Serie 6 Washer,SN19655576,2022-01-27,1053.04,standard,12,0,2022-06-21,2022-06-24,control_panel_fault,0,,True,True,INV-592053,True,True,True,True,True,False,0,False,True,Invalid Claim
CLM-000053,USR-7066,Power Tools,Stanley,SXD201,SN58827665,2020-01-19,127.28,standard,18,0,2021-05-06,2021-05-10,chuck_defect,0,,True,False,INV-626474,True,True,True,True,True,False,0,False,False,Manual Review
CLM-000054,USR-8096,Electronics,Sony,Bravia X75,SN36772544,2022-03-12,1252.44,standard,24,0,2023-05-09,2023-05-29,manufacturing_defect,0,,True,True,INV-432697,False,False,True,True,True,False,0,False,False,Manual Review
CLM-000055,USR-3213,Home Appliances,Whirlpool,WM 2500,SN11862394,2020-09-02,637.14,standard,12,0,2021-01-21,2021-02-04,manufacturing_defect,1,2020-10-28,False,True,INV-829842,True,True,True,True,True,True,0,False,False,Invalid Claim
CLM-000056,USR-8273,Electronics,Dell,Inspiron 5518,SN37995717,2020-02-11,1190.82,standard,24,0,2021-06-06,2021-06-13,screen_defect,3,2021-04-10,True,True,INV-559849,True,True,True,True,True,True,0,False,False,Manual Review
CLM-000057,USR-3880,Power Tools,Makita,HP457,SN71582256,2020-08-09,1330.88,standard,18,0,2021-08-02,2021-08-08,motor_failure,0,,True,False,INV-679604,True,True,True,True,True,False,0,False,False,Manual Review
CLM-000058,USR-2920,Electronics,Samsung,Galaxy S22,SN29203413,2020-09-28,1182.19,standard,24,0,2022-02-17,2022-03-01,manufacturing_defect,0,,True,True,INV-829937,True,True,True,True,False,False,0,False,False,Manual Review
CLM-000059,USR-6875,Electronics,Lenovo,IdeaPad Slim 3,SN56177572,2021-05-23,1108.95,standard,24,0,2021-06-07,2021-07-03,power_failure,0,,True,True,INV-390070,True,True,True,True,True,False,0,False,False,Manual Review
CLM-000060,USR-7947,Electronics,Xiaomi,Redmi Note 12,SN33680772,2021-05-05,1849.09,standard,24,0,2022-10-19,2022-11-09,software_malfunction,0,,True,True,INV-399214,True,True,True,True,True,False,0,False,True,Invalid Claim
CLM-000061,USR-8216,Home Appliances,IFB,Senorita SX,SN55728776,2022-08-27,618.34,standard,12,0,2023-06-12,2023-06-14,manufacturing_defect,0,,True,True,INV-364742,True,True,True,True,True,False,0,False,False,Valid Claim
CLM-000062,USR-3444,Power Tools,Black+Decker,CD701,SN50250352,2022-04-05,1179.26,standard,18,0,2022-09-29,2022-10-07,switch_fault,0,,True,True,INV-596520,True,True,True,True,True,False,0,False,False,Valid Claim
CLM-000063,USR-7672,Power Tools,Black+Decker,CD701,SN49002238,2021-03-27,2956.09,standard,18,0,2022-08-01,2022-08-04,improper_use,0,,True,True,INV-297955,True,True,True,True,True,False,0,False,False,Invalid Claim
CLM-000064,USR-2654,Home Appliances,Godrej,WD 700,SN77401071,2022-10-17,2437.88,standard,12,0,2023-06-14,2023-06-22,motor_failure,0,,True,True,INV-124835,True,True,False,True,True,False,0,False,False,Manual Review
CLM-000065,USR-1859,Home Appliances,Whirlpool,WM 2500,SN82123324,2020-07-21,593.59,standard,12,0,2021-05-25,2021-05-27,physical_damage,0,,True,True,INV-608623,True,True,True,True,True,False,0,False,False,Invalid Claim
CLM-000066,USR-2290,Electronics,Dell,Inspiron 5518,SN55335089,2022-11-04,2788.13,standard,24,0,2024-11-11,2024-11-24,audio_fault,0,,True,True,INV-416655,True,True,True,True,True,False,0,False,False,Manual Review
CLM-000067,USR-3458,Home Appliances,Samsung,RT28 Refrigerator,SN61148988,2020-02-25,2306.83,standard,12,0,2020-05-19,2020-05-23,control_panel_fault,0,,True,True,INV-182255,True,True,True,True,True,False,2,False,False,Manual Review
CLM-000068,USR-6083,Power Tools,Bosch,GSR 18V,SN55568701,2022-03-10,726.99,standard,18,0,2023-01-19,2023-02-09,motor_failure,0,,True,True,INV-180089,True,True,True,True,True,False,0,False,False,Valid Claim
CLM-000069,USR-8895,Electronics,Dell,Inspiron 5518,SN56405710,2021-05-13,2018.04,standard,24,0,2023-05-13,2023-05-18,audio_fault,0,,True,True,INV-503572,True,True,True,True,True,False,0,False,False,Valid Claim
CLM-000070,USR-6700,Home Appliances,Whirlpool,WM 2500,SN64807553,2022-08-09,1053.26,standard,12,0,2022-12-14,2022-12-20,control_panel_fault,0,,True,True,INV-209680,True,True,True,True,True,False,0,False,False,Valid Claim
CLM-000071,USR-9759,Electronics,Sony,Bravia X75,SN55642455,2022-01-07,314.93,standard,24,0,2023-01-11,2023-02-01,physical_damage,0,,True,True,INV-897392,True,True,True,True,True,False,0,False,False,Invalid Claim
CLM-000072,USR-8426,Power Tools,Stanley,SXD201,SN13670974,2021-10-20,2304.97,standard,18,0,2022-07-28,2022-08-18,wear_and_tear,0,,True,True,INV-760766,True,True,True,True,True,False,0,False,False,Invalid Claim
CLM-000073,USR-8555,Power Tools,DeWalt,DCD771,SN95618110,2021-04-09,821.61,standard,18,0,2021-06-06,2021-06-21,chuck_defect,0,,True,True,INV-799233,True,True,True,True,True,False,0,False,False,Valid Claim
CLM-000074,USR-2167,Home Appliances,Bosch,Serie 6 Washer,SN64866540,2023-07-25,2664.2,standard,12,0,2023-11-30,2023-12-04,manufacturing_defect,0,,True,True,INV-503519,True,True,True,True,True,False,0,False,True,Invalid Claim
CLM-000075,USR-5321,Home Appliances,Bosch,Serie 6 Washer,SN79386899,2021-06-12,993.99,standard,12,0,2022-04-04,2022-04-17,liquid_damage,0,,True,True,INV-430870,True,True,True,True,True,False,0,False,False,Invalid Claim
CLM-000076,USR-6779,Home Appliances,Samsung,RT28 Refrigerator,SN48176560,2022-02-01,1015.81,standard,12,0,2022-04-10,2022-04-13,improper_installation,0,,True,True,INV-719145,True,True,True,True,True,False,0,False,False,Invalid Claim
CLM-000077,USR-8105,Home Appliances,IFB,Senorita SX,SN50045650,2023-08-02,1748.56,standard,12,0,2023-10-18,2023-10-30,manufacturing_defect,0,,True,True,INV-441027,True,True,True,True,False,False,0,False,False,Manual Review
CLM-000078,USR-8381,Power Tools,Stanley,SXD201,SN71389561,2020-08-29,2002.69,standard,18,0,2022-02-28,2022-03-16,switch_fault,0,,True,True,INV-241176,True,True,True,True,True,False,0,False,False,Valid Claim
CLM-000079,USR-6091,Electronics,Xiaomi,Redmi Note 12,SN83932360,2020-11-09,119.93,standard,24,0,2021-09-08,2021-10-05,screen_defect,0,,True,True,INV-197736,True,True,True,True,True,False,0,False,False,Valid Claim
CLM-000080,USR-9494,Home Appliances,Whirlpool,WM 2500,SN58557203,2021-01-08,1898.09,standard,12,0,2021-10-06,2021-10-19,water_leakage,0,,True,True,INV-755788,True,True,True,True,True,False,0,False,False,Valid Claim
CLM-000081,USR-3740,Home Appliances,LG,Fridge 340L,SN38300713,2022-06-09,1767.05,standard,12,0,2024-05-14,2024-05-19,cooling_failure,0,,True,True,INV-156964,True,True,True,True,True,False,0,False,False,Invalid Claim
CLM-000082,USR-6006,Electronics,Dell,Inspiron 5518,SN52107027,2021-02-02,1761.36,standard,24,0,2021-12-27,2022-01-13,physical_damage,0,,True,True,INV-265488,True,True,True,True,True,False,0,False,False,Invalid Claim
CLM-000083,USR-5705,Electronics,Sony,Bravia X75,SN67318164,2021-04-29,1857.83,standard,24,0,2024-02-12,2024-03-02,software_malfunction,0,,True,True,INV-372273,True,True,True,True,True,False,0,False,False,Invalid Claim
CLM-000084,USR-1060,Power Tools,Makita,HP457,SN79173535,2022-03-01,2146.21,standard,18,0,2022-12-03,2022-12-16,physical_damage,0,,True,True,INV-601365,True,True,True,True,True,False,0,False,False,Invalid Claim
CLM-000085,USR-6785,Electronics,Apple,iPhone 13,SN79324022,2021-02-15,1644.1,standard,24,0,2023-07-19,2023-07-27,audio_fault,0,,True,True,INV-972600,True,True,True,True,True,False,0,False,False,Invalid Claim
CLM-000086,USR-7267,Home Appliances,Whirlpool,WM 2500,SN66718851,2020-03-30,646.28,standard,12,0,2020-08-12,2020-08-22,motor_failure,0,,True,False,INV-522253,True,True,True,True,True,False,0,False,False,Manual Review
CLM-000087,USR-6426,Home Appliances,IFB,Senorita SX,SN14242158,2024-02-21,548.11,standard,12,0,2024-08-20,2024-08-22,motor_failure,0,,True,True,INV-602577,True,True,False,True,False,False,0,False,False,Manual Review
CLM-000088,USR-9920,Electronics,HP,Pavilion 15,SN66925500,2022-07-26,1633.25,standard,24,0,2023-06-17,2023-07-02,overheating,0,,True,True,INV-340820,True,True,True,True,True,False,0,False,False,Valid Claim
CLM-000089,USR-9379,Home Appliances,Samsung,RT28 Refrigerator,SN91194302,2023-08-28,559.01,standard,12,0,2024-05-21,2024-05-28,motor_failure,0,,True,True,INV-431727,True,False,True,True,True,False,0,False,False,Manual Review
CLM-000090,USR-5624,Home Appliances,IFB,Senorita SX,SN56790372,2020-12-04,1844.97,standard,12,0,2022-02-06,2022-02-13,motor_failure,0,,True,True,INV-632623,True,True,True,True,True,False,0,False,False,Invalid Claim
CLM-000091,USR-2562,Home Appliances,Whirlpool,WM 2500,SN34800912,2022-03-20,2946.52,standard,12,0,2022-09-08,2022-09-09,water_leakage,0,,True,True,INV-439320,True,True,True,True,True,False,0,False,False,Valid Claim
CLM-000092,USR-6826,Power Tools,Stanley,SXD201,SN51935074,2022-06-21,1050.41,standard,18,0,2025-01-17,2025-02-04,motor_failure,0,,True,True,INV-847528,True,True,True,True,True,False,0,False,False,Invalid Claim
CLM-000093,USR-2826,Home Appliances,Godrej,WD 700,SN34451823,2022-06-09,1503.73,standard,12,0,2023-06-13,2023-06-21,cooling_failure,0,,True,True,INV-634299,True,True,True,True,True,False,0,False,False,Manual Review
CLM-000094,USR-3582,Home Appliances,Whirlpool,WM 2500,SN50831043,2020-03-22,2493.05,extended,12,24,2021-05-17,2021-05-21,control_panel_fault,0,,True,True,INV-732608,True,True,True,True,True,False,0,False,False,Valid Claim
CLM-000095,USR-3209,Home Appliances,Godrej,WD 700,SN18469210,2020-12-28,2170.85,standard,12,0,2021-07-11,2021-07-15,water_leakage,0,,True,True,INV-138780,True,True,True,True,True,False,0,False,False,Valid Claim
CLM-000096,USR-6879,Power Tools,Bosch,GSR 18V,SN11060092,2023-07-02,543.55,standard,18,0,2024-02-14,2023-06-20,battery_failure,0,,True,True,INV-450971,True,True,True,True,True,False,0,False,False,Manual Review
CLM-000097,USR-4012,Home Appliances,IFB,Senorita SX,SN13100576,2020-11-27,445.12,standard,12,0,2022-04-16,2022-04-28,motor_failure,0,,True,True,INV-794180,True,True,True,True,True,False,0,False,False,Invalid Claim
CLM-000098,USR-1911,Electronics,Lenovo,IdeaPad Slim 3,SN26349251,2022-02-28,955.78,standard,24,0,2023-01-07,2023-02-03,screen_defect,0,,True,True,INV-292984,True,True,True,True,True,False,2,False,False,Manual Review
CLM-000099,USR-4781,Home Appliances,IFB,Senorita SX,SN94338531,2022-10-04,2831.82,standard,12,0,2022-12-15,2022-12-29,physical_damage,0,,True,True,INV-204441,True,True,True,True,True,False,0,False,False,Invalid Claim
CLM-000100,USR-2281,Home Appliances,IFB,Senorita SX,SN80243759,2022-11-13,2678.55,standard,12,0,2024-07-23,2024-08-03,manufacturing_defect,0,,True,True,INV-357143,True,True,True,True,True,False,0,False,False,Invalid Claim
CLM-000101,USR-9743,Home Appliances,IFB,Senorita SX,SN97069904,2022-08-01,1129.04,standard,12,0,2023-06-04,2023-06-12,cooling_failure,0,,True,True,INV-477114,True,True,True,True,True,False,0,False,False,Valid Claim
CLM-000102,USR-5786,Home Appliances,Whirlpool,WM 2500,SN26948946,2020-04-10,1942.58,standard,12,0,2020-05-31,2020-06-10,water_leakage,0,,True,True,INV-207570,True,True,True,True,True,False,0,False,False,Valid Claim
CLM-000103,USR-4331,Home Appliances,LG,Fridge 340L,SN54327148,2021-05-26,1968.38,standard,12,0,2022-01-15,2022-01-17,water_leakage,0,,True,True,INV-988283,True,True,True,True,True,False,0,False,False,Valid Claim
CLM-000104,USR-4698,Home Appliances,Bosch,Serie 6 Washer,SN46728250,2020-10-15,108.8,standard,12,0,2021-06-10,2021-06-12,water_leakage,0,,True,True,INV-333020,True,False,True,True,True,False,0,False,False,Manual Review
CLM-000105,USR-9566,Home Appliances,Godrej,WD 700,SN96035199,2020-03-27,2014.62,standard,12,0,2020-11-26,2021-03-03,control_panel_fault,0,,True,True,INV-207786,True,True,True,True,True,False,0,False,False,Invalid Claim
CLM-000106,USR-4377,Power Tools,Stanley,SXD201,SN69349051,2023-01-22,724.27,standard,18,0,2024-01-08,2024-01-29,chuck_defect,0,,True,True,INV-313824,False,True,True,False,True,False,0,False,False,Manual Review
CLM-000107,USR-5694,Electronics,Dell,Inspiron 5518,SN72243750,2021-09-09,1924.6,standard,24,0,2024-08-21,2024-09-16,power_failure,0,,True,True,INV-275715,True,True,True,True,True,False,0,False,False,Invalid Claim
CLM-000108,USR-4144,Electronics,LG,OLED C3,SN93185576,2021-04-27,1617.25,standard,24,0,2022-04-08,2022-05-04,overheating,2,2021-07-06,True,True,INV-471658,True,True,True,True,True,True,0,False,False,Valid Claim
CLM-000109,USR-5060,Home Appliances,LG,Fridge 340L,SN98162850,2020-07-13,784.17,extended,12,12,2021-08-25,2021-09-07,drum_failure,0,,True,True,INV-955937,True,True,True,True,True,False,0,False,False,Valid Claim
CLM-000110,USR-9567,Electronics,Samsung,Galaxy S22,SN43282231,2022-06-22,794.5,standard,24,0,2024-06-25,2024-07-18,overheating,0,,True,True,INV-875354,True,True,True,True,True,False,0,False,False,Manual Review
CLM-000111,USR-5447,Home Appliances,Godrej,WD 700,SN58656970,2021-08-28,359.83,standard,12,0,2021-12-24,2021-12-25,liquid_damage,0,,True,True,INV-468710,True,True,True,True,True,False,0,False,False,Invalid Claim
CLM-000112,USR-9416,Electronics,Apple,iPhone 13,SN57417986,2020-09-19,2861.25,standard,24,0,2021-12-24,2021-12-30,screen_defect,0,,True,True,INV-619577,False,False,True,True,True,False,0,False,False,Manual Review
CLM-000113,USR-1408,Electronics,HP,Pavilion 15,SN64299436,2020-08-25,2798.72,standard,24,0,2022-02-18,2022-03-20,unauthorized_modification,0,,True,True,INV-252446,True,True,True,True,True,False,0,False,False,Invalid Claim
CLM-000114,USR-1292,Power Tools,Bosch,GSR 18V,SN96391469,2021-07-26,2367.25,standard,18,0,2022-05-12,2022-05-22,switch_fault,0,,True,False,INV-104872,True,True,True,True,True,False,0,False,False,Manual Review
CLM-000115,USR-3369,Power Tools,Stanley,SXD201,SN53450650,2023-06-05,2019.06,standard,18,0,2023-10-14,2023-10-29,chuck_defect,0,,True,True,INV-114875,True,True,True,False,True,False,0,False,False,Manual Review
CLM-000116,USR-7274,Power Tools,Stanley,SXD201,SN54313350,2023-08-02,1760.91,standard,18,0,2024-02-14,2024-03-05,switch_fault,1,2023-06-09,True,True,INV-734152,True,True,True,True,True,True,0,False,False,Manual Review
CLM-000117,USR-3979,Home Appliances,Samsung,RT28 Refrigerator,SN93646063,2020-10-08,2006.17,standard,12,0,2022-10-25,2022-11-05,cooling_failure,0,,True,True,INV-275868,True,True,True,True,True,False,0,False,False,Invalid Claim
CLM-000118,USR-3094,Electronics,LG,OLED C3,SN35730441,2020-03-19,1301.18,standard,24,0,2021-12-25,2022-01-06,audio_fault,0,,True,True,INV-364792,False,False,True,True,True,False,0,False,False,Manual Review
CLM-000119,USR-4443,Electronics,HP,Pavilion 15,SN67698610,2021-07-30,2374.42,standard,24,0,2022-09-05,2022-09-20,battery_failure,0,,True,True,INV-786508,True,True,True,True,True,False,0,False,False,Valid Claim
CLM-000120,USR-8041,Home Appliances,Samsung,RT28 Refrigerator,SN24968484,2020-01-09,2182.35,standard,12,0,2021-01-15,2021-01-19,water_leakage,0,,True,True,INV-915158,True,True,True,True,True,False,0,False,False,Manual Review
CLM-000121,USR-3270,Electronics,Samsung,Galaxy S22,SN39495837,2021-10-21,323.65,standard,24,0,2022-10-03,2022-10-12,audio_fault,0,,True,False,INV-232729,True,True,True,True,True,False,0,False,False,Manual Review
CLM-000122,USR-5222,Home Appliances,Bosch,Serie 6 Washer,SN56189726,2021-12-27,137.92,standard,12,0,2023-12-21,2023-12-31,manufacturing_defect,0,,True,True,INV-468145,True,True,True,True,True,False,0,False,False,Invalid Claim
CLM-000123,USR-6727,Electronics,LG,OLED C3,SN22559810,2020-08-30,674.9,standard,24,0,2021-05-02,2021-05-26,software_malfunction,2,2021-02-20,False,True,INV-289430,True,True,True,True,True,True,0,False,False,Invalid Claim
CLM-000124,USR-6805,Electronics,Dell,Inspiron 5518,SN27106450,2022-05-03,1254.77,standard,24,0,2023-05-11,2023-05-15,battery_failure,0,,True,True,INV-353162,True,True,True,True,True,False,2,False,False,Manual Review
CLM-000125,USR-4752,Power Tools,Makita,HP457,SN14308421,2020-04-13,2430.73,standard,18,0,2020-07-09,2020-07-16,battery_failure,0,,True,True,INV-380746,True,True,True,True,True,False,0,False,False,Valid Claim
CLM-000126,USR-3415,Power Tools,Stanley,SXD201,SN26143959,2022-11-13,2851.82,extended,18,12,2024-08-21,2024-08-28,battery_failure,0,,True,True,INV-281276,True,True,True,True,True,False,0,False,False,Valid Claim
CLM-000127,USR-9115,Power Tools,DeWalt,DCD771,SN28307667,2023-02-14,732.75,standard,18,0,2024-02-24,2024-03-05,motor_failure,0,,True,True,INV-415508,True,True,True,True,True,False,1,False,False,Manual Review
CLM-000128,USR-5534,Electronics,Dell,Inspiron 5518,SN18625158,2020-09-01,1079.08,standard,24,0,2022-03-17,2022-04-02,battery_failure,0,,True,True,INV-346184,False,True,True,True,True,False,0,False,False,Manual Review
CLM-000129,USR-4811,Power Tools,Stanley,SXD201,SN12847211,2020-01-17,1879.74,standard,18,0,2020-07-10,2020-10-06,manufacturing_defect,0,,True,True,INV-423851,True,True,True,True,True,False,0,False,False,Invalid Claim
CLM-000130,USR-3159,Electronics,Lenovo,IdeaPad Slim 3,SN36652012,2021-07-21,1933.54,standard,24,0,2022-05-09,2022-05-10,manufacturing_defect,0,,True,True,INV-641386,True,True,True,True,True,False,2,True,False,Manual Review
CLM-000131,USR-7843,Home Appliances,Godrej,WD 700,SN48858073,2023-07-24,416.31,standard,12,0,2023-12-03,2023-12-16,manufacturing_defect,0,,True,True,INV-440544,True,True,True,True,True,False,0,False,False,Valid Claim
CLM-000132,USR-8212,Power Tools,Bosch,GSR 18V,SN71839874,2021-12-01,1754.17,standard,18,0,2021-12-14,2022-01-04,switch_fault,0,,True,True,INV-139086,True,True,True,True,True,False,0,False,False,Manual Review
CLM-000133,USR-3149,Electronics,Xiaomi,Redmi Note 12,SN38345472,2021-03-24,2223.5,standard,24,0,2023-03-24,2023-03-30,battery_failure,0,,True,True,INV-629146,True,True,True,True,True,False,0,False,False,Valid Claim
CLM-000134,USR-4673,Electronics,Samsung,Galaxy S22,SN28598824,2023-06-10,1860.34,standard,24,0,2025-06-20,2025-07-09,battery_failure,0,,True,True,INV-184416,True,True,True,True,True,False,0,False,False,Manual Review
CLM-000135,USR-3553,Power Tools,Stanley,SXD201,SN74693042,2022-05-26,137.85,standard,18,0,2023-09-29,2023-10-02,battery_failure,0,,True,True,INV-548158,True,True,True,True,True,False,0,False,True,Invalid Claim
CLM-000136,USR-3429,Electronics,Samsung,Galaxy S22,SN17390556,2020-06-27,1987.57,standard,24,0,2022-08-02,2022-08-24,manufacturing_defect,0,,True,True,INV-252436,True,True,True,True,True,False,0,False,False,Invalid Claim
CLM-000137,USR-6304,Home Appliances,LG,Fridge 340L,SN12118101,2023-04-09,588.8,standard,12,0,2023-12-25,2024-01-03,manufacturing_defect,0,,True,True,INV-232915,True,True,True,True,True,False,0,False,False,Valid Claim
CLM-000138,USR-8436,Electronics,HP,Pavilion 15,SN15496631,2020-01-21,714.59,standard,24,0,2020-08-07,2020-08-09,overheating,0,,True,False,INV-721880,True,True,True,True,True,False,0,False,False,Manual Review
CLM-000139,USR-3813,Home Appliances,Whirlpool,WM 2500,SN98020116,2020-01-17,1473.19,standard,12,0,2020-11-06,2020-11-11,control_panel_fault,1,2020-09-05,False,True,INV-524769,True,True,True,True,True,True,0,False,False,Invalid Claim
CLM-000140,USR-4539,Power Tools,Black+Decker,CD701,SN86092056,2020-02-11,607.75,standard,18,0,2020-02-21,2020-03-06,chuck_defect,0,,True,True,INV-203603,True,True,True,True,True,False,0,False,False,Manual Review
CLM-000141,USR-1721,Power Tools,DeWalt,DCD771,SN65791626,2020-11-27,1576.5,standard,18,0,2021-11-03,2022-01-16,chuck_defect,0,,True,True,INV-438354,True,True,True,True,True,False,0,False,False,Invalid Claim
CLM-000142,USR-9044,Home Appliances,Godrej,WD 700,SN87293208,2023-11-13,2363.37,standard,12,0,2024-05-19,2024-06-02,cooling_failure,1,2024-03-15,True,True,INV-494322,True,True,True,True,True,True,0,False,False,Valid Claim
CLM-000143,USR-1947,Power Tools,DeWalt,DCD771,SN94772931,2023-03-11,2941.74,standard,18,0,2023-12-05,2023-12-18,switch_fault,2,2023-10-11,False,True,INV-410089,True,True,True,True,True,True,0,False,False,Invalid Claim
CLM-000144,USR-2375,Power Tools,DeWalt,DCD771,SN33163997,2021-06-19,1374.72,standard,18,0,2021-11-21,2021-12-08,chuck_defect,1,2021-05-05,True,True,INV-738088,True,True,True,True,True,True,0,False,False,Manual Review
CLM-000145,USR-6527,Power Tools,DeWalt,DCD771,SN71024383,2023-05-29,2791.53,standard,18,0,2023-06-11,2023-06-26,switch_fault,0,,True,True,INV-972174,True,True,True,True,True,False,0,False,False,Manual Review
CLM-000146,USR-8547,Electronics,HP,Pavilion 15,SN88908503,2023-05-21,1308.63,standard,24,0,2025-05-30,2025-06-12,battery_failure,0,,True,True,INV-444721,True,True,True,True,True,False,0,False,False,Manual Review
CLM-000147,USR-2514,Home Appliances,LG,Fridge 340L,SN67516899,2020-04-09,1078.7,standard,12,0,2020-09-02,2020-09-08,cooling_failure,0,,True,True,INV-272525,True,False,True,True,False,False,0,False,False,Manual Review
CLM-000148,USR-9381,Electronics,Lenovo,IdeaPad Slim 3,SN17522583,2021-10-01,2732.67,standard,24,0,2022-05-13,2022-06-05,wear_and_tear,0,,True,True,INV-516869,True,True,True,True,True,False,0,False,False,Invalid Claim
CLM-000149,USR-4298,Home Appliances,Samsung,RT28 Refrigerator,SN49571601,2021-04-30,1742.74,standard,12,0,2021-12-01,2021-12-02,water_leakage,1,2021-11-07,False,True,INV-153395,True,True,True,True,True,True,0,False,False,Invalid Claim
CLM-000150,USR-9740,Power Tools,Bosch,GSR 18V,SN60292051,2022-09-20,2122.88,standard,18,0,2023-08-19,2023-09-02,improper_use,0,,True,True,INV-431863,True,True,True,True,True,False,0,False,False,Invalid Claim
CLM-000151,USR-8454,Electronics,Dell,Inspiron 5518,SN48285503,2021-06-16,1315.18,standard,24,0,2023-03-20,2023-04-11,audio_fault,0,,True,True,INV-921414,True,True,True,True,True,False,0,False,False,Valid Claim
CLM-000152,USR-9788,Power Tools,Bosch,GSR 18V,SN81147161,2022-03-06,1506.6,standard,18,0,2023-02-22,2023-03-12,switch_fault,0,,True,True,INV-977809,False,True,True,True,True,False,0,False,False,Manual Review
CLM-000153,USR-8863,Power Tools,Bosch,GSR 18V,SN67975205,2020-02-16,2439.53,standard,18,0,2021-02-24,2021-05-25,switch_fault,0,,True,True,INV-935946,True,True,True,True,True,False,0,False,False,Invalid Claim
CLM-000154,USR-9109,Power Tools,Stanley,SXD201,SN64913082,2023-08-19,2079.31,standard,18,0,2024-12-16,2024-12-31,battery_failure,2,2023-12-12,True,True,INV-844638,True,True,True,True,True,True,0,False,False,Valid Claim
CLM-000155,USR-3317,Electronics,Sony,Bravia X75,SN56453084,2021-09-14,1419.44,standard,24,0,2021-08-19,2021-12-18,power_failure,0,,True,True,INV-582961,True,True,True,True,True,False,0,False,False,Manual Review
CLM-000156,USR-6777,Home Appliances,IFB,Senorita SX,SN50417525,2020-01-17,2153.66,standard,12,0,2020-11-04,2020-11-06,drum_failure,0,,True,False,INV-912149,True,True,True,True,True,False,0,False,False,Manual Review
CLM-000157,USR-2899,Home Appliances,Bosch,Serie 6 Washer,SN64247457,2021-10-13,2605.54,standard,12,0,2022-08-31,2022-09-08,manufacturing_defect,0,,True,True,INV-789606,True,True,True,True,True,False,0,False,False,Valid Claim
CLM-000158,USR-2868,Power Tools,Makita,HP457,SN23077775,2022-07-04,2297.21,standard,18,0,2024-01-04,2024-01-15,motor_failure,0,,True,True,INV-102303,True,True,True,True,True,False,0,False,False,Valid Claim
CLM-000159,USR-8136,Power Tools,Black+Decker,CD701,SN89520597,2022-07-30,863.71,standard,18,0,2022-11-05,2022-11-14,motor_failure,0,,True,True,INV-971084,True,True,True,True,True,False,0,False,False,Valid Claim
CLM-000160,USR-5462,Power Tools,Stanley,SXD201,SN47816686,2020-11-03,1846.1,standard,18,0,2021-12-13,2022-01-03,chuck_defect,0,,True,True,INV-313487,True,True,True,True,True,False,0,False,False,Valid Claim
CLM-000161,USR-9381,Electronics,Apple,iPhone 13,SN94458947,2022-03-18,1976.92,standard,24,0,2024-03-20,2024-03-24,screen_defect,0,,True,True,INV-925673,True,True,True,True,True,False,0,False,False,Manual Review
CLM-000162,USR-3497,Power Tools,DeWalt,DCD771,SN23821242,2020-05-27,2213.52,standard,18,0,2020-12-01,2020-05-18,chuck_defect,0,,True,True,INV-286987,True,True,True,True,True,False,0,False,False,Manual Review
CLM-000163,USR-9179,Power Tools,Makita,HP457,SN63100814,2021-02-28,2663.27,standard,18,0,2021-09-05,2021-09-10,battery_failure,0,,True,True,INV-249811,True,True,True,True,True,False,0,False,False,Valid Claim
CLM-000164,USR-2870,Electronics,Sony,Bravia X75,SN76725470,2020-07-25,1817.33,standard,24,0,2020-12-09,2021-01-04,physical_damage,0,,True,True,INV-331287,True,True,True,True,True,False,0,False,False,Invalid Claim
CLM-000165,USR-7329,Power Tools,Makita,HP457,SN77680031,2020-05-19,1395.03,standard,18,0,2021-09-07,2021-09-27,switch_fault,0,,True,True,INV-393308,True,True,True,True,True,False,0,False,False,Valid Claim
CLM-000166,USR-3485,Electronics,HP,Pavilion 15,SN55873760,2020-08-07,2699.75,standard,24,0,2022-10-10,2022-11-03,audio_fault,0,,True,True,INV-243928,True,True,True,True,True,False,0,False,False,Invalid Claim
CLM-000167,USR-8170,Power Tools,Bosch,GSR 18V,SN61192463,2021-07-19,1233.73,standard,18,0,2021-11-30,2021-12-21,manufacturing_defect,0,,True,True,INV-597012,True,True,True,True,True,False,0,False,False,Valid Claim
CLM-000168,USR-3873,Electronics,Lenovo,IdeaPad Slim 3,SN45064728,2021-01-02,2364.98,standard,24,0,2023-04-24,2023-05-20,power_failure,0,,True,True,INV-608473,True,True,True,True,True,False,0,False,False,Invalid Claim
CLM-000169,USR-9990,Home Appliances,Whirlpool,WM 2500,SN72653244,2021-08-29,570.71,standard,12,0,2022-06-16,2022-06-27,water_leakage,0,,True,True,INV-221297,True,False,True,True,True,False,0,False,False,Manual Review
CLM-000170,USR-2363,Electronics,Dell,Inspiron 5518,SN23949034,2021-06-09,846.36,standard,24,0,2024-05-29,2024-06-28,power_failure,0,,True,True,INV-188406,True,True,True,True,True,False,0,False,False,Invalid Claim
CLM-000171,USR-6638,Electronics,LG,OLED C3,SN77108989,2020-11-03,119.85,standard,24,0,2021-03-09,2021-03-31,audio_fault,0,,True,True,INV-347993,False,False,True,True,True,False,0,False,False,Manual Review
CLM-000172,USR-9351,Home Appliances,Godrej,WD 700,SN40190270,2023-09-20,147.24,standard,12,0,2024-07-06,2024-07-11,drum_failure,0,,True,True,INV-700446,True,False,True,True,True,False,0,False,False,Manual Review
CLM-000173,USR-5916,Home Appliances,Whirlpool,WM 2500,SN91809287,2023-10-23,694.05,standard,12,0,2024-10-26,2024-10-29,control_panel_fault,0,,True,True,INV-262107,True,True,True,True,True,False,0,False,False,Manual Review
CLM-000174,USR-6927,Home Appliances,Whirlpool,WM 2500,SN87989327,2023-04-30,1483.02,standard,12,0,2024-02-12,2024-02-24,physical_damage,0,,True,True,INV-370439,True,True,True,True,True,False,0,False,False,Invalid Claim
CLM-000175,USR-8111,Home Appliances,Godrej,WD 700,SN67384680,2023-06-15,2365.23,standard,12,0,2023-08-28,2023-09-10,control_panel_fault,0,,True,True,INV-888949,True,True,True,True,True,False,1,False,False,Manual Review
CLM-000176,USR-2612,Power Tools,Bosch,GSR 18V,SN95060193,2022-05-27,2135.36,standard,18,0,2022-10-13,2022-10-23,manufacturing_defect,0,,True,True,INV-565230,True,True,True,True,True,False,0,False,False,Valid Claim
CLM-000177,USR-2386,Power Tools,Stanley,SXD201,SN81611045,2022-06-17,1852.02,standard,18,0,2022-09-02,2022-09-18,battery_failure,1,2022-08-07,False,True,INV-717499,True,True,True,True,True,True,0,False,False,Invalid Claim
CLM-000178,USR-4164,Power Tools,Makita,HP457,SN33554528,2021-08-16,1863.99,standard,18,0,2022-05-15,2022-06-01,battery_failure,0,,True,True,INV-967161,True,True,True,True,True,False,0,False,False,Valid Claim
CLM-000179,USR-5922,Power Tools,Stanley,SXD201,SN53038948,2020-09-24,1841.38,standard,18,0,2021-04-26,2021-05-02,motor_failure,2,2021-01-13,True,True,INV-602278,True,True,True,True,True,True,0,False,False,Valid Claim
CLM-000180,USR-8932,Power Tools,Black+Decker,CD701,SN13879756,2020-05-03,1269.88,standard,18,0,2020-11-10,2020-12-31,motor_failure,0,,True,True,INV-119527,True,True,True,True,True,False,0,False,False,Invalid Claim
CLM-000181,USR-8360,Electronics,HP,Pavilion 15,SN80720244,2023-01-09,590.86,standard,24,0,2024-02-25,2024-03-09,audio_fault,0,,True,False,INV-465790,True,True,True,True,True,False,0,False,False,Manual Review
CLM-000182,USR-7370,Power Tools,Black+Decker,CD701,SN51056878,2023-05-22,1533.03,standard,18,0,2023-06-13,2023-06-15,chuck_defect,0,,True,True,INV-908287,True,True,True,True,True,False,0,False,False,Manual Review
CLM-000183,USR-6769,Power Tools,Makita,HP457,SN91359046,2022-11-25,1651.57,standard,18,0,2023-03-09,2023-03-11,motor_failure,0,,True,True,INV-821347,False,True,True,True,True,False,0,False,False,Manual Review
CLM-000184,USR-2917,Power Tools,Makita,HP457,SN78892172,2021-11-16,2873.59,standard,18,0,2024-03-10,2024-03-19,switch_fault,0,,True,True,INV-952646,True,True,True,True,True,False,0,False,False,Invalid Claim
CLM-000185,USR-6542,Power Tools,Bosch,GSR 18V,SN52252354,2020-06-11,1252.82,standard,18,0,2020-09-04,2020-09-17,motor_failure,1,2020-08-22,False,True,INV-555157,True,True,True,True,True,True,0,False,False,Invalid Claim
CLM-000186,USR-6867,Power Tools,DeWalt,DCD771,SN35039011,2022-07-07,779.99,standard,18,0,2022-12-07,2022-12-25,motor_failure,0,,True,False,INV-411345,True,True,True,True,True,False,0,False,False,Manual Review
CLM-000187,USR-7139,Home Appliances,Bosch,Serie 6 Washer,SN73174275,2022-04-04,2832.04,standard,12,0,2022-06-03,2022-06-06,cooling_failure,0,,True,True,INV-752126,True,True,True,True,True,False,2,True,False,Manual Review
CLM-000188,USR-3421,Power Tools,DeWalt,DCD771,SN62425387,2021-10-06,1384.35,standard,18,0,2022-01-02,2022-01-06,battery_failure,0,,True,True,INV-954222,True,True,True,False,False,False,0,False,False,Manual Review
CLM-000189,USR-7704,Home Appliances,LG,Fridge 340L,SN24356130,2023-12-28,822.52,standard,12,0,2024-12-28,2024-12-30,motor_failure,0,,True,True,INV-296653,True,True,True,True,True,False,0,False,False,Valid Claim
CLM-000190,USR-4585,Power Tools,Bosch,GSR 18V,SN14313313,2021-08-07,1461.68,standard,18,0,2022-11-19,2022-12-10,chuck_defect,0,,True,False,INV-360810,True,True,True,True,True,False,0,False,False,Manual Review
CLM-000191,USR-4669,Power Tools,Stanley,SXD201,SN99904987,2023-03-15,2629.58,standard,18,0,2024-09-15,2024-10-05,switch_fault,0,,True,True,INV-648513,True,True,True,True,True,False,0,False,False,Valid Claim
CLM-000192,USR-8564,Power Tools,Black+Decker,CD701,SN34391257,2020-09-23,226.83,standard,18,0,2021-03-04,2021-03-19,battery_failure,0,,True,True,INV-443254,True,True,True,True,True,False,0,False,False,Valid Claim
CLM-000193,USR-3713,Electronics,LG,OLED C3,SN40868838,2021-03-15,305.1,standard,24,0,2023-07-21,2023-07-26,audio_fault,0,,True,True,INV-394450,True,True,True,True,True,False,0,False,False,Invalid Claim
CLM-000194,USR-2867,Electronics,Sony,Bravia X75,SN24262473,2021-07-21,1533.4,standard,24,0,2023-07-21,2023-08-15,battery_failure,0,,True,True,INV-309452,True,True,True,True,True,False,0,False,False,Valid Claim
CLM-000195,USR-7084,Electronics,Xiaomi,Redmi Note 12,SN65830504,2021-10-18,288.47,standard,24,0,2022-05-25,2022-05-26,screen_defect,0,,True,True,INV-396835,True,True,True,True,True,False,2,False,False,Manual Review
CLM-000196,USR-6567,Home Appliances,Godrej,WD 700,SN84424395,2020-12-11,798.22,standard,12,0,2021-04-25,2021-07-20,motor_failure,0,,True,True,INV-122536,True,True,True,True,True,False,0,False,False,Invalid Claim
CLM-000197,USR-3108,Power Tools,Stanley,SXD201,SN22976369,2020-08-20,1230.2,standard,18,0,2021-04-18,2021-04-23,chuck_defect,0,,True,True,INV-684929,True,True,True,True,True,False,0,False,False,Valid Claim
CLM-000198,USR-9992,Electronics,Sony,Bravia X75,SN37430524,2020-12-10,770.03,standard,24,0,2022-06-14,2022-06-24,manufacturing_defect,0,,True,True,INV-546944,True,True,True,True,True,False,0,False,True,Invalid Claim
CLM-000199,USR-3361,Home Appliances,Whirlpool,WM 2500,SN65026398,2024-01-08,2623.12,standard,12,0,2024-10-19,2024-11-01,motor_failure,0,,True,True,INV-178463,True,True,True,True,True,False,0,False,False,Valid Claim
CLM-000200,USR-1618,Home Appliances,IFB,Senorita SX,SN81643088,2019-12-30,662.29,standard,12,0,2020-12-30,2021-01-05,cooling_failure,0,,True,True,INV-114760,True,True,True,True,True,False,0,False,False,Valid Claim
CLM-000201,USR-3787,Home Appliances,Whirlpool,WM 2500,SN60393104,2021-11-20,549.84,extended,12,12,2023-01-21,2023-01-27,manufacturing_defect,0,,True,True,INV-673619,True,True,True,True,True,False,0,False,False,Valid Claim
CLM-000202,USR-5689,Electronics,Samsung,Galaxy S22,SN40885967,2022-10-03,1852.63,standard,24,0,2023-06-27,2023-07-17,software_malfunction,0,,True,True,INV-329642,True,True,True,True,True,False,0,False,False,Valid Claim
CLM-000203,USR-5428,Electronics,Lenovo,IdeaPad Slim 3,SN47308143,2020-02-28,1797.66,standard,24,0,2020-08-05,2020-08-07,software_malfunction,0,,True,True,INV-967359,True,True,True,True,True,False,2,False,False,Manual Review
CLM-000204,USR-3496,Power Tools,Stanley,SXD201,SN86088145,2020-05-22,1913.15,standard,18,0,2021-08-31,2021-09-01,battery_failure,0,,True,True,INV-202137,True,True,True,False,True,False,0,False,False,Manual Review
CLM-000205,USR-5941,Power Tools,Bosch,GSR 18V,SN71477426,2022-11-22,1958.55,standard,18,0,2023-09-17,2023-09-30,manufacturing_defect,0,,True,True,INV-163780,True,True,True,True,True,False,0,False,False,Valid Claim
CLM-000206,USR-5699,Power Tools,Makita,HP457,SN75063411,2020-02-14,320.93,standard,18,0,2022-01-08,2022-01-17,switch_fault,0,,True,True,INV-180595,True,True,True,True,True,False,0,False,False,Invalid Claim
CLM-000207,USR-4129,Electronics,Samsung,Galaxy S22,SN50113698,2022-02-14,2111.98,standard,24,0,2023-04-30,2023-05-16,liquid_damage,0,,True,True,INV-761249,True,True,True,True,True,False,0,False,False,Invalid Claim
CLM-000208,USR-8944,Power Tools,Makita,HP457,SN65296966,2022-01-22,1073.71,standard,18,0,2022-07-06,2022-07-11,wear_and_tear,0,,True,True,INV-207392,True,True,True,True,True,False,0,False,False,Invalid Claim
CLM-000209,USR-4372,Power Tools,Stanley,SXD201,SN69509638,2020-10-26,495.83,standard,18,0,2021-06-04,2021-06-05,chuck_defect,5,2020-12-25,True,True,INV-897530,True,True,True,True,True,True,0,False,False,Manual Review
CLM-000210,USR-2374,Power Tools,Bosch,GSR 18V,SN31516757,2021-07-26,876.55,standard,18,0,2022-11-17,2022-12-01,switch_fault,0,,True,True,INV-254506,True,True,True,True,True,False,0,False,False,Valid Claim
CLM-000211,USR-3808,Power Tools,Makita,HP457,SN24000677,2020-06-28,2050.67,standard,18,0,2021-10-18,2022-03-18,motor_failure,0,,True,True,INV-133616,True,True,True,True,True,False,0,False,False,Invalid Claim
CLM-000212,USR-4706,Power Tools,Bosch,GSR 18V,SN43644452,2021-05-15,619.11,standard,18,0,2022-07-06,2022-07-21,chuck_defect,5,2022-04-12,True,True,INV-444589,True,True,True,True,True,True,0,False,False,Manual Review
CLM-000213,USR-5111,Home Appliances,IFB,Senorita SX,SN85448945,2021-08-26,2586.83,standard,12,0,2022-10-27,2022-11-08,manufacturing_defect,0,,True,True,INV-517754,True,True,True,True,True,False,0,False,False,Invalid Claim
CLM-000214,USR-5566,Home Appliances,Bosch,Serie 6 Washer,SN43502308,2023-08-12,2884.72,standard,12,0,2023-12-30,2024-01-07,manufacturing_defect,0,,True,True,INV-871411,True,True,True,True,True,False,0,False,False,Valid Claim
CLM-000215,USR-5352,Electronics,Xiaomi,Redmi Note 12,SN29090631,2020-10-21,288.52,standard,24,0,2021-11-12,2021-12-02,power_failure,0,,True,True,INV-931131,True,True,True,True,True,False,0,False,False,Valid Claim
CLM-000216,USR-5295,Home Appliances,Bosch,Serie 6 Washer,SN88458327,2023-09-28,1192.59,standard,12,0,2024-01-06,2024-01-17,control_panel_fault,0,,True,True,INV-489518,True,True,True,True,True,False,0,False,False,Valid Claim
CLM-000217,USR-3374,Power Tools,DeWalt,DCD771,SN58720768,2021-07-11,1467.65,standard,18,0,2022-02-07,2022-02-08,physical_damage,0,,True,True,INV-961264,True,True,True,True,True,False,0,False,False,Invalid Claim
CLM-000218,USR-2654,Home Appliances,Whirlpool,WM 2500,SN61019678,2021-04-10,891.68,standard,12,0,2021-11-27,2021-11-30,control_panel_fault,0,,True,True,INV-974628,True,True,True,True,True,False,0,False,False,Valid Claim
CLM-000219,USR-1076,Home Appliances,Whirlpool,WM 2500,SN16531664,2023-04-29,2335.44,standard,12,0,2023-12-21,2024-02-29,motor_failure,0,,True,True,INV-361829,True,True,True,True,True,False,0,False,False,Invalid Claim
CLM-000220,USR-3514,Power Tools,Bosch,GSR 18V,SN69144114,2021-07-02,1125.61,standard,18,0,2021-09-11,2021-12-01,motor_failure,0,,True,True,INV-849115,True,True,True,True,True,False,0,False,False,Invalid Claim
CLM-000221,USR-4946,Electronics,Samsung,Galaxy S22,SN63236763,2020-08-20,1506.79,standard,24,0,2021-04-26,2021-05-17,audio_fault,0,,True,True,INV-725114,False,True,True,True,False,False,0,False,False,Manual Review
CLM-000222,USR-5351,Power Tools,Makita,HP457,SN63121477,2021-04-22,462.16,standard,18,0,2021-11-23,2021-11-26,chuck_defect,0,,True,True,INV-579434,True,True,True,True,True,False,0,False,False,Valid Claim
CLM-000223,USR-6739,Electronics,Xiaomi,Redmi Note 12,SN83734610,2021-06-28,1009.98,standard,24,0,2023-12-10,2023-12-29,power_failure,0,,True,True,INV-838568,True,True,True,True,True,False,0,False,False,Invalid Claim
CLM-000224,USR-5657,Electronics,Apple,iPhone 13,SN26373347,2020-02-12,1230.98,standard,24,0,2021-03-22,2021-03-27,battery_failure,1,2020-04-23,False,True,INV-211222,True,True,True,True,True,True,0,False,False,Invalid Claim
CLM-000225,USR-2848,Electronics,Xiaomi,Redmi Note 12,SN52181984,2022-04-03,440.96,standard,24,0,2022-11-01,2022-11-17,unauthorized_modification,0,,True,True,INV-644973,True,True,True,True,True,False,0,False,False,Invalid Claim
CLM-000226,USR-2111,Power Tools,DeWalt,DCD771,SN84804948,2021-10-01,1636.25,standard,18,0,2023-09-15,2023-09-20,manufacturing_defect,0,,True,True,INV-293079,True,True,True,True,True,False,0,False,False,Invalid Claim
CLM-000227,USR-7486,Electronics,Lenovo,IdeaPad Slim 3,SN39339153,2021-04-14,973.52,standard,24,0,2021-12-03,2022-04-12,screen_defect,0,,True,True,INV-699125,True,True,True,True,True,False,0,False,False,Invalid Claim
CLM-000228,USR-6417,Home Appliances,LG,Fridge 340L,SN31809610,2020-08-07,2214.87,standard,12,0,2020-12-25,2020-12-26,control_panel_fault,0,,True,True,INV-369761,True,True,True,True,True,False,0,False,False,Valid Claim
CLM-000229,USR-8994,Home Appliances,Godrej,WD 700,SN82613940,2023-12-31,184.83,standard,12,0,2024-07-10,2024-07-14,manufacturing_defect,0,,True,True,INV-346174,True,True,True,True,True,False,0,False,False,Valid Claim
CLM-000230,USR-9548,Electronics,Sony,Bravia X75,SN75661110,2022-04-12,2597.62,standard,24,0,2023-10-21,2023-11-17,wear_and_tear,0,,True,True,INV-720317,True,True,True,True,True,False,0,False,False,Invalid Claim
CLM-000231,USR-6198,Electronics,Lenovo,IdeaPad Slim 3,SN69401199,2022-12-12,1868.94,standard,24,0,2024-05-04,2024-05-31,audio_fault,0,,True,True,INV-629298,True,True,True,True,True,False,0,False,False,Valid Claim
CLM-000232,USR-6021,Home Appliances,Samsung,RT28 Refrigerator,SN33050166,2020-09-16,2384.66,standard,12,0,2021-05-09,2021-05-14,physical_damage,0,,True,True,INV-607765,True,True,True,True,True,False,0,False,False,Invalid Claim
CLM-000233,USR-3155,Power Tools,DeWalt,DCD771,SN37226295,2020-08-17,90.32,standard,18,0,2022-10-14,2022-10-30,chuck_defect,0,,True,True,INV-112800,True,True,True,True,True,False,0,False,False,Invalid Claim
CLM-000234,USR-5467,Home Appliances,LG,Fridge 340L,SN58474537,2020-04-07,1304.98,standard,12,0,2020-10-17,2020-10-22,commercial_use,0,,True,True,INV-151081,True,True,True,True,True,False,0,False,False,Invalid Claim
CLM-000235,USR-1323,Power Tools,Bosch,GSR 18V,SN16473999,2020-07-29,2094.07,standard,18,0,2022-01-29,2022-02-11,battery_failure,0,,True,True,INV-565897,True,True,True,True,True,False,0,False,False,Valid Claim
CLM-000236,USR-7581,Home Appliances,Godrej,WD 700,SN66701227,2023-09-23,2332.37,standard,12,0,2024-03-18,2023-08-15,cooling_failure,0,,True,True,INV-545625,True,True,True,True,True,False,0,False,False,Manual Review
CLM-000237,USR-8758,Home Appliances,Samsung,RT28 Refrigerator,SN54971462,2022-01-22,2544.97,standard,12,0,2022-06-07,2022-06-14,cooling_failure,1,2021-08-02,True,True,INV-217096,True,True,True,True,True,True,0,False,False,Manual Review
CLM-000238,USR-5320,Power Tools,Stanley,SXD201,SN88423925,2022-03-08,1536.58,standard,18,0,2023-04-18,2023-05-04,battery_failure,2,2022-06-29,False,True,INV-561457,True,True,True,True,True,True,0,False,False,Invalid Claim
CLM-000239,USR-9785,Power Tools,Stanley,SXD201,SN54446182,2022-03-18,2822.57,standard,18,0,2022-08-10,2022-08-29,manufacturing_defect,0,,True,True,INV-373903,True,True,True,True,True,False,0,False,False,Valid Claim
CLM-000240,USR-1388,Home Appliances,LG,Fridge 340L,SN93134088,2020-02-28,348.47,standard,12,0,2020-08-02,2020-08-12,physical_damage,0,,True,True,INV-788500,True,True,True,True,True,False,0,False,False,Invalid Claim
CLM-000241,USR-7484,Home Appliances,Samsung,RT28 Refrigerator,SN42626898,2020-08-22,106.08,standard,12,0,2022-08-22,2022-08-30,manufacturing_defect,0,,True,True,INV-709303,True,True,True,True,True,False,0,False,False,Invalid Claim
CLM-000242,USR-1144,Power Tools,Stanley,SXD201,SN25397719,2022-08-19,2033.3,standard,18,0,2023-09-05,2023-09-26,battery_failure,0,,True,True,INV-352023,True,True,True,True,True,False,0,False,False,Valid Claim
CLM-000243,USR-1745,Home Appliances,Samsung,RT28 Refrigerator,SN10719539,2023-09-24,820.68,standard,12,0,2024-04-10,2024-04-17,improper_installation,0,,True,True,INV-499442,True,True,True,True,True,False,0,False,False,Invalid Claim
CLM-000244,USR-6710,Home Appliances,LG,Fridge 340L,SN84020689,2020-06-26,1983.62,standard,12,0,2021-04-20,2021-04-27,water_leakage,0,,True,False,INV-881393,True,True,True,True,True,False,0,False,False,Manual Review
CLM-000245,USR-8923,Power Tools,Black+Decker,CD701,SN42651583,2022-01-31,2291.82,standard,18,0,2024-03-27,2024-04-15,battery_failure,0,,True,True,INV-814703,True,True,True,True,True,False,0,False,False,Invalid Claim
CLM-000246,USR-6971,Home Appliances,Bosch,Serie 6 Washer,SN67491018,2021-08-24,2685.2,standard,12,0,2022-02-22,2022-02-24,drum_failure,0,,True,True,INV-950965,False,True,True,True,False,False,0,False,False,Manual Review
CLM-000247,USR-1493,Electronics,Lenovo,IdeaPad Slim 3,SN60291405,2022-06-29,485.73,standard,24,0,2023-07-19,2023-08-25,overheating,0,,True,True,INV-234580,True,True,True,True,True,False,0,False,False,Invalid Claim
CLM-000248,USR-7268,Home Appliances,IFB,Senorita SX,SN61628627,2020-01-28,1376.54,standard,12,0,2020-09-23,2020-09-26,motor_failure,0,,True,True,INV-315723,True,True,True,True,True,False,2,False,False,Manual Review
CLM-000249,USR-7604,Home Appliances,Godrej,WD 700,SN52698007,2020-12-10,1590.45,standard,12,0,2021-03-15,2021-03-27,water_leakage,0,,True,False,INV-342189,True,True,True,True,True,False,0,False,False,Manual Review
CLM-000250,USR-7824,Electronics,Samsung,Galaxy S22,SN82670169,2021-08-12,2800.63,standard,24,0,2022-12-28,2023-01-12,liquid_damage,0,,True,True,INV-463541,True,True,True,True,True,False,0,False,False,Invalid Claim
CLM-000251,USR-1488,Electronics,Dell,Inspiron 5518,SN22575562,2020-02-24,718.42,standard,24,0,2020-06-03,2020-06-21,battery_failure,0,,True,True,INV-731262,True,True,True,True,True,False,0,False,False,Valid Claim
CLM-000252,USR-2600,Electronics,Samsung,Galaxy S22,SN80499776,2022-04-11,383.41,standard,24,0,2023-02-02,2023-02-26,unauthorized_modification,0,,True,True,INV-468591,True,True,True,True,True,False,0,False,False,Invalid Claim
CLM-000253,USR-2270,Home Appliances,Samsung,RT28 Refrigerator,SN82296289,2020-06-04,170.37,standard,12,0,2020-09-20,2021-01-13,control_panel_fault,0,,True,True,INV-566801,True,True,True,True,True,False,0,False,False,Invalid Claim
CLM-000254,USR-5509,Home Appliances,Godrej,WD 700,SN94870367,2022-02-10,1987.33,standard,12,0,2022-05-27,2022-05-29,cooling_failure,0,,True,True,INV-112166,False,True,True,True,True,False,0,False,False,Manual Review
CLM-000255,USR-4902,Home Appliances,IFB,Senorita SX,SN41142999,2020-04-17,348.61,standard,12,0,2020-12-29,2021-01-10,manufacturing_defect,0,,True,True,INV-338158,True,True,True,True,True,False,1,False,False,Manual Review
CLM-000256,USR-5146,Electronics,Samsung,Galaxy S22,SN88768256,2022-11-02,1276.64,standard,24,0,2024-07-10,2024-07-22,battery_failure,0,,True,False,INV-966843,True,True,True,True,True,False,0,False,False,Manual Review
CLM-000257,USR-6846,Power Tools,Makita,HP457,SN39962391,2020-06-16,2023.35,extended,18,24,2022-11-10,2022-11-20,motor_failure,0,,True,True,INV-496764,True,True,True,True,True,False,0,False,False,Valid Claim
CLM-000258,USR-7291,Power Tools,Stanley,SXD201,SN76354180,2021-01-22,1246.99,standard,18,0,2022-03-04,2022-03-05,motor_failure,0,,True,True,INV-787926,True,True,True,True,True,False,0,False,False,Valid Claim
CLM-000259,USR-4342,Home Appliances,IFB,Senorita SX,SN55659873,2022-07-29,1851.45,standard,12,0,2023-02-22,2023-03-06,cooling_failure,0,,True,True,INV-853258,True,True,True,True,True,False,0,False,False,Valid Claim
CLM-000260,USR-8688,Electronics,HP,Pavilion 15,SN56150415,2021-01-17,1359.28,standard,24,0,2022-03-13,2022-04-12,battery_failure,2,2021-04-24,False,True,INV-330374,True,True,True,True,True,True,0,False,False,Invalid Claim
CLM-000261,USR-7022,Electronics,Apple,iPhone 13,SN25419645,2023-02-02,2306.81,standard,24,0,2024-06-28,2024-07-26,battery_failure,0,,True,True,INV-337144,True,True,True,True,True,False,0,False,False,Valid Claim
CLM-000262,USR-1344,Electronics,Sony,Bravia X75,SN88961459,2021-11-12,1697.45,standard,24,0,2022-01-31,2022-02-03,battery_failure,0,,True,True,INV-330914,True,True,True,True,True,False,0,False,False,Valid Claim
CLM-000263,USR-3948,Power Tools,Bosch,GSR 18V,SN10714575,2020-12-25,1699.79,standard,18,0,2021-03-09,2021-03-14,chuck_defect,0,,True,True,INV-229022,True,True,True,True,False,False,0,False,False,Manual Review
CLM-000264,USR-6751,Power Tools,Makita,HP457,SN10819505,2021-11-15,609.7,standard,18,0,2022-12-10,2022-12-23,motor_failure,0,,True,True,INV-693830,True,True,True,True,True,False,0,False,False,Valid Claim
CLM-000265,USR-1919,Home Appliances,Samsung,RT28 Refrigerator,SN95462880,2022-08-21,107.59,standard,12,0,2023-06-17,2023-07-01,motor_failure,1,2023-03-08,True,True,INV-186702,True,True,True,True,True,True,0,False,False,Valid Claim
CLM-000266,USR-1369,Electronics,HP,Pavilion 15,SN21219199,2021-01-24,1652.16,standard,24,0,2021-07-05,2021-07-22,wear_and_tear,0,,True,True,INV-809952,True,True,True,True,True,False,0,False,False,Invalid Claim
CLM-000267,USR-8412,Home Appliances,Godrej,WD 700,SN52803305,2023-11-16,276.15,standard,12,0,2024-02-27,2024-02-28,manufacturing_defect,1,2023-12-29,True,True,INV-949541,True,True,True,True,True,True,0,False,False,Valid Claim
CLM-000268,USR-4839,Electronics,Dell,Inspiron 5518,SN82445335,2022-06-06,714.43,standard,24,0,2022-10-14,2022-10-19,overheating,0,,True,True,INV-913761,True,True,True,True,True,False,0,False,False,Valid Claim
CLM-000269,USR-4546,Electronics,Samsung,Galaxy S22,SN22259214,2021-04-08,2794.28,standard,24,0,2021-11-13,2021-11-19,battery_failure,1,2021-04-07,True,True,INV-253607,True,True,True,True,True,True,0,False,False,Manual Review
CLM-000270,USR-3734,Power Tools,Bosch,GSR 18V,SN63290556,2021-02-24,380.79,standard,18,0,2023-06-05,2023-06-07,manufacturing_defect,0,,True,True,INV-596171,True,True,True,True,True,False,0,False,False,Invalid Claim
CLM-000271,USR-5095,Home Appliances,Whirlpool,WM 2500,SN32341731,2021-10-16,1742.37,standard,12,0,2022-10-17,2022-10-23,water_leakage,0,,True,True,INV-817606,True,True,True,True,True,False,0,False,False,Manual Review
CLM-000272,USR-4490,Home Appliances,Bosch,Serie 6 Washer,SN94299475,2024-01-08,2264.95,standard,12,0,2024-10-05,2024-10-19,water_leakage,1,2024-02-29,True,True,INV-746002,True,True,True,True,True,True,0,False,False,Valid Claim
CLM-000273,USR-2140,Electronics,HP,Pavilion 15,SN90296988,2021-02-08,397.53,standard,24,0,2024-03-28,2024-04-24,overheating,0,,True,True,INV-725376,True,True,True,True,True,False,0,False,False,Invalid Claim
CLM-000274,USR-4396,Home Appliances,Bosch,Serie 6 Washer,SN75632882,2023-12-03,1005.76,standard,12,0,2024-06-05,2024-06-10,cooling_failure,0,,True,True,INV-687713,True,True,True,True,True,False,0,False,False,Valid Claim
CLM-000275,USR-8438,Home Appliances,Godrej,WD 700,SN19553585,2021-07-22,2087.16,standard,12,0,2021-12-15,2021-12-22,cooling_failure,0,,True,True,INV-926097,True,True,True,True,True,False,0,False,False,Valid Claim
CLM-000276,USR-7941,Electronics,Sony,Bravia X75,SN56241881,2020-03-22,2125.12,standard,24,0,2020-08-12,2020-09-11,battery_failure,0,,True,True,INV-163182,True,True,True,True,True,False,0,False,False,Valid Claim
CLM-000277,USR-1379,Power Tools,Makita,HP457,SN28826712,2021-05-26,428.04,standard,18,0,2022-02-06,2022-02-22,battery_failure,3,2022-01-23,True,True,INV-548088,True,True,True,True,True,True,0,False,False,Manual Review
CLM-000278,USR-1339,Home Appliances,Godrej,WD 700,SN29850853,2022-11-18,2937.62,standard,12,0,2023-03-15,2023-03-21,motor_failure,0,,True,False,INV-791396,True,True,True,True,True,False,0,False,False,Manual Review
CLM-000279,USR-3503,Home Appliances,Samsung,RT28 Refrigerator,SN84202557,2022-12-25,2201.81,standard,12,0,2023-10-03,2023-10-08,cooling_failure,0,,True,True,INV-498930,True,True,True,True,True,False,0,False,True,Invalid Claim
CLM-000280,USR-7908,Electronics,Lenovo,IdeaPad Slim 3,SN17603772,2022-05-24,1943.13,standard,24,0,2023-05-18,2023-06-14,overheating,5,2022-11-11,True,True,INV-907346,True,True,True,True,True,True,0,False,False,Manual Review
CLM-000281,USR-6496,Electronics,Samsung,Galaxy S22,SN18485498,2020-12-10,432.58,standard,24,0,2022-04-22,2022-04-28,unauthorized_modification,0,,True,True,INV-894348,True,True,True,True,True,False,0,False,False,Invalid Claim
CLM-000282,USR-3136,Home Appliances,Samsung,RT28 Refrigerator,SN28102047,2022-05-28,1484.29,standard,12,0,2023-12-28,2024-01-08,motor_failure,0,,True,True,INV-611559,True,True,True,True,True,False,0,False,False,Invalid Claim
CLM-000283,USR-6901,Power Tools,Makita,HP457,SN16141035,2020-01-24,2911.22,standard,18,0,2020-10-31,2020-11-08,chuck_defect,0,,True,True,INV-810860,False,True,True,False,True,False,0,False,False,Manual Review
CLM-000284,USR-3315,Home Appliances,Samsung,RT28 Refrigerator,SN99692417,2022-09-05,133.69,standard,12,0,2024-06-12,2024-06-13,drum_failure,0,,True,True,INV-795759,True,True,True,True,True,False,0,False,False,Invalid Claim
CLM-000285,USR-9037,Home Appliances,Bosch,Serie 6 Washer,SN15668405,2023-01-28,2482.57,standard,12,0,2023-08-16,2023-08-24,commercial_use,0,,True,True,INV-975126,True,True,True,True,True,False,0,False,False,Invalid Claim
CLM-000286,USR-1480,Power Tools,Makita,HP457,SN54964418,2020-08-18,2436.75,standard,18,0,2020-11-12,2020-11-21,chuck_defect,1,2020-10-18,True,True,INV-649300,True,True,True,True,True,True,0,False,False,Valid Claim
CLM-000287,USR-4624,Home Appliances,Whirlpool,WM 2500,SN38635863,2021-12-05,2016.94,standard,12,0,2022-06-18,2022-07-02,cooling_failure,0,,True,True,INV-478323,True,True,True,True,True,False,0,False,False,Valid Claim
CLM-000288,USR-8602,Electronics,Samsung,Galaxy S22,SN63518621,2020-06-09,1470.6,standard,24,0,2023-07-19,2023-08-18,screen_defect,0,,True,True,INV-882395,True,True,True,True,True,False,0,False,False,Invalid Claim
CLM-000289,USR-1920,Power Tools,Makita,HP457,SN57236885,2021-07-05,1561.42,standard,18,0,2022-04-16,2022-04-18,chuck_defect,0,,True,True,INV-584172,True,True,True,True,True,False,0,False,False,Valid Claim
CLM-000290,USR-1440,Home Appliances,Godrej,WD 700,SN93906615,2023-03-30,1076.47,standard,12,0,2023-11-06,2023-11-12,wear_and_tear,0,,True,True,INV-548945,True,True,True,True,True,False,0,False,False,Invalid Claim
CLM-000291,USR-7512,Electronics,Samsung,Galaxy S22,SN76441251,2021-01-13,2079.31,standard,24,0,2021-06-11,2021-06-17,overheating,0,,True,True,INV-638430,True,False,True,True,False,False,0,False,False,Manual Review
CLM-000292,USR-7208,Electronics,Samsung,Galaxy S22,SN97895055,2020-09-27,2379.25,standard,24,0,2021-07-12,2021-12-10,manufacturing_defect,0,,True,True,INV-454820,True,True,True,True,True,False,0,False,False,Invalid Claim
CLM-000293,USR-3317,Electronics,Apple,iPhone 13,SN56952151,2020-06-04,985.88,standard,24,0,2021-09-21,2021-09-26,audio_fault,0,,True,True,INV-832409,True,True,True,True,True,False,0,False,False,Valid Claim
CLM-000294,USR-6615,Power Tools,Bosch,GSR 18V,SN34544318,2022-01-22,412.39,standard,18,0,2023-07-22,2023-07-31,battery_failure,0,,True,True,INV-578715,True,True,True,True,True,False,0,False,False,Valid Claim
CLM-000295,USR-8702,Home Appliances,Whirlpool,WM 2500,SN34374441,2023-01-06,641.2,standard,12,0,2024-07-31,2024-08-14,cooling_failure,0,,True,True,INV-956949,True,True,True,True,True,False,0,False,False,Invalid Claim
CLM-000296,USR-9265,Home Appliances,Godrej,WD 700,SN24181508,2020-10-31,2749.25,standard,12,0,2021-06-30,2021-07-08,motor_failure,0,,True,False,INV-481308,True,True,True,True,True,False,0,False,False,Manual Review
CLM-000297,USR-3430,Electronics,Dell,Inspiron 5518,SN74291216,2022-01-13,353.58,standard,24,0,2022-10-02,2022-10-29,power_failure,0,,True,True,INV-581705,False,True,True,True,True,False,0,False,False,Manual Review
CLM-000298,USR-7237,Power Tools,Black+Decker,CD701,SN78255127,2021-04-07,2931.71,standard,18,0,2023-06-17,2023-07-07,manufacturing_defect,0,,True,True,INV-430779,True,True,True,True,True,False,0,False,False,Invalid Claim
CLM-000299,USR-7658,Home Appliances,Whirlpool,WM 2500,SN45272780,2023-10-01,1600.42,standard,12,0,2024-01-18,2024-01-29,manufacturing_defect,0,,True,True,INV-572445,False,True,True,True,False,False,0,False,False,Manual Review
CLM-000300,USR-2189,Power Tools,Stanley,SXD201,SN58009699,2020-03-23,2789.9,standard,18,0,2021-06-22,2021-07-13,manufacturing_defect,0,,True,True,INV-403915,True,True,True,True,True,False,0,False,False,Valid Claim
CLM-000301,USR-4122,Home Appliances,LG,Fridge 340L,SN55356673,2022-07-14,394.68,standard,12,0,2023-07-14,2023-07-25,water_leakage,0,,True,True,INV-148759,True,True,True,True,True,False,0,False,False,Valid Claim
CLM-000302,USR-9767,Electronics,Sony,Bravia X75,SN15006085,2021-04-09,2746.63,standard,24,0,2021-12-18,2022-01-17,power_failure,0,,True,True,INV-538184,True,True,True,True,True,False,0,False,False,Valid Claim
CLM-000303,USR-5846,Electronics,LG,OLED C3,SN42086411,2021-12-24,1971.11,standard,24,0,2023-07-11,2023-08-02,unauthorized_modification,0,,True,True,INV-116703,True,True,True,True,True,False,0,False,False,Invalid Claim
CLM-000304,USR-2490,Power Tools,Bosch,GSR 18V,SN99055153,2022-11-19,1992.03,standard,18,0,2022-12-08,2022-12-26,switch_fault,0,,True,True,INV-690344,True,True,True,True,True,False,0,False,False,Manual Review
CLM-000305,USR-4555,Electronics,Samsung,Galaxy S22,SN35709072,2022-12-08,2895.65,standard,24,0,2024-08-22,2024-08-23,liquid_damage,0,,True,True,INV-890645,True,True,True,True,True,False,0,False,False,Invalid Claim
CLM-000306,USR-4281,Home Appliances,Whirlpool,WM 2500,SN54796219,2023-01-12,654.21,standard,12,0,2023-07-30,2023-10-27,cooling_failure,0,,True,True,INV-362168,True,True,True,True,True,False,0,False,False,Invalid Claim
CLM-000307,USR-2049,Power Tools,Black+Decker,CD701,SN45311610,2020-06-18,727.57,standard,18,0,2022-01-11,2022-01-24,manufacturing_defect,0,,True,True,INV-738613,True,True,True,True,True,False,0,False,False,Invalid Claim
CLM-000308,USR-3244,Home Appliances,Whirlpool,WM 2500,SN78679917,2020-04-05,2437.12,standard,12,0,2021-01-16,2020-12-30,water_leakage,0,,True,True,INV-797137,True,True,True,True,True,False,0,False,False,Manual Review
CLM-000309,USR-2253,Electronics,Lenovo,IdeaPad Slim 3,SN53833963,2020-03-13,1168.56,standard,24,0,2022-03-25,2022-04-15,power_failure,0,,True,True,INV-738953,True,True,True,True,True,False,0,False,False,Manual Review
CLM-000310,USR-3182,Power Tools,Black+Decker,CD701,SN95549812,2022-02-01,1755.44,standard,18,0,2022-08-03,2022-08-19,motor_failure,0,,True,True,INV-305225,True,True,True,True,True,False,2,False,False,Manual Review
CLM-000311,USR-7090,Home Appliances,Samsung,RT28 Refrigerator,SN65343779,2021-10-15,2311.42,standard,12,0,2023-11-02,2023-11-08,water_leakage,0,,True,True,INV-966286,True,True,True,True,True,False,0,False,False,Invalid Claim
CLM-000312,USR-6067,Power Tools,Makita,HP457,SN99508850,2022-10-24,1272.51,standard,18,0,2023-05-17,2023-06-04,battery_failure,0,,True,True,INV-831076,True,True,True,True,True,False,0,False,False,Valid Claim
CLM-000313,USR-8692,Home Appliances,Whirlpool,WM 2500,SN52980983,2024-01-08,2749.85,standard,12,0,2024-09-20,2024-09-21,cooling_failure,0,,True,True,INV-428122,True,True,True,True,True,False,0,False,False,Valid Claim
CLM-000314,USR-8204,Home Appliances,IFB,Senorita SX,SN61894582,2022-03-19,1069.99,standard,12,0,2023-01-12,2023-01-18,motor_failure,0,,True,True,INV-620306,True,True,True,True,True,False,0,False,False,Valid Claim
CLM-000315,USR-9586,Home Appliances,Samsung,RT28 Refrigerator,SN36637137,2023-11-18,2858.36,standard,12,0,2024-03-13,2024-02-16,drum_failure,0,,True,True,INV-888371,True,True,True,True,True,False,0,False,False,Manual Review
CLM-000316,USR-8755,Electronics,HP,Pavilion 15,SN25695520,2022-04-23,1524.78,standard,24,0,2023-10-07,2023-10-30,audio_fault,2,2022-06-02,False,True,INV-463608,True,True,True,True,True,True,0,False,False,Invalid Claim
CLM-000317,USR-3016,Power Tools,Makita,HP457,SN99318726,2022-08-22,476.41,standard,18,0,2023-10-21,2023-11-06,switch_fault,0,,True,True,INV-764323,True,True,True,True,False,False,0,False,False,Manual Review
CLM-000318,USR-3159,Electronics,Lenovo,IdeaPad Slim 3,SN22470997,2021-07-24,2453.52,standard,24,0,2023-10-01,2023-10-16,audio_fault,0,,True,True,INV-591022,True,True,True,True,True,False,0,False,False,Invalid Claim
CLM-000319,USR-8597,Home Appliances,IFB,Senorita SX,SN14259684,2022-01-19,1044.33,standard,12,0,2023-06-16,2023-06-29,motor_failure,0,,True,True,INV-158760,True,True,True,True,True,False,0,False,False,Invalid Claim
CLM-000320,USR-2908,Home Appliances,IFB,Senorita SX,SN32294301,2020-02-03,2715.05,standard,12,0,2020-11-01,2020-11-09,control_panel_fault,1,2020-03-09,False,True,INV-836727,True,True,True,True,True,True,0,False,False,Invalid Claim
CLM-000321,USR-2986,Home Appliances,IFB,Senorita SX,SN59490380,2023-01-26,303.48,standard,12,0,2023-08-25,2024-01-06,manufacturing_defect,0,,True,True,INV-628896,True,True,True,True,True,False,0,False,False,Invalid Claim
CLM-000322,USR-5833,Power Tools,Makita,HP457,SN59330907,2020-08-17,1874.71,standard,18,0,2021-06-11,2021-06-16,motor_failure,0,,True,True,INV-240057,True,True,True,True,True,False,0,False,False,Valid Claim
CLM-000323,USR-5224,Electronics,Lenovo,IdeaPad Slim 3,SN19066979,2020-04-18,1197.41,standard,24,0,2023-04-19,2023-05-12,overheating,0,,True,True,INV-331087,True,True,True,True,True,False,0,False,False,Invalid Claim
CLM-000324,USR-1665,Power Tools,Makita,HP457,SN21039132,2023-02-04,1038.1,standard,18,0,2023-08-22,2023-09-06,unauthorized_modification,0,,True,True,INV-503472,True,True,True,True,True,False,0,False,False,Invalid Claim
CLM-000325,USR-7286,Power Tools,DeWalt,DCD771,SN66779304,2023-03-12,622.4,standard,18,0,2024-03-31,2024-04-06,switch_fault,1,2023-12-17,True,True,INV-827117,True,True,True,True,True,True,0,False,False,Valid Claim
CLM-000326,USR-2461,Power Tools,Bosch,GSR 18V,SN51220925,2021-01-09,2684.91,standard,18,0,2021-01-15,2021-02-05,switch_fault,0,,True,True,INV-669153,True,True,True,True,True,False,0,False,False,Manual Review
CLM-000327,USR-4810,Power Tools,Makita,HP457,SN86484960,2021-10-27,2411.38,standard,18,0,2021-11-01,2021-11-19,switch_fault,0,,True,True,INV-526919,True,True,True,True,True,False,0,False,False,Manual Review
CLM-000328,USR-3280,Home Appliances,Godrej,WD 700,SN95004924,2022-10-08,964.27,standard,12,0,2023-02-08,2023-02-20,cooling_failure,1,2022-12-25,True,True,INV-790658,True,True,True,True,True,True,0,False,False,Valid Claim
CLM-000329,USR-1618,Power Tools,DeWalt,DCD771,SN71789789,2020-07-01,1118.51,standard,18,0,2022-07-12,2022-07-31,motor_failure,0,,True,True,INV-377860,True,True,True,True,True,False,0,False,False,Invalid Claim
CLM-000330,USR-3773,Power Tools,Bosch,GSR 18V,SN56938140,2021-09-05,1879.37,standard,18,0,2023-05-23,2023-06-07,battery_failure,0,,True,True,INV-753453,True,True,True,True,True,False,0,False,False,Invalid Claim
CLM-000331,USR-7685,Electronics,Samsung,Galaxy S22,SN86275267,2021-12-26,1676.02,standard,24,0,2022-09-14,2022-10-06,manufacturing_defect,0,,True,True,INV-457261,True,True,True,True,True,False,2,True,False,Manual Review
CLM-000332,USR-7467,Home Appliances,Samsung,RT28 Refrigerator,SN43540489,2022-06-03,556.75,standard,12,0,2023-12-31,2024-01-14,control_panel_fault,0,,True,True,INV-777370,True,True,True,True,True,False,0,False,False,Invalid Claim
CLM-000333,USR-2283,Electronics,Samsung,Galaxy S22,SN68437492,2021-02-26,669.6,extended,24,12,2023-05-27,2023-06-23,overheating,0,,True,True,INV-757694,True,True,True,True,True,False,0,False,False,Valid Claim
CLM-000334,USR-8805,Power Tools,Bosch,GSR 18V,SN53440826,2022-10-08,2298.94,standard,18,0,2023-02-28,2023-03-13,motor_failure,0,,True,True,INV-210553,True,True,True,True,True,False,2,False,False,Manual Review
CLM-000335,USR-3089,Electronics,Sony,Bravia X75,SN34410491,2021-10-12,2321.2,standard,24,0,2023-05-14,2023-05-28,software_malfunction,0,,True,True,INV-434826,True,False,True,True,False,False,0,False,False,Manual Review
CLM-000336,USR-2280,Power Tools,Black+Decker,CD701,SN27071472,2020-05-14,2364.57,standard,18,0,2020-09-05,2020-09-21,chuck_defect,0,,True,True,INV-205814,True,True,True,True,True,False,1,True,False,Manual Review
CLM-000337,USR-7124,Electronics,Xiaomi,Redmi Note 12,SN30936786,2020-07-12,2292.58,standard,24,0,2022-09-27,2022-10-21,overheating,0,,True,True,INV-189982,True,True,True,True,True,False,0,False,False,Invalid Claim
CLM-000338,USR-6925,Power Tools,Makita,HP457,SN87490893,2023-06-30,641.48,standard,18,0,2024-07-26,2024-08-03,manufacturing_defect,0,,True,True,INV-148050,True,True,True,True,True,False,0,False,False,Valid Claim
CLM-000339,USR-9952,Electronics,Sony,Bravia X75,SN28160554,2020-06-22,1227.75,standard,24,0,2022-07-24,2022-07-30,software_malfunction,0,,True,True,INV-572788,True,True,True,True,True,False,0,False,False,Invalid Claim
CLM-000340,USR-1225,Electronics,Samsung,Galaxy S22,SN45189912,2020-05-07,709.97,standard,24,0,2021-08-30,2021-09-16,manufacturing_defect,2,2021-04-23,True,True,INV-927630,True,True,True,True,True,True,0,False,False,Valid Claim
CLM-000341,USR-6862,Power Tools,Bosch,GSR 18V,SN35704262,2021-07-18,342.7,standard,18,0,2022-02-12,2022-05-08,switch_fault,0,,True,True,INV-755608,True,True,True,True,True,False,0,False,False,Invalid Claim
CLM-000342,USR-4471,Electronics,Sony,Bravia X75,SN90142849,2020-05-02,112.05,standard,24,0,2022-01-29,2022-02-05,software_malfunction,0,,True,True,INV-296863,False,True,True,True,True,False,0,False,False,Manual Review
CLM-000343,USR-7791,Home Appliances,LG,Fridge 340L,SN59338378,2020-06-10,611.12,standard,12,0,2020-11-16,2020-11-17,physical_damage,0,,True,True,INV-975224,True,True,True,True,True,False,0,False,False,Invalid Claim
CLM-000344,USR-8775,Power Tools,Bosch,GSR 18V,SN45638891,2023-04-26,2903.85,standard,18,0,2023-10-13,2023-10-15,switch_fault,0,,True,True,INV-705693,True,True,True,True,True,False,0,False,False,Valid Claim
CLM-000345,USR-3158,Home Appliances,IFB,Senorita SX,SN37750491,2023-01-04,1985.22,standard,12,0,2024-12-31,2025-01-13,drum_failure,0,,True,True,INV-667650,True,True,True,True,True,False,0,False,False,Invalid Claim
CLM-000346,USR-2638,Electronics,Lenovo,IdeaPad Slim 3,SN19832887,2023-02-16,1649.89,standard,24,0,2023-09-12,2023-10-12,battery_failure,0,,True,True,INV-378082,True,True,True,True,True,False,0,False,False,Valid Claim
CLM-000347,USR-5144,Power Tools,Bosch,GSR 18V,SN84185883,2021-04-24,1203.3,standard,18,0,2022-06-02,2022-06-06,wear_and_tear,0,,True,True,INV-951706,True,True,True,True,True,False,0,False,False,Invalid Claim
CLM-000348,USR-8172,Power Tools,Stanley,SXD201,SN20796722,2022-09-27,1826.27,standard,18,0,2023-05-04,2023-05-24,battery_failure,0,,True,True,INV-870214,True,True,True,True,True,False,0,False,False,Valid Claim
CLM-000349,USR-9033,Electronics,Lenovo,IdeaPad Slim 3,SN33323144,2022-07-08,1462.47,standard,24,0,2024-03-30,2022-07-05,overheating,0,,True,True,INV-779003,True,True,True,True,True,False,0,False,False,Manual Review
CLM-000350,USR-3807,Electronics,Apple,iPhone 13,SN80722909,2022-01-21,2933.14,standard,24,0,2022-06-09,2022-08-19,battery_failure,0,,True,True,INV-554786,True,True,True,True,True,False,0,False,False,Invalid Claim
CLM-000351,USR-8544,Electronics,Sony,Bravia X75,SN20254278,2022-04-23,420.37,standard,24,0,2023-11-08,2023-11-20,unauthorized_modification,0,,True,True,INV-118223,True,True,True,True,True,False,0,False,False,Invalid Claim
CLM-000352,USR-9317,Power Tools,Makita,HP457,SN91734598,2023-07-21,660.82,standard,18,0,2023-12-05,2023-12-23,chuck_defect,0,,True,True,INV-899550,True,True,True,True,True,False,0,False,False,Valid Claim
CLM-000353,USR-7216,Electronics,LG,OLED C3,SN46231783,2022-07-24,2969.41,standard,24,0,2024-04-27,2024-05-05,audio_fault,0,,True,True,INV-821590,True,True,True,True,True,False,0,False,False,Valid Claim
CLM-000354,USR-4453,Power Tools,DeWalt,DCD771,SN26474964,2021-09-05,1167.38,standard,18,0,2022-02-26,2022-03-13,motor_failure,0,,True,True,INV-137609,True,True,True,True,True,False,2,False,False,Manual Review
CLM-000355,USR-1781,Home Appliances,Bosch,Serie 6 Washer,SN83953207,2023-02-27,303.47,standard,12,0,2023-06-07,2023-06-16,manufacturing_defect,1,2023-05-20,False,True,INV-638354,True,True,True,True,True,True,0,False,False,Invalid Claim
CLM-000356,USR-8066,Power Tools,DeWalt,DCD771,SN19391725,2022-01-04,2850.71,standard,18,0,2022-08-06,2022-08-10,chuck_defect,0,,True,True,INV-753425,True,True,True,True,True,False,0,False,False,Valid Claim
CLM-000357,USR-4470,Home Appliances,LG,Fridge 340L,SN76399516,2022-05-18,864.13,standard,12,0,2023-04-08,2023-04-18,cooling_failure,1,2023-04-02,True,True,INV-454161,True,True,True,True,True,True,0,False,False,Valid Claim
CLM-000358,USR-6439,Electronics,Xiaomi,Redmi Note 12,SN85182173,2022-07-08,2320.86,standard,24,0,2024-07-08,2024-07-31,battery_failure,0,,True,True,INV-596116,True,True,True,True,True,False,0,False,False,Valid Claim
CLM-000359,USR-9022,Power Tools,Makita,HP457,SN29944139,2023-04-06,1383.92,standard,18,0,2023-11-16,2023-12-04,battery_failure,0,,True,True,INV-461888,True,True,True,True,True,False,0,False,False,Valid Claim
CLM-000360,USR-2108,Home Appliances,Bosch,Serie 6 Washer,SN67354434,2022-02-04,2542.46,standard,12,0,2023-10-15,2023-10-18,manufacturing_defect,0,,True,True,INV-407057,True,True,True,True,True,False,0,False,False,Invalid Claim
CLM-000361,USR-1117,Electronics,Sony,Bravia X75,SN60335658,2021-06-05,1991.27,standard,24,0,2023-12-03,2023-12-17,audio_fault,0,,True,True,INV-943356,True,True,True,True,True,False,0,False,False,Invalid Claim
CLM-000362,USR-8276,Power Tools,Stanley,SXD201,SN77560039,2020-07-12,1777.2,standard,18,0,2021-01-30,2021-02-13,manufacturing_defect,0,,True,False,INV-800144,True,True,True,True,True,False,0,False,False,Manual Review
CLM-000363,USR-4115,Electronics,HP,Pavilion 15,SN76974557,2020-06-25,2232.37,standard,24,0,2022-11-15,2022-12-13,power_failure,0,,True,True,INV-871153,True,True,True,True,True,False,0,False,False,Invalid Claim
CLM-000364,USR-5262,Home Appliances,Samsung,RT28 Refrigerator,SN30032157,2022-05-17,340.06,standard,12,0,2022-08-30,2022-08-31,commercial_use,0,,True,True,INV-278386,True,True,True,True,True,False,0,False,False,Invalid Claim
CLM-000365,USR-2666,Electronics,Sony,Bravia X75,SN47824471,2021-03-24,1123.34,standard,24,0,2021-10-04,2021-10-16,battery_failure,0,,True,True,INV-449935,False,True,True,True,True,False,0,False,False,Manual Review
CLM-000366,USR-9953,Home Appliances,Bosch,Serie 6 Washer,SN10673042,2022-09-07,542.49,standard,12,0,2022-12-23,2022-12-27,control_panel_fault,0,,True,False,INV-366863,True,True,True,True,True,False,0,False,False,Manual Review
CLM-000367,USR-9973,Home Appliances,Godrej,WD 700,SN80059652,2021-08-09,1171.76,standard,12,0,2022-08-09,2022-08-12,manufacturing_defect,0,,True,True,INV-148001,True,True,True,True,True,False,0,False,False,Valid Claim
CLM-000368,USR-1027,Electronics,Apple,iPhone 13,SN51714724,2022-02-06,260.7,standard,24,0,2023-05-22,2023-06-05,battery_failure,0,,True,True,INV-299080,False,False,True,True,True,False,0,False,False,Manual Review
CLM-000369,USR-4740,Electronics,Samsung,Galaxy S22,SN80500436,2021-08-07,1549.19,standard,24,0,2022-01-23,2022-01-27,overheating,0,,True,False,INV-253703,True,True,True,True,True,False,0,False,False,Manual Review
CLM-000370,USR-1869,Power Tools,DeWalt,DCD771,SN36000523,2021-07-09,409.02,standard,18,0,2022-11-07,2022-11-23,improper_use,0,,True,True,INV-818530,True,True,True,True,True,False,0,False,False,Invalid Claim
CLM-000371,USR-7771,Home Appliances,LG,Fridge 340L,SN95483760,2023-03-31,1384.6,standard,12,0,2024-02-09,2024-02-13,manufacturing_defect,0,,True,False,INV-647108,True,True,True,True,True,False,0,False,False,Manual Review
CLM-000372,USR-3023,Electronics,Dell,Inspiron 5518,SN23016411,2023-05-17,1235.59,standard,24,0,2025-05-27,2025-06-06,power_failure,0,,True,True,INV-216006,True,True,True,True,True,False,0,False,False,Manual Review
CLM-000373,USR-7660,Electronics,Lenovo,IdeaPad Slim 3,SN26205010,2020-11-06,1644.9,extended,24,24,2024-02-26,2024-03-07,overheating,0,,True,True,INV-317722,True,True,True,True,True,False,0,False,False,Valid Claim
CLM-000374,USR-6696,Electronics,LG,OLED C3,SN53443711,2021-06-29,2218.62,standard,24,0,2024-05-20,2024-06-19,software_malfunction,0,,True,True,INV-971733,True,True,True,True,True,False,0,False,False,Invalid Claim
CLM-000375,USR-1864,Power Tools,Bosch,GSR 18V,SN56109986,2021-09-20,1642.3,standard,18,0,2023-11-12,2023-11-29,manufacturing_defect,0,,True,True,INV-591644,True,True,True,True,True,False,0,False,False,Invalid Claim
CLM-000376,USR-7592,Electronics,LG,OLED C3,SN48243447,2022-02-23,1969.73,standard,24,0,2022-09-07,2022-09-17,audio_fault,2,2022-07-13,False,True,INV-261621,True,True,True,True,True,True,0,False,False,Invalid Claim
CLM-000377,USR-4218,Electronics,Apple,iPhone 13,SN35970823,2023-01-13,939.0,standard,24,0,2023-06-11,2023-07-11,power_failure,0,,True,True,INV-815819,True,True,True,True,True,False,0,False,False,Valid Claim
CLM-000378,USR-3118,Home Appliances,Godrej,WD 700,SN38369179,2024-02-01,2600.77,standard,12,0,2024-08-29,2024-09-11,control_panel_fault,1,2024-03-20,False,True,INV-396698,True,True,True,True,True,True,0,False,False,Invalid Claim
CLM-000379,USR-1362,Electronics,Samsung,Galaxy S22,SN34956121,2021-06-20,2919.21,standard,24,0,2023-09-12,2023-10-05,software_malfunction,0,,True,True,INV-382271,True,True,True,True,True,False,0,False,False,Invalid Claim
CLM-000380,USR-7750,Home Appliances,IFB,Senorita SX,SN41522381,2023-05-04,164.57,standard,12,0,2023-10-06,2023-10-20,cooling_failure,1,2023-04-18,True,True,INV-632139,True,True,True,True,True,True,0,False,False,Manual Review
CLM-000381,USR-4961,Home Appliances,Godrej,WD 700,SN68490538,2020-10-13,2538.9,standard,12,0,2021-01-10,2021-01-15,drum_failure,1,2020-11-21,False,True,INV-300188,True,True,True,True,True,True,0,False,False,Invalid Claim
CLM-000382,USR-7943,Electronics,Samsung,Galaxy S22,SN19991216,2021-03-27,2757.63,standard,24,0,2022-05-11,2022-07-01,power_failure,0,,True,True,INV-272471,True,True,True,True,True,False,0,False,False,Invalid Claim
CLM-000383,USR-6212,Home Appliances,Bosch,Serie 6 Washer,SN23038943,2022-07-25,726.27,standard,12,0,2023-07-28,2023-08-01,manufacturing_defect,0,,True,True,INV-843449,True,True,True,True,True,False,0,False,False,Manual Review
CLM-000384,USR-7512,Home Appliances,Bosch,Serie 6 Washer,SN97219599,2023-06-19,314.52,standard,12,0,2024-05-02,2024-05-09,cooling_failure,0,,True,True,INV-993744,True,True,True,True,True,False,0,False,False,Valid Claim
CLM-000385,USR-4866,Electronics,LG,OLED C3,SN96592295,2020-05-06,1149.68,standard,24,0,2020-08-20,2020-09-09,screen_defect,0,,True,True,INV-694799,True,True,True,True,True,False,0,False,False,Valid Claim
CLM-000386,USR-1894,Home Appliances,Bosch,Serie 6 Washer,SN42123815,2023-08-05,1525.07,standard,12,0,2024-05-31,2024-06-11,manufacturing_defect,1,2023-09-10,True,True,INV-352792,True,True,True,True,True,True,0,False,False,Valid Claim
CLM-000387,USR-7897,Home Appliances,Samsung,RT28 Refrigerator,SN57367387,2021-10-29,2884.9,standard,12,0,2023-02-03,2023-02-04,cooling_failure,0,,True,True,INV-403257,True,True,True,True,True,False,0,False,False,Invalid Claim
CLM-000388,USR-2071,Electronics,Sony,Bravia X75,SN47056223,2021-12-15,1743.68,standard,24,0,2022-01-07,2022-01-27,audio_fault,0,,True,True,INV-128916,True,True,True,True,True,False,0,False,False,Manual Review
CLM-000389,USR-4698,Home Appliances,IFB,Senorita SX,SN34936450,2021-12-17,1320.33,standard,12,0,2023-09-10,2023-09-24,manufacturing_defect,0,,True,True,INV-706012,True,True,True,True,True,False,0,False,False,Invalid Claim
CLM-000390,USR-8268,Home Appliances,IFB,Senorita SX,SN42465073,2021-05-05,2406.52,standard,12,0,2022-05-11,2022-05-13,water_leakage,0,,True,True,INV-624513,True,True,True,True,True,False,0,False,False,Manual Review
CLM-000391,USR-6314,Electronics,HP,Pavilion 15,SN94674464,2020-07-02,2113.24,standard,24,0,2021-01-27,2021-04-16,audio_fault,0,,True,True,INV-908878,True,True,True,True,True,False,0,False,False,Invalid Claim
CLM-000392,USR-8050,Home Appliances,Bosch,Serie 6 Washer,SN57278935,2019-12-31,2007.94,standard,12,0,2020-06-21,2020-06-24,manufacturing_defect,0,,True,False,INV-152326,True,True,True,True,True,False,0,False,False,Manual Review
CLM-000393,USR-8777,Power Tools,Black+Decker,CD701,SN70407340,2020-11-10,836.84,standard,18,0,2021-11-25,2021-12-04,motor_failure,0,,True,True,INV-980660,True,True,True,True,True,False,0,False,False,Valid Claim
CLM-000394,USR-4485,Power Tools,Stanley,SXD201,SN14919926,2022-03-29,1690.65,standard,18,0,2023-01-18,2023-02-08,switch_fault,0,,True,True,INV-665892,True,True,True,True,True,False,0,False,False,Valid Claim
CLM-000395,USR-3818,Power Tools,Black+Decker,CD701,SN77086906,2021-12-03,2581.41,standard,18,0,2021-12-23,2022-01-10,chuck_defect,0,,True,True,INV-468893,True,True,True,True,True,False,0,False,False,Manual Review
CLM-000396,USR-5835,Electronics,Xiaomi,Redmi Note 12,SN76960098,2021-10-13,1283.02,extended,24,12,2023-11-28,2023-12-01,battery_failure,0,,True,True,INV-602300,True,True,True,True,True,False,0,False,False,Valid Claim
CLM-000397,USR-1023,Power Tools,Bosch,GSR 18V,SN98221829,2020-11-28,1178.72,extended,18,24,2023-01-08,2023-01-25,chuck_defect,0,,True,True,INV-208998,True,True,True,True,True,False,0,False,False,Valid Claim
CLM-000398,USR-5093,Power Tools,Black+Decker,CD701,SN47600104,2022-09-13,2961.83,standard,18,0,2022-12-06,2022-12-10,switch_fault,3,2022-11-22,True,True,INV-493235,True,True,True,True,True,True,0,False,False,Manual Review
CLM-000399,USR-8883,Electronics,Samsung,Galaxy S22,SN86914689,2022-04-24,984.33,standard,24,0,2023-07-27,2023-08-12,screen_defect,1,2023-06-18,False,True,INV-454233,True,True,True,True,True,True,0,False,False,Invalid Claim
CLM-000400,USR-5327,Electronics,Lenovo,IdeaPad Slim 3,SN72314252,2021-08-18,226.23,standard,24,0,2023-08-18,2023-09-15,overheating,0,,True,True,INV-283188,True,True,True,True,True,False,0,False,False,Valid Claim
CLM-000401,USR-4329,Home Appliances,Whirlpool,WM 2500,SN30854365,2022-11-02,1646.26,standard,12,0,2023-01-19,2023-01-24,water_leakage,1,2023-01-17,True,True,INV-714923,True,True,True,True,True,True,0,False,False,Valid Claim
CLM-000402,USR-1990,Electronics,Lenovo,IdeaPad Slim 3,SN92924441,2022-01-23,1942.17,standard,24,0,2023-08-18,2023-08-19,battery_failure,1,2023-04-19,True,True,INV-606676,True,True,True,True,True,True,0,False,False,Valid Claim
CLM-000403,USR-9288,Electronics,HP,Pavilion 15,SN76892907,2022-06-12,2219.05,standard,24,0,2023-08-31,2023-09-11,manufacturing_defect,1,2022-09-12,False,True,INV-261790,True,True,True,True,True,True,0,False,False,Invalid Claim
CLM-000404,USR-8359,Electronics,Dell,Inspiron 5518,SN89089901,2021-03-16,892.32,standard,24,0,2021-11-07,2021-11-30,overheating,0,,True,True,INV-106814,True,True,True,True,True,False,0,False,False,Valid Claim
CLM-000405,USR-7864,Home Appliances,Whirlpool,WM 2500,SN80298247,2022-09-04,2799.49,standard,12,0,2022-10-30,2022-11-02,drum_failure,0,,True,True,INV-929303,True,False,True,True,False,False,0,False,False,Manual Review
CLM-000406,USR-8155,Electronics,Lenovo,IdeaPad Slim 3,SN28223512,2021-10-24,327.22,standard,24,0,2024-06-12,2024-07-10,audio_fault,0,,True,True,INV-945091,True,True,True,True,True,False,0,False,False,Invalid Claim
CLM-000407,USR-4646,Electronics,HP,Pavilion 15,SN37223861,2021-02-15,2292.71,standard,24,0,2023-10-17,2023-11-14,manufacturing_defect,0,,True,True,INV-285679,True,True,True,True,True,False,0,False,False,Invalid Claim
CLM-000408,USR-4372,Power Tools,Makita,HP457,SN75475674,2020-11-24,1345.74,standard,18,0,2021-11-18,2021-11-27,battery_failure,0,,True,False,INV-544320,True,True,True,True,True,False,0,False,False,Manual Review
CLM-000409,USR-5028,Power Tools,Makita,HP457,SN61430248,2020-09-29,1302.49,standard,18,0,2021-08-22,2021-09-07,battery_failure,0,,True,True,INV-664917,True,True,True,False,True,False,0,False,False,Manual Review
CLM-000410,USR-7956,Home Appliances,Bosch,Serie 6 Washer,SN90119779,2023-10-02,1230.04,standard,12,0,2024-07-23,2023-09-17,manufacturing_defect,0,,True,True,INV-463716,True,True,True,True,True,False,0,False,False,Manual Review
CLM-000411,USR-6921,Electronics,Sony,Bravia X75,SN37913590,2022-09-28,1221.14,standard,24,0,2023-01-01,2023-01-15,screen_defect,0,,True,False,INV-934080,True,True,True,True,True,False,0,False,False,Manual Review
CLM-000412,USR-3569,Home Appliances,Whirlpool,WM 2500,SN85031292,2024-02-26,1158.45,standard,12,0,2024-11-06,2024-11-08,manufacturing_defect,1,2024-06-29,False,True,INV-730823,True,True,True,True,True,True,0,False,False,Invalid Claim
CLM-000413,USR-4276,Electronics,Xiaomi,Redmi Note 12,SN60403103,2022-04-13,2682.79,standard,24,0,2023-11-03,2023-11-05,wear_and_tear,0,,True,True,INV-593869,True,True,True,True,True,False,0,False,False,Invalid Claim
CLM-000414,USR-8836,Home Appliances,Godrej,WD 700,SN94701730,2023-03-10,2499.77,standard,12,0,2023-11-02,2023-11-03,water_leakage,0,,True,True,INV-405654,True,False,False,True,True,False,0,False,False,Manual Review
CLM-000415,USR-4321,Home Appliances,LG,Fridge 340L,SN28268622,2020-03-06,2357.42,extended,12,24,2021-08-27,2021-08-29,drum_failure,0,,True,True,INV-214266,True,True,True,True,True,False,0,False,False,Valid Claim
CLM-000416,USR-8483,Home Appliances,IFB,Senorita SX,SN83989546,2021-05-03,502.35,standard,12,0,2022-03-04,2022-03-16,motor_failure,0,,True,True,INV-728492,True,True,True,True,True,False,0,False,False,Valid Claim
CLM-000417,USR-1108,Electronics,Lenovo,IdeaPad Slim 3,SN82675403,2021-09-09,2877.34,standard,24,0,2024-04-06,2024-04-26,overheating,0,,True,True,INV-605719,True,True,True,True,True,False,0,False,False,Invalid Claim
CLM-000418,USR-2442,Power Tools,DeWalt,DCD771,SN27368573,2022-09-18,1874.28,standard,18,0,2024-03-18,2024-04-01,battery_failure,0,,True,True,INV-522988,True,True,True,True,True,False,0,False,False,Valid Claim
CLM-000419,USR-6729,Home Appliances,Whirlpool,WM 2500,SN34985664,2019-12-31,1254.04,standard,12,0,2020-09-21,2020-09-29,manufacturing_defect,0,,True,True,INV-206260,False,True,True,True,True,False,0,False,False,Manual Review
CLM-000420,USR-5909,Home Appliances,Samsung,RT28 Refrigerator,SN45460310,2021-07-24,2612.4,standard,12,0,2022-07-27,2022-08-07,motor_failure,0,,True,True,INV-457713,True,True,True,True,True,False,0,False,False,Manual Review
CLM-000421,USR-8443,Home Appliances,IFB,Senorita SX,SN84377548,2023-10-13,2157.31,standard,12,0,2024-08-09,2024-08-14,cooling_failure,0,,True,True,INV-699853,True,True,True,True,False,False,0,False,False,Manual Review
CLM-000422,USR-8753,Power Tools,Stanley,SXD201,SN84285882,2022-01-14,1630.29,standard,18,0,2022-12-15,2022-12-26,battery_failure,0,,True,True,INV-882169,True,True,True,True,True,False,0,False,False,Valid Claim
CLM-000423,USR-4732,Home Appliances,Whirlpool,WM 2500,SN56753777,2023-05-11,2175.29,standard,12,0,2023-06-07,2023-06-11,control_panel_fault,0,,True,True,INV-680987,True,True,True,True,True,False,0,False,False,Manual Review
CLM-000424,USR-5090,Power Tools,DeWalt,DCD771,SN29628462,2020-09-17,2157.27,standard,18,0,2022-01-15,2022-01-28,motor_failure,2,2020-12-28,True,True,INV-898462,True,True,True,True,True,True,0,False,False,Valid Claim
CLM-000425,USR-2260,Home Appliances,LG,Fridge 340L,SN24678711,2021-08-02,561.12,standard,12,0,2021-11-30,2021-12-08,liquid_damage,0,,True,True,INV-830943,True,True,True,True,True,False,0,False,False,Invalid Claim
CLM-000426,USR-1221,Home Appliances,LG,Fridge 340L,SN11261132,2023-06-27,2876.24,standard,12,0,2024-01-31,2024-02-14,manufacturing_defect,0,,True,True,INV-668716,True,False,True,True,True,False,0,False,False,Manual Review
CLM-000427,USR-3019,Power Tools,Stanley,SXD201,SN15606696,2020-10-05,94.69,standard,18,0,2021-08-30,2021-09-20,switch_fault,0,,True,True,INV-513224,True,True,True,True,True,False,0,False,False,Valid Claim
CLM-000428,USR-7046,Home Appliances,Samsung,RT28 Refrigerator,SN17824896,2022-04-20,2485.04,standard,12,0,2023-05-22,2023-06-03,cooling_failure,0,,True,True,INV-654718,True,True,True,True,True,False,0,False,False,Invalid Claim
CLM-000429,USR-2364,Electronics,Dell,Inspiron 5518,SN65868338,2020-03-22,2640.13,standard,24,0,2021-09-11,2021-10-06,software_malfunction,2,2021-03-06,False,True,INV-429196,True,True,True,True,True,True,0,False,False,Invalid Claim
CLM-000430,USR-7154,Home Appliances,IFB,Senorita SX,SN20770971,2022-02-01,2073.57,standard,12,0,2022-05-25,2022-06-05,control_panel_fault,0,,True,True,INV-665497,True,True,True,True,True,False,0,False,False,Valid Claim
CLM-000431,USR-3263,Home Appliances,Godrej,WD 700,SN91274963,2023-04-01,840.01,standard,12,0,2023-10-23,2023-10-25,cooling_failure,0,,True,True,INV-458163,True,True,True,True,True,False,1,True,False,Manual Review
CLM-000432,USR-3947,Home Appliances,Whirlpool,WM 2500,SN53309532,2020-08-11,1333.81,standard,12,0,2021-01-28,2021-01-30,motor_failure,0,,True,False,INV-475122,True,True,True,True,True,False,0,False,False,Manual Review
CLM-000433,USR-3517,Power Tools,Stanley,SXD201,SN19449294,2022-07-08,2650.26,standard,18,0,2022-09-20,2022-10-03,chuck_defect,4,2022-08-14,True,True,INV-385320,True,True,True,True,True,True,0,False,False,Manual Review
CLM-000434,USR-1129,Power Tools,Makita,HP457,SN47551535,2021-11-24,2708.61,standard,18,0,2023-01-10,2023-01-23,switch_fault,2,2022-11-18,False,True,INV-253995,True,True,True,True,True,True,0,False,False,Invalid Claim
CLM-000435,USR-9529,Power Tools,DeWalt,DCD771,SN19150490,2020-12-31,2375.87,standard,18,0,2021-11-28,2021-12-19,motor_failure,0,,True,True,INV-536135,True,True,True,True,True,False,0,False,False,Valid Claim
CLM-000436,USR-1538,Electronics,Xiaomi,Redmi Note 12,SN63484586,2022-01-03,1909.09,standard,24,0,2024-01-05,2024-01-14,software_malfunction,0,,True,True,INV-632064,True,True,True,True,True,False,0,False,False,Manual Review
CLM-000437,USR-9725,Electronics,Xiaomi,Redmi Note 12,SN60760544,2021-01-16,2107.51,standard,24,0,2022-06-12,2022-09-17,software_malfunction,0,,True,True,INV-728672,True,True,True,True,True,False,0,False,False,Invalid Claim
CLM-000438,USR-3444,Electronics,LG,OLED C3,SN70797197,2021-10-27,1631.27,standard,24,0,2024-09-06,2024-09-21,screen_defect,0,,True,True,INV-745474,True,True,True,True,True,False,0,False,False,Invalid Claim
CLM-000439,USR-8903,Power Tools,DeWalt,DCD771,SN61514973,2020-11-10,272.9,standard,18,0,2023-05-05,2023-05-24,motor_failure,0,,True,True,INV-953452,True,True,True,True,True,False,0,False,False,Invalid Claim
CLM-000440,USR-4678,Home Appliances,Whirlpool,WM 2500,SN13783268,2022-01-26,1010.56,standard,12,0,2022-08-30,2022-09-12,manufacturing_defect,0,,True,True,INV-979940,True,True,True,True,True,False,0,False,False,Valid Claim
CLM-000441,USR-2468,Electronics,Sony,Bravia X75,SN97191136,2020-07-20,127.97,standard,24,0,2022-02-21,2022-03-17,screen_defect,0,,True,False,INV-208711,True,True,True,True,True,False,0,False,False,Manual Review
CLM-000442,USR-4908,Electronics,Samsung,Galaxy S22,SN26941092,2020-10-28,1462.8,standard,24,0,2021-08-20,2021-09-04,manufacturing_defect,0,,True,True,INV-691364,True,True,True,True,True,False,0,False,False,Valid Claim
CLM-000443,USR-7689,Power Tools,Makita,HP457,SN25659979,2023-08-11,488.15,standard,18,0,2024-06-13,2024-06-17,manufacturing_defect,0,,True,True,INV-419149,True,True,True,True,True,False,0,False,False,Valid Claim
CLM-000444,USR-1687,Electronics,Lenovo,IdeaPad Slim 3,SN84277127,2021-09-30,2174.68,standard,24,0,2022-09-03,2022-09-12,manufacturing_defect,0,,True,True,INV-849259,True,True,True,True,True,False,1,False,False,Manual Review
CLM-000445,USR-1634,Electronics,Sony,Bravia X75,SN73174945,2022-02-11,729.51,standard,24,0,2023-04-18,2023-04-28,overheating,0,,True,True,INV-582662,True,True,True,True,True,False,0,False,False,Valid Claim
CLM-000446,USR-5660,Home Appliances,Whirlpool,WM 2500,SN89961933,2020-02-29,127.6,standard,12,0,2021-03-15,2021-03-20,motor_failure,0,,True,True,INV-416503,True,True,True,True,True,False,0,False,False,Invalid Claim
CLM-000447,USR-4464,Electronics,Samsung,Galaxy S22,SN52024344,2020-07-25,1571.52,standard,24,0,2022-03-10,2022-04-05,overheating,0,,True,True,INV-878088,True,True,True,True,True,False,2,False,False,Manual Review
CLM-000448,USR-7484,Home Appliances,IFB,Senorita SX,SN11020743,2023-08-02,2823.68,standard,12,0,2024-02-08,2024-02-13,motor_failure,0,,True,False,INV-632216,True,True,True,True,True,False,0,False,False,Manual Review
CLM-000449,USR-5018,Electronics,Sony,Bravia X75,SN71072308,2022-05-12,2734.66,standard,24,0,2024-01-14,2024-01-19,screen_defect,0,,True,True,INV-205102,True,True,True,True,False,False,0,False,False,Manual Review
CLM-000450,USR-9001,Electronics,Xiaomi,Redmi Note 12,SN13459771,2020-01-03,1159.06,standard,24,0,2021-05-26,2021-06-19,software_malfunction,0,,True,True,INV-698910,True,True,True,True,True,False,2,False,False,Manual Review
CLM-000451,USR-7556,Power Tools,Stanley,SXD201,SN35226688,2021-02-08,280.43,standard,18,0,2022-03-20,2022-03-30,battery_failure,0,,True,False,INV-272172,True,True,True,True,True,False,0,False,False,Manual Review
CLM-000452,USR-5493,Home Appliances,Whirlpool,WM 2500,SN58545863,2023-06-03,864.74,standard,12,0,2023-07-24,2023-07-26,cooling_failure,0,,True,True,INV-920433,True,True,True,True,True,False,2,False,False,Manual Review
CLM-000453,USR-1908,Home Appliances,Samsung,RT28 Refrigerator,SN77056519,2021-12-27,2589.33,standard,12,0,2022-05-01,2022-05-06,motor_failure,1,2022-04-09,True,True,INV-485548,True,True,True,True,True,True,0,False,False,Valid Claim
CLM-000454,USR-1077,Electronics,Apple,iPhone 13,SN70673557,2020-04-17,878.7,standard,24,0,2022-04-17,2022-04-23,overheating,0,,True,True,INV-911117,True,True,True,True,True,False,0,False,False,Valid Claim
CLM-000455,USR-8532,Electronics,Dell,Inspiron 5518,SN30534124,2021-12-31,1351.62,standard,24,0,2022-12-15,2023-01-04,audio_fault,0,,True,True,INV-647091,True,True,True,True,True,False,0,False,False,Valid Claim
CLM-000456,USR-2331,Power Tools,Makita,HP457,SN43115824,2022-07-20,978.72,standard,18,0,2023-10-03,2023-10-01,motor_failure,0,,True,True,INV-883714,True,True,True,True,True,False,0,False,False,Manual Review
CLM-000457,USR-5687,Power Tools,Bosch,GSR 18V,SN81891508,2020-07-14,2650.0,extended,18,12,2022-08-13,2022-09-03,battery_failure,0,,True,True,INV-376967,True,True,True,True,True,False,0,False,False,Valid Claim
CLM-000458,USR-7157,Power Tools,Stanley,SXD201,SN91420209,2023-02-21,1595.38,standard,18,0,2024-02-18,2024-02-22,battery_failure,5,2024-02-15,True,True,INV-144146,True,True,True,True,True,True,0,False,False,Manual Review
CLM-000459,USR-7951,Electronics,HP,Pavilion 15,SN46383465,2020-11-19,760.3,standard,24,0,2022-01-29,2022-01-30,power_failure,3,2021-08-01,True,True,INV-909862,True,True,True,True,True,True,0,False,False,Manual Review
CLM-000460,USR-8555,Home Appliances,Whirlpool,WM 2500,SN83260153,2021-08-20,615.45,standard,12,0,2021-12-13,2021-12-22,water_leakage,0,,True,False,INV-200707,True,True,True,True,True,False,0,False,False,Manual Review
CLM-000461,USR-3009,Power Tools,Black+Decker,CD701,SN28217159,2021-02-02,2570.25,standard,18,0,2022-03-28,2022-04-12,battery_failure,0,,True,True,INV-281043,True,True,True,True,True,False,0,False,False,Valid Claim
CLM-000462,USR-1110,Electronics,LG,OLED C3,SN63108878,2021-09-04,1050.07,standard,24,0,2022-10-19,2022-11-03,battery_failure,2,2022-05-12,True,True,INV-498343,True,True,True,True,True,True,0,False,False,Valid Claim
CLM-000463,USR-7947,Electronics,LG,OLED C3,SN37138304,2023-01-01,892.99,standard,24,0,2024-04-17,2024-05-16,screen_defect,5,2023-09-03,True,True,INV-410899,True,True,True,True,True,True,0,False,False,Manual Review
CLM-000464,USR-7044,Home Appliances,Whirlpool,WM 2500,SN72734149,2021-12-29,2426.69,standard,12,0,2022-03-28,2022-03-30,drum_failure,0,,True,True,INV-236074,True,True,True,True,True,False,0,False,False,Valid Claim
CLM-000465,USR-8347,Electronics,Samsung,Galaxy S22,SN85027178,2023-02-09,1978.81,standard,24,0,2023-03-09,2023-04-01,software_malfunction,0,,True,True,INV-599779,True,True,True,True,True,False,0,False,False,Manual Review
CLM-000466,USR-6606,Home Appliances,IFB,Senorita SX,SN83085160,2023-02-24,2106.87,standard,12,0,2025-02-12,2025-02-14,motor_failure,0,,True,True,INV-794799,True,True,True,True,True,False,0,False,False,Invalid Claim
CLM-000467,USR-8412,Home Appliances,Godrej,WD 700,SN76476033,2020-07-08,782.29,standard,12,0,2020-08-28,2020-09-09,wear_and_tear,0,,True,True,INV-889660,True,True,True,True,True,False,0,False,False,Invalid Claim
CLM-000468,USR-3106,Home Appliances,LG,Fridge 340L,SN29666405,2024-02-21,1853.75,standard,12,0,2025-02-27,2025-03-03,water_leakage,0,,True,True,INV-369804,True,True,True,True,True,False,0,False,False,Manual Review
CLM-000469,USR-2129,Power Tools,Black+Decker,CD701,SN77908907,2022-01-17,1970.83,standard,18,0,2022-10-13,2022-10-29,manufacturing_defect,0,,True,True,INV-990844,True,True,True,True,True,False,0,False,False,Valid Claim
CLM-000470,USR-8697,Power Tools,Stanley,SXD201,SN73875700,2023-03-06,1721.79,standard,18,0,2023-05-28,2023-06-10,unauthorized_modification,0,,True,True,INV-631297,True,True,True,True,True,False,0,False,False,Invalid Claim
CLM-000471,USR-5728,Power Tools,Black+Decker,CD701,SN31983567,2022-06-14,2432.56,standard,18,0,2023-03-07,2023-03-12,physical_damage,0,,True,True,INV-863998,True,True,True,True,True,False,0,False,False,Invalid Claim
CLM-000472,USR-1359,Power Tools,Makita,HP457,SN29825571,2020-04-20,1792.9,extended,18,12,2021-12-30,2022-01-16,motor_failure,0,,True,True,INV-911982,True,True,True,True,True,False,0,False,False,Valid Claim
CLM-000473,USR-8702,Power Tools,Bosch,GSR 18V,SN15843091,2022-02-27,1936.16,standard,18,0,2023-05-09,2023-05-10,chuck_defect,0,,True,True,INV-365971,True,True,True,True,True,False,0,False,False,Valid Claim
CLM-000474,USR-3305,Power Tools,Makita,HP457,SN43419962,2020-03-22,597.89,standard,18,0,2021-02-04,2021-02-09,manufacturing_defect,3,2020-12-17,True,True,INV-234163,True,True,True,True,True,True,0,False,False,Manual Review
CLM-000475,USR-7337,Home Appliances,Bosch,Serie 6 Washer,SN86286724,2020-09-16,1308.92,standard,12,0,2021-01-27,2021-02-09,drum_failure,1,2021-01-22,True,True,INV-816116,True,True,True,True,True,True,0,False,False,Valid Claim
CLM-000476,USR-4950,Home Appliances,Whirlpool,WM 2500,SN98195059,2021-11-26,1914.51,standard,12,0,2022-06-29,2022-07-02,drum_failure,0,,True,True,INV-870899,True,True,True,True,True,False,0,False,False,Valid Claim
CLM-000477,USR-4670,Power Tools,Makita,HP457,SN48909246,2020-02-05,2773.04,standard,18,0,2021-03-25,2021-04-06,chuck_defect,0,,True,True,INV-509391,True,True,True,True,True,False,1,False,False,Manual Review
CLM-000478,USR-6864,Home Appliances,Godrej,WD 700,SN71568435,2020-07-24,2131.45,standard,12,0,2021-10-29,2021-11-11,water_leakage,0,,True,True,INV-209159,True,True,True,True,True,False,0,False,False,Invalid Claim
CLM-000479,USR-8739,Electronics,Dell,Inspiron 5518,SN23494908,2021-10-27,2069.08,standard,24,0,2023-07-25,2023-08-24,power_failure,0,,True,True,INV-105433,True,True,True,True,True,False,0,False,False,Valid Claim
CLM-000480,USR-7284,Home Appliances,LG,Fridge 340L,SN77556678,2020-07-18,1798.92,standard,12,0,2021-07-18,2021-08-01,motor_failure,0,,True,True,INV-168458,True,True,True,True,True,False,0,False,False,Valid Claim
CLM-000481,USR-4042,Electronics,Dell,Inspiron 5518,SN47158689,2021-07-05,1544.56,standard,24,0,2023-07-12,2023-08-11,manufacturing_defect,0,,True,True,INV-733992,True,True,True,True,True,False,0,False,False,Manual Review
CLM-000482,USR-2957,Electronics,Samsung,Galaxy S22,SN54532115,2022-09-29,340.19,standard,24,0,2022-10-22,2022-11-13,screen_defect,0,,True,True,INV-701885,True,True,True,True,True,False,0,False,False,Manual Review
CLM-000483,USR-8056,Home Appliances,Whirlpool,WM 2500,SN58240526,2021-05-04,682.42,standard,12,0,2021-12-28,2022-01-08,manufacturing_defect,0,,True,False,INV-303258,True,True,True,True,True,False,0,False,False,Manual Review
CLM-000484,USR-7375,Power Tools,Bosch,GSR 18V,SN95345915,2020-11-14,95.45,standard,18,0,2022-08-01,2022-08-17,manufacturing_defect,0,,True,True,INV-963245,True,True,True,True,True,False,0,False,False,Invalid Claim
CLM-000485,USR-5720,Power Tools,Black+Decker,CD701,SN41895531,2020-08-04,959.36,standard,18,0,2021-04-29,2021-05-20,manufacturing_defect,0,,True,True,INV-350021,True,True,True,True,True,False,0,False,False,Valid Claim
CLM-000486,USR-9096,Home Appliances,IFB,Senorita SX,SN25906458,2023-09-30,735.49,standard,12,0,2024-03-29,2024-04-03,wear_and_tear,0,,True,True,INV-299800,True,True,True,True,True,False,0,False,False,Invalid Claim
CLM-000487,USR-2873,Power Tools,Stanley,SXD201,SN89478790,2022-09-12,1820.54,standard,18,0,2024-05-05,2024-05-20,chuck_defect,0,,True,True,INV-682051,True,True,True,True,True,False,0,False,False,Invalid Claim
CLM-000488,USR-6166,Home Appliances,Godrej,WD 700,SN70358769,2021-12-14,979.41,standard,12,0,2022-12-21,2022-12-28,drum_failure,0,,True,True,INV-512658,True,True,True,True,True,False,0,False,False,Manual Review
CLM-000489,USR-3793,Electronics,Samsung,Galaxy S22,SN54112109,2020-09-29,1123.98,standard,24,0,2022-09-29,2022-10-08,screen_defect,0,,True,True,INV-752011,True,True,True,True,True,False,0,False,False,Valid Claim
CLM-000490,USR-6224,Home Appliances,LG,Fridge 340L,SN90143600,2020-01-16,719.54,extended,12,24,2022-05-29,2022-06-07,cooling_failure,0,,True,True,INV-161437,True,True,True,True,True,False,0,False,False,Valid Claim
CLM-000491,USR-1771,Home Appliances,IFB,Senorita SX,SN62791522,2023-05-28,951.46,standard,12,0,2023-09-12,2023-09-26,water_leakage,0,,True,False,INV-617300,True,True,True,True,True,False,0,False,False,Manual Review
CLM-000492,USR-6320,Home Appliances,LG,Fridge 340L,SN70838623,2021-10-27,1503.52,standard,12,0,2023-01-04,2023-01-10,manufacturing_defect,0,,True,True,INV-598424,True,True,True,True,True,False,0,False,False,Invalid Claim
CLM-000493,USR-2017,Power Tools,Makita,HP457,SN99628735,2021-04-17,425.22,standard,18,0,2022-01-03,2022-01-20,chuck_defect,0,,True,True,INV-267475,True,True,True,True,True,False,0,False,False,Valid Claim
CLM-000494,USR-8206,Power Tools,Makita,HP457,SN25813415,2023-01-11,2255.28,standard,18,0,2023-08-25,2023-08-31,switch_fault,4,2023-05-08,True,True,INV-453737,True,True,True,True,True,True,0,False,False,Manual Review
CLM-000495,USR-5166,Electronics,Samsung,Galaxy S22,SN73960038,2020-07-28,2529.8,standard,24,0,2023-09-02,2023-09-13,manufacturing_defect,0,,True,True,INV-571706,True,True,True,True,True,False,0,False,False,Invalid Claim
CLM-000496,USR-5256,Home Appliances,Bosch,Serie 6 Washer,SN30900054,2022-04-13,966.43,standard,12,0,2024-05-17,2024-05-31,manufacturing_defect,0,,True,True,INV-648736,True,True,True,True,True,False,0,False,False,Invalid Claim
CLM-000497,USR-1466,Home Appliances,Samsung,RT28 Refrigerator,SN13466848,2021-10-08,1048.22,standard,12,0,2022-02-03,2022-02-10,water_leakage,2,2022-01-15,True,True,INV-135885,True,True,True,True,True,True,0,False,False,Manual Review
CLM-000498,USR-7221,Power Tools,Black+Decker,CD701,SN58130331,2020-12-26,1865.17,standard,18,0,2022-06-26,2022-07-12,motor_failure,0,,True,True,INV-606545,True,True,True,True,True,False,0,False,False,Valid Claim
CLM-000499,USR-6073,Home Appliances,Samsung,RT28 Refrigerator,SN56596140,2022-12-18,1486.42,standard,12,0,2024-02-13,2024-02-21,motor_failure,0,,True,True,INV-943797,True,True,True,True,True,False,0,False,False,Invalid Claim
CLM-000500,USR-4747,Power Tools,Stanley,SXD201,SN21942232,2023-06-26,2924.45,standard,18,0,2024-08-12,2024-08-18,physical_damage,0,,True,True,INV-374499,True,True,True,True,True,False,0,False,False,Invalid Claim
CLM-000501,USR-5990,Power Tools,Stanley,SXD201,SN78227936,2023-07-18,1722.01,standard,18,0,2025-01-18,2025-01-30,battery_failure,0,,True,True,INV-457411,True,True,True,True,True,False,0,False,False,Valid Claim
CLM-000502,USR-3900,Home Appliances,LG,Fridge 340L,SN89299984,2022-12-29,1824.95,standard,12,0,2024-11-30,2024-12-10,control_panel_fault,0,,True,True,INV-885290,True,True,True,True,True,False,0,False,False,Invalid Claim
CLM-000503,USR-2641,Electronics,Apple,iPhone 13,SN10414016,2021-10-27,1414.2,standard,24,0,2022-05-30,2022-05-31,audio_fault,0,,True,True,INV-521326,True,True,True,True,False,False,0,False,False,Manual Review
CLM-000504,USR-1691,Home Appliances,Bosch,Serie 6 Washer,SN83763371,2020-11-09,1601.1,standard,12,0,2022-10-13,2022-10-18,cooling_failure,0,,True,True,INV-604605,True,True,True,True,True,False,0,False,False,Invalid Claim
CLM-000505,USR-1885,Power Tools,Makita,HP457,SN30237141,2022-04-15,481.11,standard,18,0,2023-10-15,2023-10-29,motor_failure,0,,True,True,INV-459315,True,True,True,True,True,False,0,False,False,Valid Claim
CLM-000506,USR-6511,Power Tools,Makita,HP457,SN78090664,2023-04-19,2498.61,standard,18,0,2024-06-08,2024-06-27,switch_fault,0,,True,True,INV-613641,True,True,True,True,True,False,0,False,False,Valid Claim
CLM-000507,USR-5778,Electronics,LG,OLED C3,SN45029610,2020-08-19,2564.67,extended,24,24,2023-08-03,2023-08-14,overheating,0,,True,True,INV-512040,True,True,True,True,True,False,0,False,False,Valid Claim
CLM-000508,USR-5847,Electronics,Dell,Inspiron 5518,SN49625201,2021-12-25,144.06,standard,24,0,2023-04-17,2023-04-26,overheating,0,,True,True,INV-790203,True,True,True,True,True,False,0,False,False,Valid Claim
CLM-000509,USR-4750,Home Appliances,Whirlpool,WM 2500,SN87201917,2020-06-25,1794.4,standard,12,0,2020-12-24,2021-01-03,manufacturing_defect,0,,True,True,INV-901909,True,True,True,True,True,False,0,False,False,Valid Claim
CLM-000510,USR-1095,Electronics,Apple,iPhone 13,SN58215939,2022-05-27,2660.04,standard,24,0,2022-11-29,2022-12-06,audio_fault,0,,True,True,INV-308105,False,True,True,True,False,False,0,False,False,Manual Review
CLM-000511,USR-1871,Home Appliances,Bosch,Serie 6 Washer,SN71772215,2023-03-11,1886.91,standard,12,0,2023-03-25,2023-03-27,water_leakage,0,,True,True,INV-719774,True,True,True,True,True,False,0,False,False,Manual Review
CLM-000512,USR-9005,Power Tools,Makita,HP457,SN96126771,2021-05-31,2239.61,standard,18,0,2022-08-03,2022-08-15,battery_failure,0,,True,True,INV-276405,True,True,True,True,True,False,0,False,False,Valid Claim
CLM-000513,USR-3918,Power Tools,Stanley,SXD201,SN15209356,2021-02-20,1301.03,standard,18,0,2020-11-30,2021-11-16,chuck_defect,0,,True,True,INV-743173,True,True,True,True,True,False,0,False,False,Manual Review
CLM-000514,USR-4974,Electronics,Sony,Bravia X75,SN91121400,2022-08-27,2135.0,standard,24,0,2024-05-26,2024-06-06,screen_defect,0,,True,True,INV-350956,True,True,True,True,True,False,0,False,False,Valid Claim
CLM-000515,USR-8266,Power Tools,Makita,HP457,SN50630244,2021-03-16,2828.97,standard,18,0,2022-04-08,2022-04-16,switch_fault,0,,True,True,INV-406900,True,True,True,True,True,False,2,True,False,Manual Review
CLM-000516,USR-8073,Home Appliances,Whirlpool,WM 2500,SN89210454,2021-04-15,1231.26,standard,12,0,2022-11-08,2022-11-15,cooling_failure,0,,True,True,INV-846348,True,True,True,True,True,False,0,False,False,Invalid Claim
CLM-000517,USR-3151,Power Tools,Makita,HP457,SN58190104,2023-05-09,2023.32,standard,18,0,2023-10-13,2023-10-29,chuck_defect,2,2023-09-29,False,True,INV-637555,True,True,True,True,True,True,0,False,False,Invalid Claim
CLM-000518,USR-4501,Power Tools,Stanley,SXD201,SN22458031,2021-07-24,1574.08,standard,18,0,2022-03-09,2022-03-30,chuck_defect,1,2021-08-28,False,True,INV-646660,True,True,True,True,True,True,0,False,False,Invalid Claim
CLM-000519,USR-4322,Home Appliances,LG,Fridge 340L,SN43513553,2021-04-03,2522.1,standard,12,0,2022-06-08,2022-06-10,cooling_failure,0,,True,True,INV-263573,True,True,True,True,True,False,0,False,False,Invalid Claim
CLM-000520,USR-4164,Electronics,Xiaomi,Redmi Note 12,SN63481198,2020-02-07,1038.52,standard,24,0,2021-01-30,2021-02-11,overheating,0,,True,True,INV-172792,True,True,True,True,True,False,0,False,False,Valid Claim
CLM-000521,USR-3280,Home Appliances,Godrej,WD 700,SN36777331,2021-10-11,810.06,standard,12,0,2022-03-07,2022-03-12,water_leakage,0,,True,False,INV-681208,True,True,True,True,True,False,0,False,False,Manual Review
CLM-000522,USR-8564,Power Tools,Stanley,SXD201,SN47818761,2022-06-10,2352.12,standard,18,0,2023-03-05,2023-03-11,switch_fault,0,,True,True,INV-653081,True,True,True,True,True,False,0,False,False,Valid Claim
CLM-000523,USR-2740,Power Tools,Black+Decker,CD701,SN69268093,2021-03-12,2168.97,standard,18,0,2021-06-11,2021-06-14,unauthorized_modification,0,,True,True,INV-136554,True,True,True,True,True,False,0,False,False,Invalid Claim
CLM-000524,USR-8282,Home Appliances,Whirlpool,WM 2500,SN15721942,2023-08-03,2731.68,standard,12,0,2024-05-13,2024-05-25,cooling_failure,0,,True,True,INV-246070,True,True,True,True,True,False,2,True,False,Manual Review
CLM-000525,USR-1190,Power Tools,Stanley,SXD201,SN96355513,2020-04-10,2808.36,standard,18,0,2021-10-10,2021-10-26,switch_fault,0,,True,True,INV-990079,True,True,True,True,True,False,0,False,False,Valid Claim
CLM-000526,USR-2138,Electronics,LG,OLED C3,SN61793831,2021-01-31,908.75,standard,24,0,2022-10-02,2023-03-02,power_failure,0,,True,True,INV-405246,True,True,True,True,True,False,0,False,False,Invalid Claim
CLM-000527,USR-5114,Home Appliances,Samsung,RT28 Refrigerator,SN16818112,2022-09-16,349.51,standard,12,0,2023-03-21,2023-03-22,water_leakage,0,,True,True,INV-969634,True,True,True,True,True,False,0,False,False,Valid Claim
CLM-000528,USR-1821,Electronics,Apple,iPhone 13,SN88406989,2020-04-16,1472.22,standard,24,0,2020-12-06,2020-12-08,overheating,0,,True,True,INV-656926,True,True,True,True,True,False,0,False,False,Valid Claim
CLM-000529,USR-6632,Electronics,Sony,Bravia X75,SN82672055,2020-03-17,1288.84,extended,24,12,2022-07-26,2022-08-13,overheating,0,,True,True,INV-718372,True,True,True,True,True,False,0,False,False,Valid Claim
CLM-000530,USR-7620,Electronics,Samsung,Galaxy S22,SN98654879,2022-03-24,1013.19,extended,24,12,2024-04-21,2024-05-12,power_failure,0,,True,True,INV-856320,True,True,True,True,True,False,0,False,False,Valid Claim
CLM-000531,USR-9751,Home Appliances,LG,Fridge 340L,SN13619375,2023-06-17,2728.23,standard,12,0,2023-08-14,2023-08-16,drum_failure,0,,True,True,INV-691807,True,True,True,True,True,False,0,False,False,Valid Claim
CLM-000532,USR-8679,Home Appliances,LG,Fridge 340L,SN71928212,2022-11-11,1074.73,standard,12,0,2023-04-01,2023-08-04,manufacturing_defect,0,,True,True,INV-428282,True,True,True,True,True,False,0,False,False,Invalid Claim
CLM-000533,USR-2007,Home Appliances,Bosch,Serie 6 Washer,SN22151134,2022-09-28,715.43,standard,12,0,2024-10-30,2024-11-10,motor_failure,0,,True,True,INV-708979,True,True,True,True,True,False,0,False,False,Invalid Claim
CLM-000534,USR-3028,Electronics,HP,Pavilion 15,SN96424699,2023-02-12,1713.31,standard,24,0,2024-10-31,2024-11-19,power_failure,1,2024-10-17,False,True,INV-748758,True,True,True,True,True,True,0,False,False,Invalid Claim
CLM-000535,USR-7714,Electronics,HP,Pavilion 15,SN96020669,2020-11-15,1020.31,standard,24,0,2023-11-07,2023-11-10,manufacturing_defect,0,,True,True,INV-648615,True,True,True,True,True,False,0,False,False,Invalid Claim
CLM-000536,USR-2545,Home Appliances,IFB,Senorita SX,SN23009833,2021-01-13,2004.23,standard,12,0,2021-09-25,2021-10-03,cooling_failure,0,,True,True,INV-544154,True,True,True,True,True,False,0,False,False,Valid Claim
CLM-000537,USR-6685,Electronics,Dell,Inspiron 5518,SN48709538,2022-07-09,401.76,standard,24,0,2023-02-17,2023-03-04,manufacturing_defect,0,,True,False,INV-623162,True,True,True,True,True,False,0,False,False,Manual Review
CLM-000538,USR-6143,Electronics,Samsung,Galaxy S22,SN90745350,2020-06-09,950.1,standard,24,0,2021-08-28,2021-09-19,liquid_damage,0,,True,True,INV-526777,True,True,True,True,True,False,0,False,False,Invalid Claim
CLM-000539,USR-1627,Electronics,HP,Pavilion 15,SN83159563,2022-07-08,534.76,standard,24,0,2023-04-25,2023-05-06,screen_defect,0,,True,True,INV-252582,True,True,True,True,False,False,0,False,False,Manual Review
CLM-000540,USR-3292,Power Tools,Black+Decker,CD701,SN14791343,2021-01-12,643.83,standard,18,0,2021-11-12,2021-11-25,physical_damage,0,,True,True,INV-350069,True,True,True,True,True,False,0,False,False,Invalid Claim
CLM-000541,USR-5066,Power Tools,Makita,HP457,SN25898299,2020-06-12,1709.57,standard,18,0,2021-06-06,2021-06-26,battery_failure,0,,True,True,INV-735770,True,True,True,True,True,False,0,False,False,Valid Claim
CLM-000542,USR-7125,Electronics,HP,Pavilion 15,SN54493460,2020-11-15,1287.11,standard,24,0,2021-10-08,2020-09-21,battery_failure,0,,True,True,INV-868956,True,True,True,True,True,False,0,False,False,Manual Review
CLM-000543,USR-7830,Power Tools,Bosch,GSR 18V,SN67020114,2022-07-28,512.65,standard,18,0,2022-11-20,2022-12-09,chuck_defect,0,,True,True,INV-579285,True,True,True,True,True,False,2,True,False,Manual Review
CLM-000544,USR-3113,Home Appliances,IFB,Senorita SX,SN69166889,2022-04-06,1150.86,standard,12,0,2022-11-28,2022-11-30,drum_failure,0,,True,True,INV-428881,True,False,True,True,False,False,0,False,False,Manual Review
CLM-000545,USR-3028,Power Tools,Stanley,SXD201,SN16406597,2021-12-15,2289.16,standard,18,0,2022-07-09,2022-07-28,manufacturing_defect,1,2022-05-10,False,True,INV-570534,True,True,True,True,True,True,0,False,False,Invalid Claim
CLM-000546,USR-3450,Electronics,Apple,iPhone 13,SN53866598,2021-06-25,1547.01,standard,24,0,2023-08-09,2023-08-31,power_failure,0,,True,True,INV-260639,True,True,True,True,True,False,0,False,False,Invalid Claim
CLM-000547,USR-4373,Electronics,Lenovo,IdeaPad Slim 3,SN55092789,2020-07-12,1530.46,standard,24,0,2021-09-05,2021-09-11,commercial_use,0,,True,True,INV-902059,True,True,True,True,True,False,0,False,False,Invalid Claim
CLM-000548,USR-9963,Electronics,Lenovo,IdeaPad Slim 3,SN66122786,2020-10-02,1246.26,standard,24,0,2022-03-04,2022-02-15,software_malfunction,0,,True,True,INV-223295,True,True,True,True,True,False,0,False,False,Manual Review
CLM-000549,USR-8640,Home Appliances,Whirlpool,WM 2500,SN30777669,2021-10-27,196.63,standard,12,0,2022-01-06,2022-01-20,cooling_failure,0,,True,True,INV-725874,True,True,True,True,True,False,0,False,False,Valid Claim
CLM-000550,USR-8586,Home Appliances,Godrej,WD 700,SN17734153,2020-10-11,1722.17,standard,12,0,2021-08-23,2021-08-26,water_leakage,0,,True,True,INV-684357,True,True,True,True,True,False,0,False,False,Valid Claim
CLM-000551,USR-6656,Electronics,Sony,Bravia X75,SN70721529,2022-01-22,1499.78,standard,24,0,2022-08-08,2022-08-24,commercial_use,0,,True,True,INV-969856,True,True,True,True,True,False,0,False,False,Invalid Claim
CLM-000552,USR-4053,Home Appliances,Godrej,WD 700,SN95963619,2021-01-01,1999.34,standard,12,0,2021-05-27,2021-06-04,water_leakage,1,2021-03-21,True,True,INV-130610,True,True,True,True,True,True,0,False,False,Valid Claim
CLM-000553,USR-2302,Power Tools,Bosch,GSR 18V,SN73968467,2021-12-25,471.53,standard,18,0,2024-06-28,2024-07-19,switch_fault,0,,True,True,INV-591534,True,True,True,True,True,False,0,False,False,Invalid Claim
CLM-000554,USR-3917,Electronics,Xiaomi,Redmi Note 12,SN61986593,2022-07-09,1170.58,standard,24,0,2023-04-06,2023-04-27,unauthorized_modification,0,,True,True,INV-854787,True,True,True,True,True,False,0,False,False,Invalid Claim
CLM-000555,USR-8052,Power Tools,Black+Decker,CD701,SN24219637,2021-10-30,110.8,standard,18,0,2022-09-10,2022-09-27,chuck_defect,1,2022-07-15,True,True,INV-332785,True,True,True,True,True,True,0,False,False,Valid Claim
CLM-000556,USR-1180,Electronics,Apple,iPhone 13,SN33062057,2022-11-16,1034.17,standard,24,0,2023-07-07,2023-09-13,screen_defect,0,,True,True,INV-510103,True,True,True,True,True,False,0,False,False,Invalid Claim
CLM-000557,USR-2456,Home Appliances,Godrej,WD 700,SN24666517,2022-04-11,1937.65,standard,12,0,2022-08-07,2022-08-12,cooling_failure,0,,True,True,INV-953779,True,True,True,True,True,False,0,False,True,Invalid Claim
CLM-000558,USR-1697,Power Tools,Bosch,GSR 18V,SN40838737,2022-12-06,697.34,standard,18,0,2023-06-16,2023-06-18,switch_fault,1,2023-03-17,True,True,INV-598598,True,True,True,True,True,True,0,False,False,Valid Claim
CLM-000559,USR-6288,Home Appliances,LG,Fridge 340L,SN12137730,2020-11-30,405.52,standard,12,0,2020-12-30,2021-01-08,drum_failure,0,,True,True,INV-425611,True,True,True,True,True,False,0,False,False,Manual Review
CLM-000560,USR-1339,Electronics,Dell,Inspiron 5518,SN24768716,2022-02-14,2493.56,standard,24,0,2022-06-11,2022-06-16,overheating,0,,True,True,INV-970860,False,True,True,True,True,False,0,False,False,Manual Review
CLM-000561,USR-5485,Power Tools,Bosch,GSR 18V,SN85237007,2021-09-18,1104.0,standard,18,0,2022-08-28,2022-08-31,chuck_defect,1,2021-08-26,True,True,INV-588900,True,True,True,True,True,True,0,False,False,Manual Review
CLM-000562,USR-6848,Electronics,Xiaomi,Redmi Note 12,SN16416148,2021-07-28,2608.13,standard,24,0,2022-02-13,2022-03-11,software_malfunction,0,,True,True,INV-386488,True,True,True,True,True,False,0,False,False,Valid Claim
CLM-000563,USR-3308,Home Appliances,IFB,Senorita SX,SN22993840,2021-05-11,227.77,standard,12,0,2022-01-25,2022-01-29,water_leakage,0,,True,True,INV-745270,True,True,True,True,True,False,0,False,False,Valid Claim
CLM-000564,USR-6533,Power Tools,Bosch,GSR 18V,SN67796900,2020-04-29,412.79,standard,18,0,2021-04-05,2021-04-13,motor_failure,2,2020-10-08,False,True,INV-226550,True,True,True,True,True,True,0,False,False,Invalid Claim
CLM-000565,USR-2530,Power Tools,Stanley,SXD201,SN41523529,2021-11-06,2044.56,standard,18,0,2022-04-10,2022-04-15,motor_failure,0,,True,True,INV-945742,True,True,True,True,True,False,0,False,False,Valid Claim
CLM-000566,USR-5722,Home Appliances,Godrej,WD 700,SN98930456,2022-09-30,2839.97,standard,12,0,2023-07-04,2023-07-06,drum_failure,0,,True,True,INV-138479,True,True,True,True,True,False,0,False,False,Valid Claim
CLM-000567,USR-8449,Home Appliances,Samsung,RT28 Refrigerator,SN22103709,2021-02-06,810.24,standard,12,0,2023-02-17,2023-03-02,control_panel_fault,0,,True,True,INV-780081,True,True,True,True,True,False,0,False,False,Invalid Claim
CLM-000568,USR-5726,Power Tools,Black+Decker,CD701,SN13180065,2023-08-09,748.71,standard,18,0,2024-02-04,2024-02-11,chuck_defect,0,,True,True,INV-459376,True,True,True,True,True,False,0,False,True,Invalid Claim
CLM-000569,USR-2696,Electronics,LG,OLED C3,SN61996696,2020-09-08,1999.96,standard,24,0,2022-04-20,2022-05-20,battery_failure,0,,True,True,INV-437477,True,True,True,True,True,False,0,False,False,Valid Claim
CLM-000570,USR-7776,Electronics,Sony,Bravia X75,SN66846657,2021-11-07,1146.58,standard,24,0,2024-05-21,2024-06-10,power_failure,0,,True,True,INV-436318,True,True,True,True,True,False,0,False,False,Invalid Claim
CLM-000571,USR-4571,Power Tools,DeWalt,DCD771,SN29364653,2022-05-05,391.9,standard,18,0,2023-02-08,2023-02-22,unauthorized_modification,0,,True,True,INV-387883,True,True,True,True,True,False,0,False,False,Invalid Claim
CLM-000572,USR-7791,Home Appliances,Godrej,WD 700,SN33473742,2021-07-02,1702.98,standard,12,0,2021-10-25,2021-10-29,liquid_damage,0,,True,True,INV-695503,True,True,True,True,True,False,0,False,False,Invalid Claim
CLM-000573,USR-6567,Home Appliances,Godrej,WD 700,SN95398202,2021-03-13,2470.09,standard,12,0,2021-01-03,2021-11-26,cooling_failure,0,,True,True,INV-569380,True,True,True,True,True,False,0,False,False,Manual Review
CLM-000574,USR-7927,Electronics,Xiaomi,Redmi Note 12,SN86576546,2021-06-01,2153.7,standard,24,0,2021-06-08,2021-07-07,audio_fault,0,,True,True,INV-424785,True,True,True,True,True,False,0,False,False,Manual Review
CLM-000575,USR-2122,Power Tools,Bosch,GSR 18V,SN89864260,2021-01-04,278.45,standard,18,0,2021-04-29,2021-05-18,motor_failure,0,,True,True,INV-523389,True,True,True,True,True,False,0,False,False,Valid Claim
CLM-000576,USR-5506,Power Tools,Bosch,GSR 18V,SN42868828,2020-02-10,731.78,standard,18,0,2021-04-18,2021-05-06,manufacturing_defect,0,,True,True,INV-809570,True,True,True,True,True,False,0,False,False,Valid Claim
CLM-000577,USR-5653,Home Appliances,LG,Fridge 340L,SN36936968,2020-04-22,2384.43,standard,12,0,2021-05-31,2021-06-08,drum_failure,0,,True,True,INV-384459,True,True,True,True,True,False,0,False,False,Invalid Claim
CLM-000578,USR-7658,Electronics,Sony,Bravia X75,SN75575808,2021-04-28,1701.11,standard,24,0,2022-11-09,2022-11-30,power_failure,0,,True,True,INV-824156,True,True,True,True,True,False,0,False,False,Valid Claim
CLM-000579,USR-4050,Power Tools,Black+Decker,CD701,SN61364639,2023-07-22,670.28,standard,18,0,2023-08-02,2023-08-17,battery_failure,0,,True,True,INV-467624,True,True,True,True,True,False,0,False,False,Manual Review
CLM-000580,USR-1893,Electronics,Dell,Inspiron 5518,SN79386491,2020-10-17,2718.73,standard,24,0,2023-10-02,2023-10-17,screen_defect,0,,True,True,INV-970206,True,True,True,True,True,False,0,False,False,Invalid Claim
CLM-000581,USR-1979,Home Appliances,Godrej,WD 700,SN57716774,2020-04-21,1962.16,standard,12,0,2021-06-26,2021-06-29,control_panel_fault,0,,True,True,INV-662407,True,True,True,True,True,False,0,False,False,Invalid Claim
CLM-000582,USR-2252,Electronics,Xiaomi,Redmi Note 12,SN20120010,2021-06-12,2684.95,standard,24,0,2021-09-24,2021-10-24,overheating,0,,True,True,INV-631815,True,True,True,True,True,False,0,False,False,Valid Claim
CLM-000583,USR-4526,Electronics,LG,OLED C3,SN28013093,2021-08-25,1838.26,standard,24,0,2022-11-08,2022-11-17,power_failure,0,,True,True,INV-720529,True,True,True,True,False,False,0,False,False,Manual Review
CLM-000584,USR-5059,Power Tools,DeWalt,DCD771,SN68754920,2020-03-10,2973.68,standard,18,0,2021-03-11,2021-03-17,switch_fault,0,,True,True,INV-648141,True,True,True,True,True,False,0,False,False,Valid Claim
CLM-000585,USR-3563,Power Tools,Black+Decker,CD701,SN18961986,2023-04-21,1103.32,standard,18,0,2023-12-07,2023-02-20,switch_fault,0,,True,True,INV-337009,True,True,True,True,True,False,0,False,False,Manual Review
CLM-000586,USR-9818,Power Tools,Stanley,SXD201,SN33878421,2021-08-18,1242.08,standard,18,0,2021-08-21,2021-08-24,manufacturing_defect,0,,True,True,INV-308267,True,True,True,True,True,False,0,False,False,Manual Review
CLM-000587,USR-7438,Home Appliances,IFB,Senorita SX,SN44297151,2020-01-06,958.59,standard,12,0,2020-06-06,2020-06-20,liquid_damage,0,,True,True,INV-411870,True,True,True,True,True,False,0,False,False,Invalid Claim
CLM-000588,USR-1613,Electronics,HP,Pavilion 15,SN19782015,2020-08-11,1369.26,standard,24,0,2020-11-22,2020-12-22,software_malfunction,0,,True,True,INV-735996,True,True,True,True,True,False,1,True,False,Manual Review
CLM-000589,USR-7523,Electronics,Apple,iPhone 13,SN77137866,2021-07-21,649.06,standard,24,0,2022-10-01,2022-10-06,overheating,0,,True,True,INV-509617,True,False,True,True,True,False,0,False,False,Manual Review
CLM-000590,USR-8088,Power Tools,DeWalt,DCD771,SN77493234,2020-09-10,2739.28,standard,18,0,2021-01-05,2021-01-22,manufacturing_defect,0,,True,True,INV-971776,True,True,True,True,True,False,0,False,False,Valid Claim
CLM-000591,USR-6783,Home Appliances,Godrej,WD 700,SN84962645,2020-06-07,2519.78,standard,12,0,2020-11-04,2020-11-16,motor_failure,0,,True,False,INV-791515,True,True,True,True,True,False,0,False,False,Manual Review
CLM-000592,USR-1311,Power Tools,Bosch,GSR 18V,SN44349528,2020-05-31,709.71,standard,18,0,2021-07-31,2021-08-20,motor_failure,0,,True,True,INV-675462,True,True,True,True,True,False,0,False,False,Valid Claim
CLM-000593,USR-7249,Power Tools,Bosch,GSR 18V,SN63912988,2021-08-15,359.82,standard,18,0,2022-08-10,2022-09-07,battery_failure,0,,True,True,INV-344435,True,True,True,True,True,False,0,False,False,Invalid Claim
CLM-000594,USR-2903,Electronics,Xiaomi,Redmi Note 12,SN10187899,2022-12-19,1974.04,standard,24,0,2024-03-13,2024-03-24,audio_fault,0,,True,True,INV-734555,True,True,True,True,False,False,0,False,False,Manual Review
CLM-000595,USR-5785,Electronics,Samsung,Galaxy S22,SN14388260,2021-03-16,882.57,standard,24,0,2021-11-16,2021-12-11,battery_failure,2,2021-09-06,True,True,INV-402692,True,True,True,True,True,True,0,False,False,Valid Claim
CLM-000596,USR-6101,Electronics,LG,OLED C3,SN92310750,2020-03-02,2685.35,standard,24,0,2022-04-16,2022-04-21,battery_failure,0,,True,True,INV-565198,True,True,True,True,True,False,0,False,False,Invalid Claim
CLM-000597,USR-7204,Power Tools,Stanley,SXD201,SN83866174,2020-11-12,1191.37,standard,18,0,2023-03-02,2023-03-07,motor_failure,0,,True,True,INV-451475,True,True,True,True,True,False,0,False,False,Invalid Claim
CLM-000598,USR-7499,Power Tools,Black+Decker,CD701,SN15070029,2021-01-22,111.35,standard,18,0,2021-05-25,2021-10-16,manufacturing_defect,0,,True,True,INV-843544,True,True,True,True,True,False,0,False,False,Invalid Claim
CLM-000599,USR-7698,Home Appliances,Whirlpool,WM 2500,SN34156684,2021-07-30,2325.4,standard,12,0,2022-04-16,2022-04-22,control_panel_fault,0,,True,True,INV-864715,True,True,True,True,True,False,0,False,False,Valid Claim
CLM-000600,USR-9830,Home Appliances,Godrej,WD 700,SN62008140,2020-04-28,634.42,standard,12,0,2022-06-06,2022-06-15,control_panel_fault,0,,True,True,INV-621718,True,True,True,True,True,False,0,False,False,Invalid Claim
CLM-000601,USR-1518,Home Appliances,Godrej,WD 700,SN46439766,2021-09-25,1288.5,standard,12,0,2023-04-15,2023-04-23,water_leakage,0,,True,True,INV-349185,True,True,True,True,True,False,0,False,False,Invalid Claim
CLM-000602,USR-8784,Electronics,Samsung,Galaxy S22,SN92043803,2021-05-05,2561.23,standard,24,0,2022-09-14,2022-10-13,manufacturing_defect,0,,True,True,INV-577538,True,True,True,True,True,False,0,False,False,Valid Claim
CLM-000603,USR-6047,Power Tools,DeWalt,DCD771,SN10861718,2022-03-15,2962.11,standard,18,0,2022-06-26,2022-06-29,battery_failure,0,,True,True,INV-101655,True,True,True,True,True,False,0,False,True,Invalid Claim
CLM-000604,USR-7519,Electronics,Sony,Bravia X75,SN75082169,2022-10-13,203.47,standard,24,0,2022-10-08,2023-01-26,software_malfunction,0,,True,True,INV-416110,True,True,True,True,True,False,0,False,False,Manual Review
CLM-000605,USR-1380,Home Appliances,Bosch,Serie 6 Washer,SN86178952,2023-04-06,2373.24,standard,12,0,2023-11-06,2024-03-04,motor_failure,0,,True,True,INV-261156,True,True,True,True,True,False,0,False,False,Invalid Claim
CLM-000606,USR-6024,Home Appliances,Godrej,WD 700,SN31246994,2021-08-08,1737.51,standard,12,0,2022-08-14,2022-08-22,cooling_failure,0,,True,True,INV-598372,True,True,True,True,True,False,0,False,False,Manual Review
CLM-000607,USR-9177,Electronics,Xiaomi,Redmi Note 12,SN47382097,2022-05-08,2313.27,standard,24,0,2023-04-25,2023-05-20,wear_and_tear,0,,True,True,INV-710185,True,True,True,True,True,False,0,False,False,Invalid Claim
CLM-000608,USR-8772,Home Appliances,IFB,Senorita SX,SN28590430,2022-02-08,2554.02,standard,12,0,2022-02-18,2022-02-24,motor_failure,0,,True,True,INV-200519,True,True,True,True,True,False,0,False,False,Manual Review
CLM-000609,USR-5726,Home Appliances,IFB,Senorita SX,SN99934747,2020-10-31,446.6,standard,12,0,2022-10-09,2022-10-10,manufacturing_defect,0,,True,True,INV-175231,True,True,True,True,True,False,0,False,False,Invalid Claim
CLM-000610,USR-8372,Home Appliances,Godrej,WD 700,SN72523073,2020-05-20,2065.92,standard,12,0,2021-04-12,2021-04-23,cooling_failure,0,,True,True,INV-234568,True,True,True,True,True,False,0,False,False,Valid Claim
CLM-000611,USR-8749,Home Appliances,Whirlpool,WM 2500,SN61167978,2021-10-02,1207.35,standard,12,0,2022-02-01,2022-02-09,control_panel_fault,0,,True,True,INV-930884,True,True,True,True,True,False,0,False,False,Valid Claim
CLM-000612,USR-1960,Home Appliances,Whirlpool,WM 2500,SN74481336,2021-12-23,2447.85,standard,12,0,2022-01-17,2022-01-31,control_panel_fault,0,,True,True,INV-842011,True,True,True,True,True,False,0,False,False,Manual Review
CLM-000613,USR-1599,Electronics,Sony,Bravia X75,SN81305655,2021-12-21,2236.95,standard,24,0,2023-12-23,2024-01-10,power_failure,0,,True,True,INV-283745,True,True,True,True,True,False,0,False,False,Manual Review
CLM-000614,USR-3785,Home Appliances,LG,Fridge 340L,SN62353135,2022-12-15,826.62,standard,12,0,2023-12-22,2024-01-01,manufacturing_defect,0,,True,True,INV-792792,True,True,True,True,True,False,0,False,False,Manual Review
CLM-000615,USR-6908,Power Tools,Bosch,GSR 18V,SN19083764,2022-11-27,2863.94,standard,18,0,2024-02-26,2024-03-14,switch_fault,0,,True,True,INV-631971,True,True,True,True,True,False,0,False,False,Valid Claim
CLM-000616,USR-8593,Home Appliances,Godrej,WD 700,SN42580280,2022-01-29,2308.12,standard,12,0,2021-12-08,2022-05-25,manufacturing_defect,0,,True,True,INV-506400,True,True,True,True,True,False,0,False,False,Manual Review
CLM-000617,USR-1732,Home Appliances,Samsung,RT28 Refrigerator,SN90608327,2023-12-31,765.31,standard,12,0,2024-10-30,2024-11-07,manufacturing_defect,0,,True,True,INV-181242,True,True,True,True,True,False,1,False,False,Manual Review
CLM-000618,USR-7642,Home Appliances,Bosch,Serie 6 Washer,SN88662348,2022-03-09,664.91,standard,12,0,2024-03-15,2024-03-17,manufacturing_defect,0,,True,True,INV-872722,True,True,True,True,True,False,0,False,False,Invalid Claim
CLM-000619,USR-3587,Electronics,Dell,Inspiron 5518,SN91889353,2020-12-06,2014.76,standard,24,0,2022-12-14,2023-01-04,software_malfunction,0,,True,True,INV-641554,True,True,True,True,True,False,0,False,False,Manual Review
CLM-000620,USR-7388,Electronics,Apple,iPhone 13,SN40651547,2020-12-17,1165.61,standard,24,0,2020-12-19,2020-12-24,overheating,0,,True,True,INV-521484,True,True,True,True,True,False,0,False,False,Manual Review
CLM-000621,USR-4033,Electronics,Lenovo,IdeaPad Slim 3,SN69010948,2022-01-09,2046.7,standard,24,0,2023-03-21,2023-04-03,wear_and_tear,0,,True,True,INV-289633,True,True,True,True,True,False,0,False,False,Invalid Claim
CLM-000622,USR-9866,Power Tools,Makita,HP457,SN14336089,2021-02-10,1127.35,standard,18,0,2022-02-14,2022-03-07,battery_failure,0,,True,True,INV-207458,True,True,True,True,True,False,0,False,False,Valid Claim
CLM-000623,USR-6387,Home Appliances,Godrej,WD 700,SN66323846,2022-10-26,2027.58,standard,12,0,2023-01-21,2023-01-22,cooling_failure,2,2023-01-09,True,True,INV-473986,True,True,True,True,True,True,0,False,False,Manual Review
CLM-000624,USR-3240,Home Appliances,Godrej,WD 700,SN94322033,2024-01-05,363.72,standard,12,0,2024-03-10,2024-03-15,control_panel_fault,0,,True,True,INV-777737,True,True,True,True,True,False,0,False,False,Valid Claim
CLM-000625,USR-4387,Power Tools,DeWalt,DCD771,SN46115786,2021-03-26,1982.64,extended,18,12,2022-10-15,2022-10-31,switch_fault,0,,True,True,INV-121026,True,True,True,True,True,False,0,False,False,Valid Claim
CLM-000626,USR-7775,Power Tools,Stanley,SXD201,SN50332555,2021-03-17,883.45,standard,18,0,2022-05-21,2022-05-27,switch_fault,0,,True,True,INV-720407,True,True,True,True,True,False,0,False,False,Valid Claim
CLM-000627,USR-6629,Home Appliances,IFB,Senorita SX,SN39508245,2020-12-05,2668.31,standard,12,0,2021-04-16,2021-04-26,commercial_use,0,,True,True,INV-264404,True,True,True,True,True,False,0,False,False,Invalid Claim
CLM-000628,USR-9406,Power Tools,Black+Decker,CD701,SN31473054,2022-01-03,2862.15,standard,18,0,2023-01-03,2023-01-18,motor_failure,0,,True,True,INV-989894,True,True,True,True,True,False,0,False,False,Valid Claim
CLM-000629,USR-5034,Electronics,Sony,Bravia X75,SN59082552,2021-11-12,492.83,standard,24,0,2021-11-19,2021-12-15,overheating,0,,True,True,INV-614607,True,True,True,True,True,False,0,False,False,Manual Review
CLM-000630,USR-4088,Home Appliances,LG,Fridge 340L,SN25145751,2021-07-07,174.07,standard,12,0,2021-08-29,2021-09-02,control_panel_fault,0,,True,True,INV-539605,True,True,True,True,True,False,0,False,False,Valid Claim
CLM-000631,USR-8794,Home Appliances,LG,Fridge 340L,SN72733686,2023-09-18,1831.31,standard,12,0,2024-04-21,2024-07-25,cooling_failure,0,,True,True,INV-993395,True,True,True,True,True,False,0,False,False,Invalid Claim
CLM-000632,USR-2063,Electronics,Apple,iPhone 13,SN83819367,2021-12-01,1663.14,standard,24,0,2022-07-23,2022-08-15,software_malfunction,0,,True,True,INV-992717,True,True,True,True,True,False,0,False,False,Valid Claim
CLM-000633,USR-4428,Power Tools,Stanley,SXD201,SN20926356,2022-09-17,2371.22,standard,18,0,2023-02-03,2023-06-08,switch_fault,0,,True,True,INV-168024,True,True,True,True,True,False,0,False,False,Invalid Claim
CLM-000634,USR-7126,Home Appliances,Samsung,RT28 Refrigerator,SN17543817,2022-05-27,1584.59,extended,12,24,2024-04-24,2024-05-06,motor_failure,0,,True,True,INV-168804,True,True,True,True,True,False,0,False,False,Valid Claim
CLM-000635,USR-7395,Home Appliances,Godrej,WD 700,SN65950146,2023-12-16,2512.6,standard,12,0,2024-08-01,2024-08-14,control_panel_fault,1,2024-02-25,False,True,INV-784196,True,True,True,True,True,True,0,False,False,Invalid Claim
CLM-000636,USR-6269,Electronics,Samsung,Galaxy S22,SN38451145,2020-04-05,913.13,standard,24,0,2020-09-28,2020-10-12,software_malfunction,0,,True,True,INV-735984,True,False,True,True,True,False,0,False,False,Manual Review
CLM-000637,USR-2539,Electronics,Lenovo,IdeaPad Slim 3,SN79946108,2022-01-11,2024.74,standard,24,0,2024-08-17,2024-09-08,power_failure,0,,True,True,INV-595793,True,True,True,True,True,False,0,False,False,Invalid Claim
CLM-000638,USR-7626,Electronics,Apple,iPhone 13,SN11640743,2020-07-15,549.78,standard,24,0,2022-02-27,2022-03-12,power_failure,1,2020-07-12,True,True,INV-702597,True,True,True,True,True,True,0,False,False,Manual Review
CLM-000639,USR-9361,Home Appliances,Godrej,WD 700,SN47756962,2021-02-28,212.82,standard,12,0,2021-05-19,2021-06-29,control_panel_fault,0,,True,True,INV-660033,True,True,True,True,True,False,0,False,False,Invalid Claim
CLM-000640,USR-9084,Home Appliances,Samsung,RT28 Refrigerator,SN41927492,2020-01-01,713.27,standard,12,0,2021-09-02,2021-09-09,control_panel_fault,0,,True,True,INV-598820,True,True,True,True,True,False,0,False,False,Invalid Claim
CLM-000641,USR-3230,Home Appliances,IFB,Senorita SX,SN50264407,2021-10-10,81.03,standard,12,0,2022-05-02,2022-05-06,cooling_failure,4,2022-04-14,True,True,INV-842749,True,True,True,True,True,True,0,False,False,Manual Review
CLM-000642,USR-8106,Home Appliances,Godrej,WD 700,SN85982862,2022-12-16,2201.72,standard,12,0,2023-05-12,2023-05-18,wear_and_tear,0,,True,True,INV-647639,True,True,True,True,True,False,0,False,False,Invalid Claim
CLM-000643,USR-3822,Electronics,LG,OLED C3,SN94914383,2020-01-19,225.88,standard,24,0,2020-07-09,2020-07-24,commercial_use,0,,True,True,INV-960607,True,True,True,True,True,False,0,False,False,Invalid Claim
CLM-000644,USR-7653,Home Appliances,LG,Fridge 340L,SN49920898,2023-10-23,1404.35,standard,12,0,2024-02-25,2024-03-04,control_panel_fault,0,,True,True,INV-162823,True,True,True,True,True,False,0,False,False,Valid Claim
CLM-000645,USR-6327,Home Appliances,Bosch,Serie 6 Washer,SN47162866,2021-07-09,842.55,extended,12,12,2022-12-23,2022-12-27,control_panel_fault,0,,True,True,INV-783112,True,True,True,True,True,False,0,False,False,Valid Claim
CLM-000646,USR-3471,Power Tools,Black+Decker,CD701,SN18304547,2022-10-12,1395.53,standard,18,0,2023-01-17,2023-02-03,chuck_defect,0,,True,True,INV-849014,True,True,True,True,True,False,0,False,False,Valid Claim
CLM-000647,USR-5693,Home Appliances,Samsung,RT28 Refrigerator,SN90191410,2022-11-22,247.79,standard,12,0,2024-08-13,2024-08-21,motor_failure,0,,True,True,INV-771394,True,True,True,True,True,False,0,False,False,Invalid Claim
CLM-000648,USR-5926,Home Appliances,Whirlpool,WM 2500,SN40784021,2022-05-28,2999.14,standard,12,0,2023-01-27,2023-02-04,manufacturing_defect,2,2022-09-05,True,True,INV-782028,True,True,True,True,True,True,0,False,False,Manual Review
CLM-000649,USR-5920,Electronics,Xiaomi,Redmi Note 12,SN22335296,2020-09-08,1745.82,standard,24,0,2023-10-08,2023-10-11,battery_failure,0,,True,True,INV-327999,True,True,True,True,True,False,0,False,False,Invalid Claim
CLM-000650,USR-5500,Electronics,Dell,Inspiron 5518,SN52572475,2021-08-28,2280.78,standard,24,0,2023-06-01,2023-06-26,screen_defect,0,,True,False,INV-183641,True,True,True,True,True,False,0,False,False,Manual Review
CLM-000651,USR-9833,Home Appliances,Samsung,RT28 Refrigerator,SN42715893,2022-11-07,2107.23,standard,12,0,2023-11-12,2023-11-20,manufacturing_defect,0,,True,True,INV-492415,True,True,True,True,True,False,0,False,False,Manual Review
CLM-000652,USR-3283,Electronics,Apple,iPhone 13,SN49553600,2021-12-29,1424.33,standard,24,0,2023-09-27,2023-10-27,overheating,0,,True,True,INV-994762,False,True,True,True,False,False,0,False,False,Manual Review
CLM-000653,USR-2738,Home Appliances,Bosch,Serie 6 Washer,SN41094836,2023-05-15,2025.99,standard,12,0,2023-10-12,2023-10-21,motor_failure,0,,True,True,INV-200638,True,True,True,True,True,False,1,True,False,Manual Review
CLM-000654,USR-3832,Power Tools,Makita,HP457,SN75535348,2022-09-04,2491.06,standard,18,0,2024-04-26,2024-05-16,switch_fault,0,,True,True,INV-959324,True,True,True,True,True,False,0,False,False,Invalid Claim
CLM-000655,USR-3837,Power Tools,Black+Decker,CD701,SN71694994,2021-09-23,2743.4,standard,18,0,2022-05-16,2022-06-06,chuck_defect,0,,True,True,INV-672808,True,True,True,True,True,False,0,False,False,Valid Claim
CLM-000656,USR-4216,Home Appliances,Whirlpool,WM 2500,SN95235919,2021-05-17,2872.55,standard,12,0,2021-12-03,2021-12-13,cooling_failure,0,,True,True,INV-231250,True,True,True,True,True,False,0,False,False,Valid Claim
CLM-000657,USR-5905,Power Tools,Stanley,SXD201,SN99038526,2020-01-06,382.47,standard,18,0,2020-04-28,2020-05-02,motor_failure,0,,True,True,INV-377312,True,True,True,True,True,False,0,False,False,Valid Claim
CLM-000658,USR-5034,Power Tools,DeWalt,DCD771,SN42522981,2022-11-28,289.2,standard,18,0,2025-05-18,2025-06-06,battery_failure,0,,True,True,INV-439121,True,True,True,True,True,False,0,False,False,Invalid Claim
CLM-000659,USR-5052,Home Appliances,Whirlpool,WM 2500,SN99433358,2021-06-12,2476.18,standard,12,0,2021-09-17,2021-09-29,motor_failure,0,,True,True,INV-596912,True,False,True,True,True,False,0,False,False,Manual Review
CLM-000660,USR-6050,Home Appliances,LG,Fridge 340L,SN58942697,2020-03-15,2705.03,standard,12,0,2020-08-14,2020-08-25,manufacturing_defect,0,,True,True,INV-475190,True,True,True,True,True,False,0,False,False,Valid Claim
CLM-000661,USR-7586,Home Appliances,Bosch,Serie 6 Washer,SN53518077,2024-02-09,432.74,standard,12,0,2024-12-29,2025-01-01,improper_installation,0,,True,True,INV-703945,True,True,True,True,True,False,0,False,False,Invalid Claim
CLM-000662,USR-6810,Power Tools,DeWalt,DCD771,SN87424312,2023-03-11,525.61,standard,18,0,2023-10-09,2023-10-15,motor_failure,3,2023-04-16,True,True,INV-316157,True,True,True,True,True,True,0,False,False,Manual Review
CLM-000663,USR-7147,Electronics,Apple,iPhone 13,SN95942441,2020-03-06,826.9,standard,24,0,2022-03-06,2022-03-08,battery_failure,0,,True,True,INV-753404,True,True,True,True,True,False,0,False,False,Valid Claim
CLM-000664,USR-7974,Home Appliances,Godrej,WD 700,SN93650995,2023-05-11,605.01,standard,12,0,2025-03-01,2025-03-15,drum_failure,0,,True,True,INV-544726,True,True,True,True,True,False,0,False,False,Invalid Claim
CLM-000665,USR-9076,Electronics,Xiaomi,Redmi Note 12,SN78265991,2021-04-18,2276.98,standard,24,0,2022-04-01,2022-04-03,screen_defect,2,2022-01-10,False,True,INV-220671,True,True,True,True,True,True,0,False,False,Invalid Claim
CLM-000666,USR-1894,Electronics,Xiaomi,Redmi Note 12,SN66648087,2022-10-24,1083.94,standard,24,0,2023-07-30,2023-09-20,power_failure,0,,True,True,INV-771670,True,True,True,True,True,False,0,False,False,Invalid Claim
CLM-000667,USR-9489,Electronics,Xiaomi,Redmi Note 12,SN48387144,2022-05-09,648.66,standard,24,0,2025-02-14,2025-03-03,overheating,0,,True,True,INV-728636,True,True,True,True,True,False,0,False,False,Invalid Claim
CLM-000668,USR-7437,Electronics,Dell,Inspiron 5518,SN23596829,2022-03-02,722.07,standard,24,0,2023-02-12,2023-02-28,overheating,0,,True,False,INV-825283,True,True,True,True,True,False,0,False,False,Manual Review
CLM-000669,USR-3149,Electronics,Apple,iPhone 13,SN55502589,2022-06-24,929.26,standard,24,0,2023-11-20,2023-11-22,battery_failure,0,,True,True,INV-997531,False,True,True,True,False,False,0,False,False,Manual Review
CLM-000670,USR-9737,Home Appliances,LG,Fridge 340L,SN89933222,2024-02-25,762.81,standard,12,0,2024-06-20,2024-07-02,cooling_failure,1,2024-05-31,False,True,INV-398357,True,True,True,True,True,True,0,False,False,Invalid Claim
CLM-000671,USR-7828,Home Appliances,Bosch,Serie 6 Washer,SN91198924,2022-01-05,1965.02,extended,12,24,2023-08-24,2023-09-07,motor_failure,0,,True,True,INV-563173,True,True,True,True,True,False,0,False,False,Valid Claim
CLM-000672,USR-4897,Electronics,LG,OLED C3,SN25692379,2020-11-15,200.16,standard,24,0,2021-06-05,2021-06-20,unauthorized_modification,0,,True,True,INV-702433,True,True,True,True,True,False,0,False,False,Invalid Claim
CLM-000673,USR-5233,Home Appliances,LG,Fridge 340L,SN47281925,2020-02-18,2003.32,standard,12,0,2020-04-24,2020-05-06,wear_and_tear,0,,True,True,INV-775591,True,True,True,True,True,False,0,False,False,Invalid Claim
CLM-000674,USR-8363,Home Appliances,IFB,Senorita SX,SN31067861,2021-07-29,2777.82,standard,12,0,2022-08-01,2022-08-02,motor_failure,0,,True,True,INV-519487,True,True,True,True,True,False,0,False,False,Manual Review
CLM-000675,USR-9032,Home Appliances,Godrej,WD 700,SN69533928,2020-07-29,294.59,standard,12,0,2020-11-26,2020-11-28,manufacturing_defect,0,,True,True,INV-437758,True,True,True,True,True,False,0,False,False,Valid Claim
CLM-000676,USR-5043,Electronics,Dell,Inspiron 5518,SN42528051,2022-05-07,1474.96,standard,24,0,2022-08-16,2022-09-08,overheating,0,,True,True,INV-478970,True,True,True,True,True,False,0,False,True,Invalid Claim
CLM-000677,USR-6654,Electronics,Dell,Inspiron 5518,SN29659692,2022-03-08,928.12,standard,24,0,2022-08-08,2022-08-20,software_malfunction,0,,True,True,INV-848831,True,True,True,True,True,False,0,False,False,Valid Claim
CLM-000678,USR-7606,Home Appliances,Godrej,WD 700,SN59115280,2022-01-08,212.11,standard,12,0,2022-06-01,2022-06-07,manufacturing_defect,0,,True,True,INV-697983,True,True,True,True,True,False,0,False,False,Valid Claim
CLM-000679,USR-9992,Home Appliances,Whirlpool,WM 2500,SN17130627,2022-01-15,82.46,standard,12,0,2023-07-29,2023-07-31,drum_failure,0,,True,True,INV-960622,True,True,True,True,True,False,0,False,False,Invalid Claim
CLM-000680,USR-4909,Electronics,Lenovo,IdeaPad Slim 3,SN32848229,2021-09-06,1000.13,standard,24,0,2022-05-28,2022-06-08,manufacturing_defect,0,,True,False,INV-274740,True,True,True,True,True,False,0,False,False,Manual Review
CLM-000681,USR-2783,Home Appliances,IFB,Senorita SX,SN33591471,2023-01-23,1965.01,standard,12,0,2023-07-30,2023-08-13,manufacturing_defect,0,,True,True,INV-982683,True,True,True,True,True,False,0,False,False,Valid Claim
CLM-000682,USR-7035,Home Appliances,IFB,Senorita SX,SN54458225,2020-01-24,2047.51,standard,12,0,2020-08-13,2020-08-26,water_leakage,0,,True,True,INV-712056,True,True,True,True,True,False,0,False,False,Valid Claim
CLM-000683,USR-3438,Power Tools,DeWalt,DCD771,SN69741176,2022-10-25,168.6,standard,18,0,2022-11-23,2022-11-27,manufacturing_defect,0,,True,True,INV-663703,True,True,True,True,True,False,0,False,False,Manual Review
CLM-000684,USR-9847,Home Appliances,LG,Fridge 340L,SN59067682,2021-10-12,2874.16,standard,12,0,2022-01-14,2022-01-22,control_panel_fault,3,2021-12-06,True,True,INV-851111,True,True,True,True,True,True,0,False,False,Manual Review
CLM-000685,USR-2792,Electronics,LG,OLED C3,SN31793431,2022-01-06,167.54,standard,24,0,2023-05-07,2023-05-28,power_failure,4,2023-04-11,True,True,INV-420932,True,True,True,True,True,True,0,False,False,Manual Review
CLM-000686,USR-4568,Electronics,Apple,iPhone 13,SN25157001,2020-02-12,769.02,standard,24,0,2022-03-11,2022-03-17,screen_defect,0,,True,True,INV-440277,True,True,True,True,True,False,0,False,False,Invalid Claim
CLM-000687,USR-6257,Power Tools,Makita,HP457,SN36918105,2021-02-22,642.23,standard,18,0,2023-02-06,2023-02-21,chuck_defect,0,,True,True,INV-658131,True,True,True,True,True,False,0,False,False,Invalid Claim
CLM-000688,USR-3344,Power Tools,DeWalt,DCD771,SN95875952,2021-02-15,871.17,standard,18,0,2021-08-10,2021-08-16,physical_damage,0,,True,True,INV-532046,True,True,True,True,True,False,0,False,False,Invalid Claim
CLM-000689,USR-6067,Electronics,Apple,iPhone 13,SN37706466,2021-03-25,734.99,standard,24,0,2023-04-07,2023-05-01,software_malfunction,0,,True,True,INV-738206,True,True,True,True,True,False,0,False,False,Manual Review
CLM-000690,USR-3464,Power Tools,Black+Decker,CD701,SN89162732,2020-10-26,952.66,standard,18,0,2021-02-02,2021-02-17,motor_failure,3,2021-01-05,True,True,INV-689128,True,True,True,True,True,True,0,False,False,Manual Review
CLM-000691,USR-3507,Electronics,Dell,Inspiron 5518,SN13733713,2020-01-13,1884.85,standard,24,0,2021-04-21,2021-04-22,battery_failure,0,,True,False,INV-182598,True,True,True,True,True,False,0,False,False,Manual Review
CLM-000692,USR-3588,Home Appliances,Godrej,WD 700,SN19913576,2023-01-13,1369.85,standard,12,0,2023-07-30,2023-08-10,cooling_failure,0,,True,True,INV-716113,True,True,True,True,True,False,0,False,False,Valid Claim
CLM-000693,USR-1432,Home Appliances,Whirlpool,WM 2500,SN66494741,2023-02-07,338.21,standard,12,0,2023-08-25,2023-09-07,motor_failure,0,,True,False,INV-745092,True,True,True,True,True,False,0,False,False,Manual Review
CLM-000694,USR-3770,Home Appliances,IFB,Senorita SX,SN80496099,2022-09-09,1487.59,standard,12,0,2023-09-10,2023-09-21,water_leakage,0,,True,True,INV-498325,True,True,True,True,True,False,0,False,False,Manual Review
CLM-000695,USR-7671,Home Appliances,Whirlpool,WM 2500,SN90712387,2021-05-19,870.57,standard,12,0,2022-05-22,2022-05-31,control_panel_fault,0,,True,True,INV-285107,True,True,True,True,True,False,0,False,False,Manual Review
CLM-000696,USR-7693,Electronics,LG,OLED C3,SN70465583,2019-12-26,2092.96,standard,24,0,2020-04-10,2020-04-18,screen_defect,0,,True,True,INV-405407,True,True,True,True,True,False,0,False,False,Valid Claim
CLM-000697,USR-2297,Home Appliances,LG,Fridge 340L,SN66672010,2021-06-11,1905.94,standard,12,0,2023-05-02,2023-05-15,drum_failure,0,,True,True,INV-901676,True,True,True,True,True,False,0,False,False,Invalid Claim
CLM-000698,USR-8147,Home Appliances,Godrej,WD 700,SN12515446,2020-03-16,1422.48,standard,12,0,2020-12-05,2020-12-15,manufacturing_defect,0,,True,True,INV-428267,True,True,True,True,True,False,0,False,False,Valid Claim
CLM-000699,USR-8014,Home Appliances,Whirlpool,WM 2500,SN43105363,2024-01-24,803.67,standard,12,0,2024-06-30,2024-07-10,liquid_damage,0,,True,True,INV-707615,True,True,True,True,True,False,0,False,False,Invalid Claim
CLM-000700,USR-3347,Power Tools,Makita,HP457,SN23187101,2021-10-21,2480.64,standard,18,0,2023-07-02,2023-07-09,switch_fault,0,,True,True,INV-809589,True,True,True,True,True,False,0,False,False,Invalid Claim
CLM-000701,USR-5669,Power Tools,Black+Decker,CD701,SN98530765,2022-02-09,2090.57,standard,18,0,2022-08-27,2022-09-16,battery_failure,0,,True,False,INV-764909,True,True,True,True,True,False,0,False,False,Manual Review
CLM-000702,USR-5206,Electronics,Sony,Bravia X75,SN14698329,2023-02-14,327.06,standard,24,0,2024-02-27,2024-03-10,manufacturing_defect,0,,True,True,INV-630734,True,False,True,True,True,False,0,False,False,Manual Review
CLM-000703,USR-7232,Power Tools,Bosch,GSR 18V,SN74019136,2023-03-14,97.22,standard,18,0,2024-05-27,2024-06-09,chuck_defect,0,,True,True,INV-413118,True,True,True,True,True,False,0,False,False,Valid Claim
CLM-000704,USR-9740,Electronics,Dell,Inspiron 5518,SN80801688,2020-03-05,194.23,standard,24,0,2020-07-27,2020-08-12,audio_fault,0,,True,False,INV-117062,True,True,True,True,True,False,0,False,False,Manual Review
CLM-000705,USR-5370,Power Tools,Stanley,SXD201,SN27677427,2023-03-17,1037.6,standard,18,0,2023-07-24,2023-08-12,chuck_defect,5,2023-04-20,True,True,INV-793320,True,True,True,True,True,True,0,False,False,Manual Review
CLM-000706,USR-3639,Electronics,Samsung,Galaxy S22,SN28082355,2020-04-29,1918.26,standard,24,0,2022-08-02,2022-08-04,manufacturing_defect,0,,True,True,INV-700067,True,True,True,True,True,False,0,False,False,Invalid Claim
CLM-000707,USR-3749,Power Tools,Makita,HP457,SN91321540,2022-01-14,1853.16,standard,18,0,2023-05-02,2023-05-08,manufacturing_defect,0,,True,True,INV-915573,True,True,True,True,True,False,0,False,False,Valid Claim
CLM-000708,USR-3332,Electronics,Lenovo,IdeaPad Slim 3,SN47557512,2020-02-20,351.64,extended,24,24,2023-08-21,2023-09-04,power_failure,0,,True,True,INV-986575,True,True,True,True,True,False,0,False,False,Valid Claim
CLM-000709,USR-2990,Electronics,LG,OLED C3,SN32306580,2022-11-19,656.31,standard,24,0,2023-03-11,2023-04-09,overheating,1,2022-07-15,True,True,INV-219185,True,True,True,True,True,True,0,False,False,Manual Review
CLM-000710,USR-2516,Power Tools,Stanley,SXD201,SN63533881,2022-02-09,825.08,standard,18,0,2022-10-25,2022-10-28,motor_failure,1,2022-10-15,False,True,INV-908323,True,True,True,True,True,True,0,False,False,Invalid Claim
CLM-000711,USR-5489,Home Appliances,IFB,Senorita SX,SN26336672,2022-04-02,2066.11,standard,12,0,2022-11-18,2022-12-18,water_leakage,0,,True,True,INV-619647,True,True,True,True,True,False,0,False,False,Invalid Claim
CLM-000712,USR-8859,Power Tools,Black+Decker,CD701,SN83083942,2021-12-25,2361.79,extended,18,12,2024-03-23,2024-04-03,chuck_defect,0,,True,True,INV-693128,True,True,True,True,True,False,0,False,False,Valid Claim
CLM-000713,USR-3885,Electronics,Apple,iPhone 13,SN41749355,2020-06-15,1810.16,extended,24,24,2023-07-02,2023-08-01,overheating,0,,True,True,INV-873959,True,True,True,True,True,False,0,False,False,Valid Claim
CLM-000714,USR-8195,Power Tools,Stanley,SXD201,SN26690465,2021-08-03,1448.6,standard,18,0,2022-04-20,2022-04-29,chuck_defect,0,,True,True,INV-833723,True,True,True,True,True,False,0,False,False,Valid Claim
CLM-000715,USR-3718,Home Appliances,Samsung,RT28 Refrigerator,SN28994170,2022-01-20,927.37,standard,12,0,2022-09-12,2022-08-27,control_panel_fault,0,,True,True,INV-314393,True,True,True,True,True,False,0,False,False,Manual Review
CLM-000716,USR-1672,Home Appliances,Samsung,RT28 Refrigerator,SN70362235,2023-01-29,2734.43,standard,12,0,2023-06-19,2023-06-25,drum_failure,0,,True,True,INV-783501,True,True,True,True,True,False,0,False,False,Valid Claim
CLM-000717,USR-6201,Electronics,Apple,iPhone 13,SN54975010,2022-11-17,577.6,standard,24,0,2023-10-03,2023-10-21,battery_failure,0,,True,False,INV-550908,True,True,True,True,True,False,0,False,False,Manual Review
CLM-000718,USR-7660,Home Appliances,Godrej,WD 700,SN10747830,2023-02-20,862.98,standard,12,0,2023-12-12,2023-12-21,motor_failure,1,2022-12-01,True,True,INV-891714,True,True,True,True,True,True,0,False,False,Manual Review
CLM-000719,USR-9664,Home Appliances,Godrej,WD 700,SN91163313,2021-12-30,1165.05,standard,12,0,2022-05-31,2022-06-10,control_panel_fault,0,,True,True,INV-389351,False,True,True,True,False,False,0,False,False,Manual Review
CLM-000720,USR-6553,Home Appliances,LG,Fridge 340L,SN70867592,2022-04-16,1244.29,standard,12,0,2022-11-07,2022-11-14,control_panel_fault,0,,True,True,INV-199704,True,True,True,True,True,False,0,False,False,Valid Claim
CLM-000721,USR-4673,Power Tools,Bosch,GSR 18V,SN97260863,2021-12-06,280.37,standard,18,0,2022-02-13,2022-02-21,manufacturing_defect,0,,True,True,INV-890870,True,True,True,True,True,False,0,False,False,Valid Claim
CLM-000722,USR-6507,Home Appliances,Whirlpool,WM 2500,SN99774697,2022-02-24,2063.09,standard,12,0,2022-07-03,2022-07-17,water_leakage,0,,True,True,INV-859359,True,True,True,True,True,False,0,False,False,Valid Claim
CLM-000723,USR-2127,Home Appliances,IFB,Senorita SX,SN40845084,2023-04-25,1184.38,standard,12,0,2024-05-15,2024-05-19,motor_failure,0,,True,True,INV-213844,True,True,True,True,True,False,0,False,False,Invalid Claim
CLM-000724,USR-8271,Home Appliances,Bosch,Serie 6 Washer,SN72105800,2020-12-21,130.42,standard,12,0,2021-02-22,2021-02-28,manufacturing_defect,0,,True,True,INV-589097,True,True,True,True,True,False,2,False,False,Manual Review
CLM-000725,USR-3881,Electronics,Dell,Inspiron 5518,SN79519112,2021-03-13,1436.49,standard,24,0,2021-09-26,2021-10-11,battery_failure,0,,True,True,INV-361303,True,True,True,True,True,False,0,False,False,Valid Claim
CLM-000726,USR-6823,Electronics,Lenovo,IdeaPad Slim 3,SN44206757,2021-05-22,1789.86,standard,24,0,2021-08-19,2021-08-23,overheating,2,2021-07-02,False,True,INV-627899,True,True,True,True,True,True,0,False,False,Invalid Claim
CLM-000727,USR-6428,Electronics,HP,Pavilion 15,SN18169131,2022-09-02,434.61,standard,24,0,2024-04-20,2024-05-14,battery_failure,0,,True,True,INV-807173,True,True,True,True,True,False,1,False,False,Manual Review
CLM-000728,USR-1512,Electronics,LG,OLED C3,SN37122588,2020-06-20,392.6,standard,24,0,2022-07-26,2022-08-14,power_failure,0,,True,True,INV-203550,True,True,True,True,True,False,0,False,False,Invalid Claim
CLM-000729,USR-4039,Electronics,Dell,Inspiron 5518,SN12512536,2022-01-10,1889.63,standard,24,0,2024-12-12,2024-12-20,software_malfunction,0,,True,True,INV-913712,True,True,True,True,True,False,0,False,False,Invalid Claim
CLM-000730,USR-4042,Electronics,Sony,Bravia X75,SN39738238,2022-07-14,2160.24,standard,24,0,2022-07-21,2022-08-06,manufacturing_defect,0,,True,True,INV-848719,True,True,True,True,True,False,0,False,False,Manual Review
CLM-000731,USR-1377,Power Tools,Bosch,GSR 18V,SN79524101,2022-12-22,1574.29,standard,18,0,2023-08-19,2023-08-23,motor_failure,0,,True,False,INV-326813,True,True,True,True,True,False,0,False,False,Manual Review
CLM-000732,USR-1149,Electronics,Xiaomi,Redmi Note 12,SN58617120,2021-01-24,2199.8,standard,24,0,2021-09-05,2021-09-18,battery_failure,0,,True,True,INV-206900,False,True,True,True,False,False,0,False,False,Manual Review
CLM-000733,USR-6718,Home Appliances,Bosch,Serie 6 Washer,SN34215127,2020-07-28,1803.11,standard,12,0,2020-08-13,2020-08-17,motor_failure,0,,True,True,INV-204565,True,True,True,True,True,False,0,False,False,Manual Review
CLM-000734,USR-6203,Power Tools,Makita,HP457,SN65194233,2021-06-08,1222.82,standard,18,0,2022-02-21,2021-05-21,battery_failure,0,,True,True,INV-545853,True,True,True,True,True,False,0,False,False,Manual Review
CLM-000735,USR-1361,Home Appliances,LG,Fridge 340L,SN41182544,2020-04-27,2518.05,standard,12,0,2020-11-29,2020-12-06,commercial_use,0,,True,True,INV-775987,True,True,True,True,True,False,0,False,False,Invalid Claim
CLM-000736,USR-6727,Electronics,Xiaomi,Redmi Note 12,SN13579612,2022-07-01,1291.5,standard,24,0,2023-09-29,2023-10-07,screen_defect,0,,True,True,INV-626392,True,True,True,True,True,False,0,False,False,Valid Claim
CLM-000737,USR-3242,Power Tools,Bosch,GSR 18V,SN88697675,2021-05-07,1178.53,standard,18,0,2021-10-08,2021-10-17,motor_failure,0,,True,True,INV-806056,True,True,True,True,True,False,2,True,False,Manual Review
CLM-000738,USR-6944,Home Appliances,LG,Fridge 340L,SN11327694,2020-01-03,295.29,standard,12,0,2020-04-15,2020-07-17,manufacturing_defect,0,,True,True,INV-681636,True,True,True,True,True,False,0,False,False,Invalid Claim
CLM-000739,USR-9055,Power Tools,Bosch,GSR 18V,SN19393216,2020-05-01,2864.69,standard,18,0,2020-09-04,2020-09-11,manufacturing_defect,0,,True,True,INV-765181,True,True,True,True,True,False,0,False,True,Invalid Claim
CLM-000740,USR-2831,Electronics,HP,Pavilion 15,SN32676550,2023-03-22,1150.08,standard,24,0,2025-03-25,2025-04-24,audio_fault,0,,True,True,INV-456342,True,True,True,True,True,False,0,False,False,Manual Review
CLM-000741,USR-9635,Electronics,HP,Pavilion 15,SN65533646,2020-11-22,1611.97,standard,24,0,2023-10-21,2023-10-23,audio_fault,0,,True,True,INV-319205,True,True,True,True,True,False,0,False,False,Invalid Claim
CLM-000742,USR-2604,Electronics,Lenovo,IdeaPad Slim 3,SN16789850,2023-01-21,1984.26,standard,24,0,2023-04-19,2023-04-22,battery_failure,0,,True,True,INV-976638,True,True,True,True,True,False,0,False,False,Valid Claim
CLM-000743,USR-8418,Electronics,Lenovo,IdeaPad Slim 3,SN46525224,2021-09-13,2125.38,standard,24,0,2024-03-15,2024-03-16,screen_defect,0,,True,True,INV-296911,True,True,True,True,True,False,0,False,False,Invalid Claim
CLM-000744,USR-5341,Home Appliances,IFB,Senorita SX,SN22232184,2021-05-04,1954.25,extended,12,24,2023-06-02,2023-06-09,water_leakage,0,,True,True,INV-293862,True,True,True,True,True,False,0,False,False,Valid Claim
CLM-000745,USR-6618,Home Appliances,Samsung,RT28 Refrigerator,SN55714018,2020-01-15,1013.36,standard,12,0,2021-01-19,2021-02-02,water_leakage,0,,True,True,INV-259151,True,True,True,True,True,False,0,False,False,Manual Review
CLM-000746,USR-5380,Power Tools,Makita,HP457,SN79043610,2021-08-04,2957.63,standard,18,0,2022-10-16,2022-10-30,manufacturing_defect,1,2022-01-22,True,True,INV-242175,True,True,True,True,True,True,0,False,False,Valid Claim
CLM-000747,USR-6711,Home Appliances,Bosch,Serie 6 Washer,SN78398476,2024-01-08,2150.66,standard,12,0,2024-08-28,2024-09-09,control_panel_fault,0,,True,True,INV-821933,True,True,True,True,True,False,0,False,True,Invalid Claim
CLM-000748,USR-3108,Power Tools,Bosch,GSR 18V,SN29107146,2021-03-20,2089.1,standard,18,0,2021-08-28,2021-09-02,physical_damage,0,,True,True,INV-231432,True,True,True,True,True,False,0,False,False,Invalid Claim
CLM-000749,USR-6657,Electronics,Lenovo,IdeaPad Slim 3,SN21152419,2023-02-12,686.05,standard,24,0,2025-02-17,2025-02-27,battery_failure,0,,True,True,INV-487125,True,True,True,True,True,False,0,False,False,Manual Review
CLM-000750,USR-4814,Home Appliances,Godrej,WD 700,SN22106034,2020-01-06,520.0,standard,12,0,2021-07-12,2021-07-19,water_leakage,0,,True,True,INV-327738,True,True,True,True,True,False,0,False,False,Invalid Claim
CLM-000751,USR-6666,Power Tools,Stanley,SXD201,SN19497661,2020-03-02,2853.73,standard,18,0,2021-03-04,2021-03-07,switch_fault,0,,True,True,INV-875201,True,True,True,True,True,False,2,False,False,Manual Review
CLM-000752,USR-4501,Home Appliances,IFB,Senorita SX,SN78608612,2023-10-04,1461.7,standard,12,0,2023-12-31,2024-01-05,control_panel_fault,0,,True,True,INV-277934,True,True,True,True,True,False,0,False,False,Valid Claim
CLM-000753,USR-6007,Home Appliances,Godrej,WD 700,SN64561490,2020-06-16,2330.09,standard,12,0,2020-09-09,2020-09-11,manufacturing_defect,0,,True,True,INV-765506,False,True,True,True,True,False,0,False,False,Manual Review
CLM-000754,USR-6157,Home Appliances,LG,Fridge 340L,SN25490996,2022-07-11,2103.77,standard,12,0,2023-03-22,2023-03-28,water_leakage,0,,True,True,INV-868394,True,True,True,True,True,False,1,True,False,Manual Review
CLM-000755,USR-9722,Home Appliances,Samsung,RT28 Refrigerator,SN26735821,2023-10-24,1263.98,standard,12,0,2023-12-11,2023-12-23,drum_failure,0,,True,True,INV-299422,False,True,False,True,True,False,0,False,False,Manual Review
CLM-000756,USR-9109,Home Appliances,LG,Fridge 340L,SN39714212,2023-04-03,1805.97,standard,12,0,2023-07-10,2023-07-23,control_panel_fault,4,2023-07-04,True,True,INV-378663,True,True,True,True,True,True,0,False,False,Manual Review
CLM-000757,USR-9269,Power Tools,Black+Decker,CD701,SN22090729,2022-06-20,728.49,standard,18,0,2024-07-13,2024-07-18,chuck_defect,0,,True,True,INV-924566,True,True,True,True,True,False,0,False,False,Invalid Claim
CLM-000758,USR-2822,Power Tools,Bosch,GSR 18V,SN30922844,2021-07-30,255.2,standard,18,0,2022-10-11,2022-10-17,manufacturing_defect,0,,True,True,INV-733521,False,True,True,True,True,False,0,False,False,Manual Review
CLM-000759,USR-2204,Power Tools,Makita,HP457,SN21010955,2021-05-08,862.48,standard,18,0,2022-08-06,2022-08-27,battery_failure,1,2022-06-20,True,True,INV-846247,True,True,True,True,True,True,0,False,False,Valid Claim
CLM-000760,USR-4079,Electronics,LG,OLED C3,SN15938855,2022-10-09,696.8,standard,24,0,2022-08-15,2023-12-16,screen_defect,0,,True,True,INV-197360,True,True,True,True,True,False,0,False,False,Manual Review
CLM-000761,USR-6514,Home Appliances,Samsung,RT28 Refrigerator,SN59765936,2022-05-18,2071.03,standard,12,0,2022-11-01,2022-11-07,cooling_failure,0,,True,True,INV-430536,True,True,False,True,False,False,0,False,False,Manual Review
CLM-000762,USR-2322,Electronics,Samsung,Galaxy S22,SN10852226,2022-09-13,101.09,standard,24,0,2023-09-11,2023-09-25,wear_and_tear,0,,True,True,INV-841071,True,True,True,True,True,False,0,False,False,Invalid Claim
CLM-000763,USR-2126,Power Tools,Black+Decker,CD701,SN62209742,2022-08-26,2868.88,standard,18,0,2023-02-01,2023-06-17,motor_failure,0,,True,True,INV-236243,True,True,True,True,True,False,0,False,False,Invalid Claim
CLM-000764,USR-9121,Power Tools,Black+Decker,CD701,SN87666600,2022-04-20,1819.85,standard,18,0,2022-07-01,2022-07-17,switch_fault,2,2022-06-20,False,True,INV-404899,True,True,True,True,True,True,0,False,False,Invalid Claim
CLM-000765,USR-7697,Electronics,Dell,Inspiron 5518,SN57460993,2020-04-12,1965.71,standard,24,0,2022-04-25,2022-05-04,power_failure,0,,True,True,INV-579083,True,True,True,True,True,False,0,False,False,Manual Review
CLM-000766,USR-1104,Electronics,Sony,Bravia X75,SN65350347,2020-03-29,481.48,standard,24,0,2020-08-18,2020-09-10,audio_fault,1,2020-04-29,True,True,INV-342675,True,True,True,True,True,True,0,False,False,Valid Claim
CLM-000767,USR-6439,Electronics,LG,OLED C3,SN23470708,2022-10-14,2632.64,standard,24,0,2024-06-16,2024-07-16,screen_defect,0,,True,True,INV-204555,True,True,True,True,True,False,0,False,False,Valid Claim
CLM-000768,USR-3631,Home Appliances,Bosch,Serie 6 Washer,SN44419684,2021-07-30,2085.62,standard,12,0,2022-01-13,2022-01-15,liquid_damage,0,,True,True,INV-525581,True,True,True,True,True,False,0,False,False,Invalid Claim
CLM-000769,USR-8091,Electronics,Samsung,Galaxy S22,SN88533572,2023-01-27,1490.16,standard,24,0,2025-01-27,2025-02-26,battery_failure,0,,True,True,INV-919023,True,True,True,True,True,False,0,False,False,Valid Claim
CLM-000770,USR-6437,Home Appliances,IFB,Senorita SX,SN38052785,2020-02-05,2240.84,standard,12,0,2021-11-23,2021-12-02,motor_failure,0,,True,True,INV-313701,True,True,True,True,True,False,0,False,False,Invalid Claim
CLM-000771,USR-2443,Power Tools,Black+Decker,CD701,SN68614462,2021-12-31,2545.89,standard,18,0,2022-12-21,2023-01-03,motor_failure,0,,True,True,INV-556839,True,True,True,True,True,False,0,False,False,Valid Claim
CLM-000772,USR-7627,Electronics,Lenovo,IdeaPad Slim 3,SN36480587,2021-11-27,2652.45,standard,24,0,2023-08-12,2023-08-23,manufacturing_defect,2,2022-05-05,False,True,INV-138766,True,True,True,True,True,True,0,False,False,Invalid Claim
CLM-000773,USR-3509,Home Appliances,Whirlpool,WM 2500,SN33744145,2023-05-29,2623.07,standard,12,0,2024-02-12,2023-05-25,motor_failure,0,,True,True,INV-186847,True,True,True,True,True,False,0,False,False,Manual Review
CLM-000774,USR-6424,Power Tools,Stanley,SXD201,SN21771255,2021-08-23,223.17,standard,18,0,2023-05-21,2023-05-31,battery_failure,0,,True,True,INV-286906,True,True,True,True,True,False,0,False,False,Invalid Claim
CLM-000775,USR-1383,Home Appliances,IFB,Senorita SX,SN48102759,2024-04-04,1704.8,standard,12,0,2025-04-08,2025-04-17,water_leakage,0,,True,True,INV-346120,True,True,True,True,True,False,0,False,False,Manual Review
CLM-000776,USR-6567,Home Appliances,Godrej,WD 700,SN40264841,2021-12-16,1303.91,standard,12,0,2022-08-24,2023-01-27,control_panel_fault,0,,True,True,INV-889185,True,True,True,True,True,False,0,False,False,Invalid Claim
CLM-000777,USR-2645,Home Appliances,IFB,Senorita SX,SN61654839,2022-08-22,938.08,standard,12,0,2022-12-18,2023-01-01,motor_failure,0,,True,True,INV-846525,True,False,True,True,True,False,0,False,False,Manual Review
CLM-000778,USR-6010,Power Tools,DeWalt,DCD771,SN23596009,2021-09-29,2749.38,standard,18,0,2021-10-12,2021-10-23,manufacturing_defect,0,,True,True,INV-770513,True,True,True,True,True,False,0,False,False,Manual Review
CLM-000779,USR-6703,Home Appliances,Samsung,RT28 Refrigerator,SN88449352,2023-03-24,1883.03,standard,12,0,2023-05-31,2023-06-01,water_leakage,0,,True,True,INV-170852,True,True,True,True,True,False,1,True,False,Manual Review
CLM-000780,USR-2475,Power Tools,Black+Decker,CD701,SN78679929,2020-10-21,299.14,standard,18,0,2022-04-21,2022-05-12,manufacturing_defect,0,,True,True,INV-368322,True,True,True,True,True,False,0,False,False,Valid Claim
CLM-000781,USR-6558,Electronics,Apple,iPhone 13,SN71670595,2023-02-16,2168.33,standard,24,0,2024-02-09,2024-03-06,overheating,0,,True,True,INV-246841,True,True,True,True,True,False,2,False,False,Manual Review
CLM-000782,USR-1755,Electronics,Apple,iPhone 13,SN23838227,2021-04-12,1600.09,standard,24,0,2023-10-08,2023-10-09,audio_fault,0,,True,True,INV-881770,True,True,True,True,True,False,0,False,False,Invalid Claim
CLM-000783,USR-3916,Home Appliances,Godrej,WD 700,SN47441833,2021-07-30,490.04,standard,12,0,2021-06-25,2022-01-20,cooling_failure,0,,True,True,INV-534092,True,True,True,True,True,False,0,False,False,Manual Review
CLM-000784,USR-4255,Electronics,Xiaomi,Redmi Note 12,SN57504552,2020-01-24,1614.68,standard,24,0,2021-11-03,2021-12-01,overheating,5,2021-08-13,True,True,INV-259143,True,True,True,True,True,True,0,False,False,Manual Review
CLM-000785,USR-2310,Electronics,HP,Pavilion 15,SN58262270,2022-09-01,1242.87,standard,24,0,2024-02-07,2024-02-21,power_failure,0,,True,True,INV-593578,True,True,True,True,True,False,0,False,True,Invalid Claim
CLM-000786,USR-2392,Home Appliances,Godrej,WD 700,SN24679315,2022-12-24,2325.35,standard,12,0,2023-08-07,2023-08-10,control_panel_fault,1,2023-06-16,True,True,INV-796982,True,True,True,True,True,True,0,False,False,Valid Claim
CLM-000787,USR-2697,Power Tools,Makita,HP457,SN87566910,2021-12-10,1561.64,standard,18,0,2022-10-06,2022-10-14,motor_failure,0,,True,True,INV-788637,True,True,True,True,True,False,0,False,False,Valid Claim
CLM-000788,USR-8842,Home Appliances,IFB,Senorita SX,SN80557676,2023-12-28,1279.52,standard,12,0,2024-03-19,2024-03-22,water_leakage,0,,True,True,INV-963333,True,True,True,True,True,False,0,False,False,Valid Claim
CLM-000789,USR-9755,Electronics,HP,Pavilion 15,SN87222958,2020-05-22,784.88,standard,24,0,2021-12-28,2022-01-07,battery_failure,0,,True,True,INV-740939,True,True,True,True,True,False,2,False,False,Manual Review
CLM-000790,USR-9199,Home Appliances,IFB,Senorita SX,SN30232642,2022-07-26,1087.3,standard,12,0,2022-11-01,2022-11-06,manufacturing_defect,1,2022-09-04,True,True,INV-606222,True,True,True,True,True,True,0,False,False,Valid Claim
CLM-000791,USR-7543,Electronics,HP,Pavilion 15,SN58586340,2022-05-16,720.42,standard,24,0,2023-12-15,2023-12-18,power_failure,0,,True,True,INV-634277,True,True,True,True,True,False,0,False,False,Valid Claim
CLM-000792,USR-8877,Home Appliances,Bosch,Serie 6 Washer,SN74940557,2020-01-13,2584.43,standard,12,0,2020-09-21,2020-09-29,motor_failure,2,2020-06-07,True,True,INV-759253,True,True,True,True,True,True,0,False,False,Manual Review
CLM-000793,USR-6123,Electronics,HP,Pavilion 15,SN67176108,2021-12-27,2236.54,standard,24,0,2023-12-27,2024-01-21,manufacturing_defect,0,,True,True,INV-992596,True,True,True,True,True,False,0,False,False,Valid Claim
CLM-000794,USR-5986,Home Appliances,Bosch,Serie 6 Washer,SN24969117,2021-11-04,362.91,standard,12,0,2022-09-27,2022-10-10,manufacturing_defect,0,,True,True,INV-816137,True,True,False,True,True,False,0,False,False,Manual Review
CLM-000795,USR-3455,Electronics,Xiaomi,Redmi Note 12,SN32083803,2022-12-24,1038.1,standard,24,0,2023-07-04,2023-07-26,battery_failure,0,,True,True,INV-563303,True,True,True,True,True,False,0,False,False,Valid Claim
CLM-000796,USR-7982,Electronics,HP,Pavilion 15,SN88446018,2021-07-25,2209.62,standard,24,0,2022-11-22,2022-11-04,software_malfunction,0,,True,True,INV-754836,True,True,True,True,True,False,0,False,False,Manual Review
CLM-000797,USR-7511,Power Tools,Makita,HP457,SN37339300,2021-07-07,1286.63,standard,18,0,2023-04-13,2023-04-25,switch_fault,0,,True,True,INV-605904,True,True,True,True,True,False,0,False,False,Invalid Claim
CLM-000798,USR-9613,Power Tools,DeWalt,DCD771,SN66797703,2020-04-09,1476.69,standard,18,0,2022-06-28,2022-07-10,switch_fault,0,,True,True,INV-134144,True,True,True,True,True,False,0,False,False,Invalid Claim
CLM-000799,USR-9168,Power Tools,Stanley,SXD201,SN79644554,2022-01-25,1435.66,standard,18,0,2022-09-27,2023-02-23,chuck_defect,0,,True,True,INV-847096,True,True,True,True,True,False,0,False,False,Invalid Claim
CLM-000800,USR-9084,Electronics,LG,OLED C3,SN67861335,2020-10-12,2686.73,standard,24,0,2022-10-24,2022-11-13,software_malfunction,0,,True,True,INV-580280,True,True,True,True,True,False,0,False,False,Manual Review
CLM-000801,USR-9890,Home Appliances,IFB,Senorita SX,SN72535301,2021-10-28,1294.06,standard,12,0,2022-07-15,2022-07-22,motor_failure,0,,True,True,INV-973349,True,True,True,True,True,False,0,False,False,Valid Claim
CLM-000802,USR-8522,Power Tools,Bosch,GSR 18V,SN89979598,2020-08-04,438.24,standard,18,0,2021-02-08,2021-02-14,motor_failure,0,,True,False,INV-396183,True,True,True,True,True,False,0,False,False,Manual Review
CLM-000803,USR-7566,Electronics,Lenovo,IdeaPad Slim 3,SN81721578,2022-08-28,1559.31,standard,24,0,2024-01-11,2024-01-29,overheating,1,2023-11-05,True,True,INV-825309,True,True,True,True,True,True,0,False,False,Valid Claim
CLM-000804,USR-7690,Power Tools,Makita,HP457,SN92071729,2020-09-19,941.09,standard,18,0,2022-01-03,2022-01-04,manufacturing_defect,0,,True,True,INV-756361,False,True,True,False,True,False,0,False,False,Manual Review
CLM-000805,USR-5198,Power Tools,Black+Decker,CD701,SN19805359,2023-04-27,358.22,standard,18,0,2023-12-07,2023-12-15,improper_use,0,,True,True,INV-154644,True,True,True,True,True,False,0,False,False,Invalid Claim
CLM-000806,USR-7367,Power Tools,Bosch,GSR 18V,SN98633740,2020-05-05,872.23,standard,18,0,2021-11-19,2021-11-29,chuck_defect,0,,True,True,INV-213132,True,True,True,True,True,False,0,False,False,Invalid Claim
CLM-000807,USR-6546,Electronics,Apple,iPhone 13,SN96274567,2023-01-12,591.26,standard,24,0,2024-07-13,2024-08-05,overheating,0,,True,True,INV-817941,True,True,True,True,True,False,0,False,False,Valid Claim
CLM-000808,USR-3446,Power Tools,Bosch,GSR 18V,SN31138757,2021-07-01,879.02,standard,18,0,2023-10-19,2023-11-05,manufacturing_defect,0,,True,True,INV-753205,True,True,True,True,True,False,0,False,False,Invalid Claim
CLM-000809,USR-2929,Power Tools,Black+Decker,CD701,SN45135070,2023-02-13,2342.9,standard,18,0,2024-02-15,2024-02-25,battery_failure,0,,True,True,INV-324993,True,True,True,True,True,False,0,False,False,Valid Claim
CLM-000810,USR-7479,Power Tools,Makita,HP457,SN46406303,2021-06-20,2672.06,standard,18,0,2023-10-21,2023-11-07,chuck_defect,0,,True,True,INV-884225,True,True,True,True,True,False,0,False,False,Invalid Claim
CLM-000811,USR-7275,Home Appliances,Samsung,RT28 Refrigerator,SN67621412,2020-07-28,663.18,standard,12,0,2020-10-13,2020-10-21,cooling_failure,0,,True,False,INV-492125,True,True,True,True,True,False,0,False,False,Manual Review
CLM-000812,USR-4390,Power Tools,DeWalt,DCD771,SN17966873,2021-02-16,1744.62,standard,18,0,2022-02-10,2022-02-28,switch_fault,1,2021-08-30,True,True,INV-394739,True,True,True,True,True,True,0,False,False,Valid Claim
CLM-000813,USR-1662,Power Tools,Black+Decker,CD701,SN39369404,2021-12-24,2303.5,standard,18,0,2022-07-01,2022-07-22,motor_failure,0,,True,True,INV-165914,True,True,True,True,True,False,0,False,False,Valid Claim
CLM-000814,USR-2255,Electronics,Xiaomi,Redmi Note 12,SN17604050,2020-04-15,450.01,standard,24,0,2020-08-10,2020-08-21,power_failure,0,,True,True,INV-396323,True,True,True,True,True,False,2,False,False,Manual Review
CLM-000815,USR-9000,Electronics,LG,OLED C3,SN34702473,2023-01-13,2757.35,standard,24,0,2023-05-26,2023-06-12,battery_failure,0,,True,True,INV-772985,True,True,True,True,True,False,0,False,False,Valid Claim
CLM-000816,USR-8695,Home Appliances,Bosch,Serie 6 Washer,SN88918579,2020-01-31,144.93,standard,12,0,2020-10-01,2020-10-07,commercial_use,0,,True,True,INV-496086,True,True,True,True,True,False,0,False,False,Invalid Claim
CLM-000817,USR-1430,Power Tools,Stanley,SXD201,SN91737913,2023-05-30,2792.93,standard,18,0,2023-10-24,2023-11-02,chuck_defect,0,,True,True,INV-130359,True,True,True,True,True,False,0,False,False,Valid Claim
CLM-000818,USR-6768,Electronics,Lenovo,IdeaPad Slim 3,SN57846632,2022-10-11,1885.96,standard,24,0,2023-05-13,2023-06-08,battery_failure,0,,True,True,INV-994877,True,True,True,True,True,False,1,True,False,Manual Review
CLM-000819,USR-6961,Power Tools,Bosch,GSR 18V,SN77399750,2022-03-12,110.93,standard,18,0,2023-06-21,2023-07-12,motor_failure,0,,True,True,INV-989173,True,True,True,True,True,False,0,False,False,Valid Claim
CLM-000820,USR-1840,Electronics,LG,OLED C3,SN66315301,2020-06-21,979.54,standard,24,0,2023-02-24,2023-03-06,audio_fault,0,,True,True,INV-905967,True,True,True,True,True,False,0,False,False,Invalid Claim
CLM-000821,USR-4267,Home Appliances,LG,Fridge 340L,SN96255361,2021-02-22,2663.19,extended,12,24,2023-12-14,2023-12-27,drum_failure,0,,True,True,INV-361250,True,True,True,True,True,False,0,False,False,Valid Claim
CLM-000822,USR-5668,Electronics,Xiaomi,Redmi Note 12,SN13600310,2023-01-27,2555.84,standard,24,0,2023-11-06,2023-11-23,audio_fault,1,2023-09-05,True,True,INV-416302,True,True,True,True,True,True,0,False,False,Valid Claim
CLM-000823,USR-3547,Home Appliances,Bosch,Serie 6 Washer,SN38898923,2021-07-12,2875.06,standard,12,0,2021-10-12,2021-10-19,cooling_failure,0,,True,True,INV-207175,True,True,True,True,True,False,0,False,False,Valid Claim
CLM-000824,USR-2965,Home Appliances,Bosch,Serie 6 Washer,SN69647037,2020-08-01,2675.53,standard,12,0,2020-10-29,2020-11-12,water_leakage,0,,True,True,INV-375834,True,True,True,True,True,False,1,False,False,Manual Review
CLM-000825,USR-6332,Electronics,Xiaomi,Redmi Note 12,SN74381921,2020-11-13,2829.16,standard,24,0,2022-11-14,2022-12-09,battery_failure,0,,True,True,INV-592696,True,True,True,True,True,False,0,False,False,Manual Review
CLM-000826,USR-9565,Power Tools,Makita,HP457,SN30576183,2020-03-12,423.81,standard,18,0,2020-10-07,2020-10-17,chuck_defect,2,2020-04-18,False,True,INV-492649,True,True,True,True,True,True,0,False,False,Invalid Claim
CLM-000827,USR-1934,Power Tools,Bosch,GSR 18V,SN42858752,2023-06-14,2123.26,standard,18,0,2023-10-25,2023-10-29,switch_fault,0,,True,True,INV-108328,False,True,True,False,True,False,0,False,False,Manual Review
CLM-000828,USR-4919,Power Tools,Black+Decker,CD701,SN46855845,2023-06-26,1364.43,standard,18,0,2024-01-05,2024-01-16,chuck_defect,0,,True,True,INV-345884,True,True,True,True,True,False,0,False,False,Valid Claim
CLM-000829,USR-7442,Electronics,Xiaomi,Redmi Note 12,SN60641630,2023-02-10,2339.85,standard,24,0,2024-04-21,2024-04-04,audio_fault,0,,True,True,INV-597526,True,True,True,True,True,False,0,False,False,Manual Review
CLM-000830,USR-9900,Electronics,Apple,iPhone 13,SN85910137,2020-09-06,2643.19,standard,24,0,2021-12-25,2021-12-30,manufacturing_defect,0,,True,False,INV-892026,True,True,True,True,True,False,0,False,False,Manual Review
CLM-000831,USR-7730,Home Appliances,Godrej,WD 700,SN57459130,2020-08-27,2630.93,standard,12,0,2020-11-06,2020-11-11,water_leakage,0,,True,True,INV-856086,True,True,True,True,True,False,0,False,False,Valid Claim
CLM-000832,USR-1885,Electronics,LG,OLED C3,SN96551756,2020-03-18,1143.44,standard,24,0,2021-02-11,2021-02-22,commercial_use,0,,True,True,INV-555786,True,True,True,True,True,False,0,False,False,Invalid Claim
CLM-000833,USR-5501,Electronics,Samsung,Galaxy S22,SN81905550,2022-12-09,2934.24,standard,24,0,2024-05-05,2024-05-31,manufacturing_defect,1,2023-03-03,True,True,INV-626611,True,True,True,True,True,True,0,False,False,Valid Claim
CLM-000834,USR-2666,Electronics,Dell,Inspiron 5518,SN32645646,2022-03-20,268.95,standard,24,0,2022-12-23,2023-01-12,wear_and_tear,0,,True,True,INV-455081,True,True,True,True,True,False,0,False,False,Invalid Claim
CLM-000835,USR-2099,Home Appliances,Samsung,RT28 Refrigerator,SN20140494,2021-11-03,1730.7,standard,12,0,2022-02-13,2022-02-22,drum_failure,2,2022-02-06,True,True,INV-918506,True,True,True,True,True,True,0,False,False,Manual Review
CLM-000836,USR-7955,Power Tools,Makita,HP457,SN20593403,2020-06-07,1337.37,standard,18,0,2020-12-28,2021-01-08,motor_failure,0,,True,True,INV-671971,True,True,True,True,True,False,0,False,False,Valid Claim
CLM-000837,USR-6119,Home Appliances,IFB,Senorita SX,SN62221499,2020-09-21,1503.37,standard,12,0,2021-07-14,2021-07-25,commercial_use,0,,True,True,INV-696487,True,True,True,True,True,False,0,False,False,Invalid Claim
CLM-000838,USR-7525,Home Appliances,Godrej,WD 700,SN15894491,2022-08-27,2987.55,standard,12,0,2023-02-28,2022-07-21,control_panel_fault,0,,True,True,INV-365329,True,True,True,True,True,False,0,False,False,Manual Review
CLM-000839,USR-7920,Power Tools,Stanley,SXD201,SN11714029,2021-07-28,1606.37,standard,18,0,2021-12-03,2021-12-24,manufacturing_defect,0,,True,True,INV-499371,True,True,True,True,True,False,0,False,False,Valid Claim
CLM-000840,USR-6896,Home Appliances,LG,Fridge 340L,SN15892805,2023-07-05,2927.9,standard,12,0,2024-01-11,2024-03-26,motor_failure,0,,True,True,INV-307434,True,True,True,True,True,False,0,False,False,Invalid Claim
CLM-000841,USR-2415,Electronics,Sony,Bravia X75,SN34918714,2020-12-28,1007.1,standard,24,0,2021-08-31,2020-12-14,audio_fault,0,,True,True,INV-121084,True,True,True,True,True,False,0,False,False,Manual Review
CLM-000842,USR-4693,Power Tools,Stanley,SXD201,SN53011925,2021-02-22,1109.92,standard,18,0,2022-03-31,2022-04-14,unauthorized_modification,0,,True,True,INV-628027,True,True,True,True,True,False,0,False,False,Invalid Claim
CLM-000843,USR-4726,Home Appliances,Samsung,RT28 Refrigerator,SN66013532,2023-05-28,781.85,standard,12,0,2024-11-15,2024-11-25,motor_failure,0,,True,True,INV-547180,True,True,True,True,True,False,0,False,False,Invalid Claim
CLM-000844,USR-9468,Power Tools,Makita,HP457,SN60326016,2020-02-09,1581.78,standard,18,0,2020-12-08,2020-12-29,switch_fault,0,,True,True,INV-567200,True,True,True,True,True,False,0,False,False,Valid Claim
CLM-000845,USR-5143,Home Appliances,LG,Fridge 340L,SN50563223,2022-05-13,1541.89,standard,12,0,2023-01-08,2023-01-18,drum_failure,0,,True,True,INV-790472,True,True,True,True,True,False,0,False,True,Invalid Claim
CLM-000846,USR-5422,Power Tools,DeWalt,DCD771,SN41649234,2020-07-12,1701.59,standard,18,0,2022-04-01,2022-04-06,battery_failure,0,,True,True,INV-305587,True,True,True,True,True,False,0,False,False,Invalid Claim
CLM-000847,USR-4545,Electronics,LG,OLED C3,SN74988034,2021-01-16,887.38,standard,24,0,2022-09-18,2022-10-08,battery_failure,0,,True,True,INV-897135,True,True,True,True,True,False,0,False,False,Valid Claim
CLM-000848,USR-2669,Home Appliances,Whirlpool,WM 2500,SN85493830,2020-07-24,202.55,standard,12,0,2020-11-06,2020-11-20,manufacturing_defect,1,2020-10-08,False,True,INV-275160,True,True,True,True,True,True,0,False,False,Invalid Claim
CLM-000849,USR-1107,Home Appliances,Whirlpool,WM 2500,SN42844845,2023-05-05,2655.93,standard,12,0,2025-04-03,2025-04-12,cooling_failure,0,,True,True,INV-749871,True,True,True,True,True,False,0,False,False,Invalid Claim
CLM-000850,USR-1585,Home Appliances,Samsung,RT28 Refrigerator,SN28793298,2021-07-06,512.23,standard,12,0,2022-07-08,2022-07-14,cooling_failure,0,,True,True,INV-127200,True,True,True,True,True,False,0,False,False,Manual Review
CLM-000851,USR-9203,Electronics,Samsung,Galaxy S22,SN60232033,2020-01-16,1515.04,standard,24,0,2021-04-15,2021-04-28,screen_defect,0,,True,True,INV-513820,True,True,True,True,True,False,0,False,True,Invalid Claim
CLM-000852,USR-7503,Home Appliances,LG,Fridge 340L,SN77402853,2020-10-24,1338.08,standard,12,0,2021-07-21,2021-07-26,cooling_failure,0,,True,False,INV-155739,True,True,True,True,True,False,0,False,False,Manual Review
CLM-000853,USR-9291,Electronics,HP,Pavilion 15,SN15990830,2021-02-17,1429.53,standard,24,0,2022-08-16,2022-12-16,manufacturing_defect,0,,True,True,INV-769900,True,True,True,True,True,False,0,False,False,Invalid Claim
CLM-000854,USR-1590,Power Tools,DeWalt,DCD771,SN58283485,2020-12-02,778.63,standard,18,0,2022-07-21,2022-07-30,manufacturing_defect,0,,True,True,INV-265092,True,True,True,True,True,False,0,False,False,Invalid Claim
CLM-000855,USR-6371,Power Tools,DeWalt,DCD771,SN79316990,2020-07-23,1780.52,standard,18,0,2020-11-04,2020-11-09,chuck_defect,2,2020-10-13,False,True,INV-576378,True,True,True,True,True,True,0,False,False,Invalid Claim
CLM-000856,USR-2541,Power Tools,Bosch,GSR 18V,SN71043277,2022-10-07,996.06,standard,18,0,2023-01-03,2023-01-12,chuck_defect,0,,True,True,INV-269316,False,True,True,False,True,False,0,False,False,Manual Review
CLM-000857,USR-9941,Electronics,LG,OLED C3,SN49591339,2022-02-28,2883.59,standard,24,0,2023-05-29,2023-06-28,power_failure,0,,True,True,INV-412534,True,True,True,True,True,False,0,False,False,Valid Claim
CLM-000858,USR-1693,Power Tools,Stanley,SXD201,SN91520297,2023-05-21,1390.06,standard,18,0,2024-08-09,2024-08-26,motor_failure,0,,True,True,INV-807287,False,True,True,True,True,False,0,False,False,Manual Review
CLM-000859,USR-5981,Home Appliances,Samsung,RT28 Refrigerator,SN71408972,2020-04-09,1991.53,standard,12,0,2021-01-05,2021-01-17,drum_failure,0,,True,True,INV-244243,False,True,False,True,True,False,0,False,False,Manual Review
CLM-000860,USR-9361,Electronics,Lenovo,IdeaPad Slim 3,SN69791674,2020-06-24,2441.38,standard,24,0,2022-02-12,2022-02-26,screen_defect,0,,True,True,INV-238353,True,True,True,True,True,False,0,False,False,Valid Claim
CLM-000861,USR-9963,Electronics,LG,OLED C3,SN54239393,2021-02-11,2778.59,standard,24,0,2021-12-22,2022-01-07,audio_fault,0,,True,True,INV-165356,True,True,True,True,True,False,1,False,False,Manual Review
CLM-000862,USR-5754,Home Appliances,LG,Fridge 340L,SN45138129,2020-02-17,767.62,standard,12,0,2020-10-08,2020-10-18,wear_and_tear,0,,True,True,INV-360380,True,True,True,True,True,False,0,False,False,Invalid Claim
CLM-000863,USR-2704,Home Appliances,Godrej,WD 700,SN14778162,2020-03-15,1530.06,standard,12,0,2020-10-25,2020-11-01,motor_failure,0,,True,True,INV-781927,True,True,True,True,True,False,2,True,False,Manual Review
CLM-000864,USR-9051,Home Appliances,LG,Fridge 340L,SN73598657,2022-02-21,481.54,standard,12,0,2023-03-21,2023-03-28,motor_failure,0,,True,True,INV-337264,True,True,True,True,True,False,0,False,False,Invalid Claim
CLM-000865,USR-9244,Electronics,Apple,iPhone 13,SN38290431,2022-10-11,1098.6,standard,24,0,2024-01-26,2024-02-12,audio_fault,0,,True,True,INV-650560,True,True,True,True,True,False,1,True,False,Manual Review
CLM-000866,USR-2442,Power Tools,DeWalt,DCD771,SN94180238,2022-10-09,2493.33,standard,18,0,2023-07-04,2023-07-05,wear_and_tear,0,,True,True,INV-464750,True,True,True,True,True,False,0,False,False,Invalid Claim
CLM-000867,USR-9329,Power Tools,Bosch,GSR 18V,SN80328000,2022-05-27,2559.72,standard,18,0,2022-06-18,2022-06-20,switch_fault,0,,True,True,INV-488837,True,True,True,True,True,False,0,False,False,Manual Review
CLM-000868,USR-9186,Electronics,Dell,Inspiron 5518,SN22178177,2021-05-20,618.93,standard,24,0,2021-05-28,2021-06-09,screen_defect,0,,True,True,INV-310351,True,True,True,True,True,False,0,False,False,Manual Review
CLM-000869,USR-3539,Electronics,Xiaomi,Redmi Note 12,SN99593195,2023-01-16,2978.62,standard,24,0,2023-01-24,2023-02-20,manufacturing_defect,0,,True,True,INV-618513,True,True,True,True,True,False,0,False,False,Manual Review
CLM-000870,USR-5001,Home Appliances,Whirlpool,WM 2500,SN43234179,2023-09-05,765.1,standard,12,0,2023-12-02,2023-12-14,physical_damage,0,,True,True,INV-721314,True,True,True,True,True,False,0,False,False,Invalid Claim
CLM-000871,USR-8304,Power Tools,Makita,HP457,SN38831688,2021-12-29,617.69,standard,18,0,2022-10-14,2022-10-26,battery_failure,4,2022-05-09,True,True,INV-338742,True,True,True,True,True,True,0,False,False,Manual Review
CLM-000872,USR-5311,Electronics,Apple,iPhone 13,SN31554308,2022-07-16,691.39,standard,24,0,2022-08-06,2022-08-17,overheating,0,,True,True,INV-673862,True,True,True,True,True,False,0,False,False,Manual Review
CLM-000873,USR-1693,Home Appliances,Bosch,Serie 6 Washer,SN57319709,2022-06-23,1875.37,standard,12,0,2022-09-05,2022-09-07,water_leakage,0,,True,True,INV-387892,True,True,True,True,True,False,0,False,False,Valid Claim
CLM-000874,USR-9748,Power Tools,Makita,HP457,SN70305001,2022-10-09,2902.4,standard,18,0,2023-05-24,2023-05-26,unauthorized_modification,0,,True,True,INV-138842,True,True,True,True,True,False,0,False,False,Invalid Claim
CLM-000875,USR-7939,Power Tools,Stanley,SXD201,SN63992760,2022-04-19,320.69,standard,18,0,2023-04-23,2023-04-28,switch_fault,2,2022-06-30,True,True,INV-663772,True,True,True,True,True,True,0,False,False,Valid Claim
CLM-000876,USR-6087,Electronics,Samsung,Galaxy S22,SN72298460,2021-05-06,1497.32,standard,24,0,2021-08-24,2021-08-31,physical_damage,0,,True,True,INV-542519,True,True,True,True,True,False,0,False,False,Invalid Claim
CLM-000877,USR-7145,Power Tools,DeWalt,DCD771,SN83851788,2021-03-03,2784.35,standard,18,0,2023-04-27,2023-05-12,chuck_defect,0,,True,True,INV-477496,True,True,True,True,True,False,0,False,False,Invalid Claim
CLM-000878,USR-8483,Home Appliances,Bosch,Serie 6 Washer,SN11069604,2020-06-14,1157.24,standard,12,0,2020-12-31,2021-01-12,cooling_failure,1,2020-11-09,True,True,INV-691194,True,True,True,True,True,True,0,False,False,Valid Claim
CLM-000879,USR-5078,Electronics,Sony,Bravia X75,SN61646699,2022-02-14,2331.98,standard,24,0,2025-03-17,2025-03-19,screen_defect,0,,True,True,INV-359168,True,True,True,True,True,False,0,False,False,Invalid Claim
CLM-000880,USR-3938,Power Tools,Stanley,SXD201,SN52209421,2020-02-26,125.72,standard,18,0,2020-07-02,2020-07-15,motor_failure,1,2020-05-04,True,True,INV-715551,True,True,True,True,True,True,0,False,False,Valid Claim
CLM-000881,USR-7586,Home Appliances,Whirlpool,WM 2500,SN40317902,2021-08-20,1903.75,standard,12,0,2021-11-21,2021-12-01,improper_installation,0,,True,True,INV-852570,True,True,True,True,True,False,0,False,False,Invalid Claim
CLM-000882,USR-8960,Electronics,Xiaomi,Redmi Note 12,SN70484679,2021-10-01,1038.77,standard,24,0,2022-05-18,2022-06-17,audio_fault,0,,True,True,INV-420523,True,True,True,True,True,False,0,False,False,Valid Claim
CLM-000883,USR-7488,Electronics,Apple,iPhone 13,SN86359356,2020-12-04,1878.7,standard,24,0,2023-03-23,2023-03-30,manufacturing_defect,0,,True,True,INV-972460,True,True,True,True,True,False,0,False,False,Invalid Claim
CLM-000884,USR-7412,Power Tools,Black+Decker,CD701,SN62487600,2021-12-03,289.72,standard,18,0,2023-01-17,2023-01-24,chuck_defect,0,,True,True,INV-396080,False,True,True,True,False,False,0,False,False,Manual Review
CLM-000885,USR-8849,Home Appliances,Godrej,WD 700,SN38720823,2021-05-29,670.04,standard,12,0,2021-11-29,2021-12-02,drum_failure,0,,True,True,INV-384303,True,True,True,True,True,False,0,False,False,Valid Claim
CLM-000886,USR-3960,Electronics,Apple,iPhone 13,SN56328320,2022-02-25,2433.77,standard,24,0,2023-11-04,2023-11-22,audio_fault,0,,True,True,INV-927061,False,False,True,True,True,False,0,False,False,Manual Review
CLM-000887,USR-8040,Home Appliances,Godrej,WD 700,SN67288633,2020-09-02,1684.67,standard,12,0,2020-12-16,2020-12-26,manufacturing_defect,0,,True,True,INV-559226,True,True,True,True,True,False,2,True,False,Manual Review
CLM-000888,USR-3762,Power Tools,Bosch,GSR 18V,SN89431184,2022-10-15,2829.49,standard,18,0,2023-11-10,2023-11-30,motor_failure,0,,True,True,INV-279516,True,True,True,True,True,False,0,False,False,Valid Claim
CLM-000889,USR-7121,Home Appliances,Godrej,WD 700,SN65813853,2023-05-14,2129.67,standard,12,0,2024-03-29,2024-04-11,water_leakage,0,,True,True,INV-894139,True,True,True,True,True,False,0,False,False,Valid Claim
CLM-000890,USR-9524,Home Appliances,Godrej,WD 700,SN46235719,2020-07-14,1898.57,standard,12,0,2021-07-14,2021-07-21,control_panel_fault,0,,True,True,INV-243826,True,True,True,True,True,False,0,False,False,Valid Claim
CLM-000891,USR-1394,Home Appliances,LG,Fridge 340L,SN80853774,2022-04-18,1006.76,standard,12,0,2022-07-30,2022-08-01,cooling_failure,1,2022-06-23,False,True,INV-195446,True,True,True,True,True,True,0,False,False,Invalid Claim
CLM-000892,USR-9393,Electronics,LG,OLED C3,SN50119441,2022-04-14,2541.78,standard,24,0,2024-01-13,2024-02-12,battery_failure,0,,True,True,INV-429159,True,True,True,True,True,False,0,False,False,Valid Claim
CLM-000893,USR-3705,Electronics,LG,OLED C3,SN45575298,2022-08-20,1620.81,standard,24,0,2023-06-05,2023-07-05,battery_failure,0,,True,True,INV-543692,True,True,True,True,True,False,0,False,False,Valid Claim
CLM-000894,USR-6268,Home Appliances,LG,Fridge 340L,SN41225585,2022-07-31,1719.99,standard,12,0,2022-12-31,2023-01-09,water_leakage,0,,True,False,INV-397391,True,True,True,True,True,False,0,False,False,Manual Review
CLM-000895,USR-5140,Electronics,LG,OLED C3,SN36082023,2021-03-17,414.7,standard,24,0,2022-12-30,2023-01-29,audio_fault,0,,True,True,INV-938504,True,True,True,True,True,False,0,False,False,Valid Claim
CLM-000896,USR-8572,Home Appliances,LG,Fridge 340L,SN19374071,2021-05-05,100.1,standard,12,0,2022-05-11,2022-05-18,manufacturing_defect,0,,True,True,INV-815153,True,True,True,True,True,False,0,False,False,Manual Review
CLM-000897,USR-9804,Electronics,HP,Pavilion 15,SN98223673,2020-01-22,2937.99,standard,24,0,2020-07-21,2020-08-14,overheating,0,,True,True,INV-918427,True,False,True,True,False,False,0,False,False,Manual Review
CLM-000898,USR-2622,Power Tools,DeWalt,DCD771,SN75679047,2022-04-18,1877.7,standard,18,0,2023-05-30,2023-06-11,chuck_defect,0,,True,True,INV-134305,True,True,True,True,True,False,0,False,False,Valid Claim
CLM-000899,USR-7190,Home Appliances,Godrej,WD 700,SN97949650,2020-08-30,1250.19,standard,12,0,2020-11-26,2020-07-28,control_panel_fault,0,,True,True,INV-383114,True,True,True,True,True,False,0,False,False,Manual Review
CLM-000900,USR-2240,Home Appliances,Bosch,Serie 6 Washer,SN95735668,2022-08-03,1404.06,standard,12,0,2023-04-23,2023-05-05,improper_installation,0,,True,True,INV-906731,True,True,True,True,True,False,0,False,False,Invalid Claim
CLM-000901,USR-8397,Power Tools,Black+Decker,CD701,SN74205127,2021-10-05,2630.64,standard,18,0,2022-02-24,2022-03-15,unauthorized_modification,0,,True,True,INV-373342,True,True,True,True,True,False,0,False,False,Invalid Claim
CLM-000902,USR-6911,Home Appliances,LG,Fridge 340L,SN10512117,2020-02-14,1328.61,extended,12,24,2023-01-07,2023-01-18,cooling_failure,0,,True,True,INV-963918,True,True,True,True,True,False,0,False,False,Valid Claim
CLM-000903,USR-2100,Power Tools,DeWalt,DCD771,SN10004793,2020-08-11,526.82,standard,18,0,2020-11-22,2020-11-30,manufacturing_defect,0,,True,True,INV-645073,True,True,True,True,True,False,1,True,False,Manual Review
CLM-000904,USR-8801,Power Tools,Stanley,SXD201,SN74487117,2021-02-03,926.91,standard,18,0,2021-12-06,2021-12-18,manufacturing_defect,0,,True,True,INV-717363,True,True,True,True,True,False,2,True,False,Manual Review
CLM-000905,USR-9856,Electronics,Xiaomi,Redmi Note 12,SN54524025,2022-02-24,1200.83,standard,24,0,2022-07-27,2022-08-13,audio_fault,2,2022-04-01,True,True,INV-246748,True,True,True,True,True,True,0,False,False,Valid Claim
CLM-000906,USR-7906,Home Appliances,Whirlpool,WM 2500,SN77054885,2020-12-16,472.66,standard,12,0,2022-09-27,2022-10-09,control_panel_fault,0,,True,True,INV-642121,True,True,True,True,True,False,0,False,False,Invalid Claim
CLM-000907,USR-5683,Electronics,Samsung,Galaxy S22,SN84378065,2020-06-11,2794.4,standard,24,0,2021-10-31,2021-11-22,overheating,0,,True,True,INV-111214,True,False,True,True,True,False,0,False,False,Manual Review
CLM-000908,USR-4258,Power Tools,Bosch,GSR 18V,SN77196215,2021-01-05,2903.03,standard,18,0,2022-07-21,2022-07-23,switch_fault,0,,True,True,INV-847078,True,True,True,True,True,False,0,False,False,Invalid Claim
CLM-000909,USR-6994,Electronics,LG,OLED C3,SN81249799,2022-12-29,1545.24,standard,24,0,2023-08-27,2023-09-05,software_malfunction,0,,True,True,INV-970813,True,True,True,True,True,False,0,False,False,Valid Claim
CLM-000910,USR-8496,Power Tools,Black+Decker,CD701,SN43122766,2021-10-16,1328.46,standard,18,0,2024-05-01,2024-05-14,manufacturing_defect,0,,True,True,INV-737460,True,True,True,True,True,False,0,False,False,Invalid Claim
CLM-000911,USR-1753,Electronics,Dell,Inspiron 5518,SN18500820,2022-06-10,843.91,standard,24,0,2024-06-10,2024-07-03,software_malfunction,0,,True,True,INV-112960,True,True,True,True,True,False,0,False,False,Valid Claim
CLM-000912,USR-2870,Electronics,Sony,Bravia X75,SN70317234,2020-03-23,1931.49,standard,24,0,2023-04-09,2023-04-22,manufacturing_defect,0,,True,True,INV-649262,True,True,True,True,True,False,0,False,False,Invalid Claim
CLM-000913,USR-5263,Electronics,Sony,Bravia X75,SN84209721,2022-03-02,544.44,standard,24,0,2022-08-17,2022-08-20,software_malfunction,0,,True,False,INV-313660,True,True,True,True,True,False,0,False,False,Manual Review
CLM-000914,USR-9369,Power Tools,Black+Decker,CD701,SN25194922,2023-01-19,1752.33,standard,18,0,2023-12-17,2023-12-29,chuck_defect,1,2023-10-01,True,True,INV-912764,True,True,True,True,True,True,0,False,False,Valid Claim
CLM-000915,USR-9132,Power Tools,Makita,HP457,SN79753731,2020-09-11,2209.22,standard,18,0,2022-06-16,2022-07-06,battery_failure,0,,True,True,INV-616428,True,True,True,True,True,False,0,False,False,Invalid Claim
CLM-000916,USR-1584,Electronics,Sony,Bravia X75,SN87206131,2020-04-07,857.24,standard,24,0,2020-09-30,2020-10-09,manufacturing_defect,0,,True,False,INV-657980,True,True,True,True,True,False,0,False,False,Manual Review
CLM-000917,USR-2043,Home Appliances,LG,Fridge 340L,SN81738111,2022-02-28,1208.39,standard,12,0,2022-09-29,2023-02-10,water_leakage,0,,True,True,INV-213915,True,True,True,True,True,False,0,False,False,Invalid Claim
CLM-000918,USR-3160,Home Appliances,Godrej,WD 700,SN12037883,2021-04-21,899.64,standard,12,0,2021-07-18,2021-07-22,control_panel_fault,0,,True,True,INV-387721,True,True,True,True,True,False,2,True,False,Manual Review
CLM-000919,USR-3217,Home Appliances,LG,Fridge 340L,SN32043679,2021-10-27,1611.19,standard,12,0,2021-10-07,2022-05-29,water_leakage,0,,True,True,INV-110298,True,True,True,True,True,False,0,False,False,Manual Review
CLM-000920,USR-2876,Home Appliances,Samsung,RT28 Refrigerator,SN82070937,2020-01-13,2272.56,standard,12,0,2020-04-24,2020-04-29,control_panel_fault,0,,True,True,INV-456699,True,True,True,True,True,False,0,False,False,Valid Claim
CLM-000921,USR-2938,Electronics,LG,OLED C3,SN98732634,2020-12-25,752.61,standard,24,0,2024-01-17,2024-01-21,overheating,0,,True,True,INV-446265,True,True,True,True,True,False,0,False,False,Invalid Claim
CLM-000922,USR-2316,Electronics,HP,Pavilion 15,SN34775741,2021-09-10,769.66,standard,24,0,2021-08-21,2022-03-18,power_failure,0,,True,True,INV-557754,True,True,True,True,True,False,0,False,False,Manual Review
CLM-000923,USR-4110,Electronics,Apple,iPhone 13,SN31386576,2021-09-21,1534.94,standard,24,0,2023-04-27,2023-05-26,battery_failure,0,,True,True,INV-589491,True,True,True,True,True,False,0,False,False,Valid Claim
CLM-000924,USR-7656,Home Appliances,Godrej,WD 700,SN14547522,2021-09-30,880.19,standard,12,0,2022-07-23,2022-07-31,wear_and_tear,0,,True,True,INV-963185,True,True,True,True,True,False,0,False,False,Invalid Claim
CLM-000925,USR-4548,Power Tools,Makita,HP457,SN70291054,2020-06-13,1851.06,standard,18,0,2022-03-15,2022-03-23,battery_failure,0,,True,True,INV-605065,True,True,True,True,True,False,0,False,False,Invalid Claim
CLM-000926,USR-6603,Home Appliances,Whirlpool,WM 2500,SN20204415,2022-03-17,1699.29,standard,12,0,2023-09-05,2023-09-11,motor_failure,0,,True,True,INV-599704,True,True,True,True,True,False,0,False,False,Invalid Claim
CLM-000927,USR-1831,Electronics,Xiaomi,Redmi Note 12,SN99903592,2021-04-30,2723.14,standard,24,0,2022-03-07,2022-03-09,power_failure,0,,True,True,INV-768933,True,True,True,True,True,False,0,False,False,Valid Claim
CLM-000928,USR-2290,Electronics,LG,OLED C3,SN94013952,2022-07-26,352.41,standard,24,0,2023-05-15,2023-06-10,audio_fault,0,,True,True,INV-342818,True,True,True,True,False,False,0,False,False,Manual Review
CLM-000929,USR-8933,Home Appliances,IFB,Senorita SX,SN20324210,2021-08-25,1134.48,standard,12,0,2022-06-19,2022-06-29,motor_failure,1,2022-05-16,True,True,INV-855917,True,True,True,True,True,True,0,False,False,Valid Claim
CLM-000930,USR-5372,Electronics,LG,OLED C3,SN91282861,2020-01-16,1735.77,standard,24,0,2022-06-03,2022-06-11,power_failure,0,,True,True,INV-725329,True,True,True,True,True,False,0,False,False,Invalid Claim
CLM-000931,USR-8017,Power Tools,Makita,HP457,SN32634412,2021-09-28,94.11,standard,18,0,2022-03-14,2022-04-04,motor_failure,0,,True,True,INV-923824,True,True,True,True,True,False,0,False,False,Valid Claim
CLM-000932,USR-5333,Electronics,Lenovo,IdeaPad Slim 3,SN23035991,2021-02-23,1043.68,standard,24,0,2023-03-03,2023-04-01,audio_fault,0,,True,True,INV-177667,True,True,True,True,True,False,0,False,False,Manual Review
CLM-000933,USR-3165,Home Appliances,Whirlpool,WM 2500,SN74115841,2022-05-03,286.82,standard,12,0,2022-08-08,2022-08-10,water_leakage,1,2022-07-19,True,True,INV-193670,True,True,True,True,True,True,0,False,False,Valid Claim
CLM-000934,USR-5558,Home Appliances,Bosch,Serie 6 Washer,SN66581473,2022-02-04,816.63,standard,12,0,2022-03-30,2022-04-11,manufacturing_defect,0,,True,True,INV-593152,True,True,True,True,True,False,0,False,False,Valid Claim
CLM-000935,USR-8430,Power Tools,Stanley,SXD201,SN60918794,2022-01-16,1015.68,standard,18,0,2023-03-15,2023-04-03,motor_failure,0,,True,True,INV-633376,True,True,True,True,True,False,2,False,False,Manual Review
CLM-000936,USR-9414,Home Appliances,Whirlpool,WM 2500,SN30869686,2023-10-27,2000.08,standard,12,0,2024-04-25,2024-04-26,motor_failure,0,,True,True,INV-497201,True,False,False,True,True,False,0,False,False,Manual Review
CLM-000937,USR-3267,Home Appliances,Samsung,RT28 Refrigerator,SN30244148,2020-06-03,755.28,standard,12,0,2020-11-04,2020-11-06,control_panel_fault,0,,True,True,INV-260227,True,True,True,True,True,False,0,False,False,Valid Claim
CLM-000938,USR-5840,Home Appliances,Samsung,RT28 Refrigerator,SN22956471,2022-09-01,719.28,standard,12,0,2022-06-08,2023-06-07,cooling_failure,0,,True,True,INV-539976,True,True,True,True,True,False,0,False,False,Manual Review
CLM-000939,USR-6985,Electronics,Dell,Inspiron 5518,SN88876916,2022-02-03,1987.74,standard,24,0,2023-09-28,2023-10-28,overheating,0,,True,True,INV-181618,True,True,True,True,True,False,0,False,False,Valid Claim
CLM-000940,USR-3087,Home Appliances,Godrej,WD 700,SN53605688,2023-12-22,2273.18,standard,12,0,2024-08-22,2024-08-25,water_leakage,0,,True,True,INV-626236,False,True,True,True,True,False,0,False,False,Manual Review
CLM-000941,USR-1107,Electronics,Lenovo,IdeaPad Slim 3,SN42925764,2022-04-20,2517.66,standard,24,0,2023-04-21,2023-05-08,screen_defect,1,2022-07-02,False,True,INV-457900,True,True,True,True,True,True,0,False,False,Invalid Claim
CLM-000942,USR-6178,Electronics,Lenovo,IdeaPad Slim 3,SN25932563,2022-06-23,2943.56,standard,24,0,2024-06-23,2024-06-24,audio_fault,0,,True,True,INV-785111,True,True,True,True,True,False,0,False,False,Valid Claim
CLM-000943,USR-9055,Home Appliances,LG,Fridge 340L,SN53034742,2020-05-22,783.4,standard,12,0,2021-05-22,2021-05-31,cooling_failure,0,,True,True,INV-152796,True,True,True,True,True,False,0,False,False,Valid Claim
CLM-000944,USR-7068,Home Appliances,Samsung,RT28 Refrigerator,SN15830187,2022-04-30,2117.12,standard,12,0,2024-01-13,2024-01-26,water_leakage,0,,True,True,INV-340633,True,True,True,True,True,False,0,False,False,Invalid Claim
CLM-000945,USR-1022,Power Tools,Black+Decker,CD701,SN94195455,2023-07-10,286.44,standard,18,0,2023-09-19,2023-09-29,improper_use,0,,True,True,INV-656710,True,True,True,True,True,False,0,False,False,Invalid Claim
CLM-000946,USR-2197,Electronics,Lenovo,IdeaPad Slim 3,SN67840690,2021-01-14,2467.85,standard,24,0,2021-08-30,2021-09-20,screen_defect,4,2021-03-03,True,True,INV-573210,True,True,True,True,True,True,0,False,False,Manual Review
CLM-000947,USR-9542,Home Appliances,Whirlpool,WM 2500,SN95035920,2023-12-01,2502.57,standard,12,0,2024-10-19,2024-11-02,control_panel_fault,0,,True,True,INV-376106,True,True,True,True,True,False,0,False,False,Valid Claim
CLM-000948,USR-3415,Electronics,Lenovo,IdeaPad Slim 3,SN90727321,2022-07-11,907.51,standard,24,0,2022-10-27,2022-11-16,audio_fault,0,,True,True,INV-797670,False,False,True,True,True,False,0,False,False,Manual Review
CLM-000949,USR-4639,Power Tools,Stanley,SXD201,SN24305720,2023-04-13,1234.31,standard,18,0,2024-01-27,2024-02-07,switch_fault,0,,True,True,INV-993766,True,True,True,False,True,False,0,False,False,Manual Review
CLM-000950,USR-9544,Electronics,HP,Pavilion 15,SN60675282,2020-06-26,2935.54,standard,24,0,2021-04-11,2021-04-24,power_failure,0,,True,True,INV-879233,False,True,True,True,True,False,0,False,False,Manual Review
CLM-000951,USR-9715,Power Tools,Makita,HP457,SN46080681,2021-07-26,1285.68,standard,18,0,2023-04-10,2023-04-20,manufacturing_defect,0,,True,True,INV-291267,True,True,True,True,True,False,0,False,False,Invalid Claim
CLM-000952,USR-8516,Home Appliances,IFB,Senorita SX,SN79277190,2022-04-07,2400.25,standard,12,0,2023-01-03,2023-01-06,cooling_failure,1,2022-11-06,False,True,INV-131208,True,True,True,True,True,True,0,False,False,Invalid Claim
CLM-000953,USR-7931,Home Appliances,IFB,Senorita SX,SN22109438,2021-06-22,2288.95,standard,12,0,2021-11-09,2021-11-16,cooling_failure,1,2021-08-02,False,True,INV-743687,True,True,True,True,True,True,0,False,False,Invalid Claim
CLM-000954,USR-5560,Electronics,Xiaomi,Redmi Note 12,SN18397164,2021-02-14,1765.86,standard,24,0,2021-11-05,2021-11-17,overheating,2,2021-05-05,True,True,INV-662968,True,True,True,True,True,True,0,False,False,Valid Claim
CLM-000955,USR-4902,Electronics,Samsung,Galaxy S22,SN49170544,2022-12-17,194.14,standard,24,0,2023-07-14,2023-07-23,power_failure,0,,True,True,INV-391248,True,True,True,True,False,False,0,False,False,Manual Review
CLM-000956,USR-5237,Home Appliances,LG,Fridge 340L,SN22132198,2022-04-26,912.4,extended,12,24,2023-10-24,2023-11-07,water_leakage,0,,True,True,INV-152062,True,True,True,True,True,False,0,False,False,Valid Claim
CLM-000957,USR-3450,Power Tools,Stanley,SXD201,SN91270313,2022-04-28,361.19,standard,18,0,2024-09-04,2024-09-06,battery_failure,0,,True,True,INV-744610,True,True,True,True,True,False,0,False,False,Invalid Claim
CLM-000958,USR-9834,Power Tools,Black+Decker,CD701,SN27758595,2021-03-03,2192.19,standard,18,0,2021-12-24,2022-01-01,switch_fault,0,,True,True,INV-704201,True,True,True,True,True,False,0,False,False,Valid Claim
CLM-000959,USR-7095,Electronics,Lenovo,IdeaPad Slim 3,SN69584522,2022-01-18,2308.21,standard,24,0,2023-09-25,2023-10-07,battery_failure,0,,True,True,INV-244383,True,True,True,True,True,False,0,False,False,Valid Claim
CLM-000960,USR-9336,Power Tools,Bosch,GSR 18V,SN10344739,2021-04-01,208.59,standard,18,0,2021-06-17,2021-07-03,manufacturing_defect,2,2021-05-25,True,True,INV-356430,True,True,True,True,True,True,0,False,False,Valid Claim
CLM-000961,USR-8729,Electronics,Lenovo,IdeaPad Slim 3,SN91314709,2022-01-30,2004.2,standard,24,0,2023-09-14,2023-10-09,battery_failure,0,,True,True,INV-842916,True,True,True,True,True,False,2,True,False,Manual Review
CLM-000962,USR-5458,Power Tools,Bosch,GSR 18V,SN69473616,2020-06-05,2012.86,standard,18,0,2021-03-12,2021-03-26,battery_failure,0,,True,True,INV-736565,True,True,True,True,True,False,0,False,False,Valid Claim
CLM-000963,USR-6633,Electronics,HP,Pavilion 15,SN38418851,2021-02-23,1284.95,standard,24,0,2022-10-13,2022-11-12,audio_fault,0,,True,True,INV-992819,True,True,True,True,True,False,0,False,False,Valid Claim
CLM-000964,USR-9008,Electronics,Xiaomi,Redmi Note 12,SN89731181,2021-01-05,1382.62,extended,24,12,2023-11-16,2023-12-04,overheating,0,,True,True,INV-597635,True,True,True,True,True,False,0,False,False,Valid Claim
CLM-000965,USR-6310,Power Tools,Bosch,GSR 18V,SN75579548,2023-04-30,136.87,standard,18,0,2024-08-09,2024-08-19,chuck_defect,0,,True,True,INV-972064,True,True,True,True,True,False,0,False,False,Valid Claim
CLM-000966,USR-9502,Electronics,LG,OLED C3,SN97444123,2022-08-10,1371.31,standard,24,0,2024-01-11,2024-02-01,software_malfunction,0,,True,True,INV-290305,True,True,True,True,True,False,0,False,False,Valid Claim
CLM-000967,USR-6109,Home Appliances,Whirlpool,WM 2500,SN35189235,2020-01-01,661.86,standard,12,0,2020-10-06,2019-12-28,manufacturing_defect,0,,True,True,INV-663852,True,True,True,True,True,False,0,False,False,Manual Review
CLM-000968,USR-8032,Electronics,LG,OLED C3,SN10209961,2021-08-08,1875.24,standard,24,0,2022-12-20,2022-12-26,power_failure,0,,True,True,INV-698384,True,True,True,True,True,False,0,False,False,Valid Claim
CLM-000969,USR-5623,Home Appliances,IFB,Senorita SX,SN75220319,2021-08-04,321.24,standard,12,0,2021-12-05,2021-12-17,water_leakage,0,,True,True,INV-359781,True,False,True,True,True,False,0,False,False,Manual Review
CLM-000970,USR-7337,Electronics,HP,Pavilion 15,SN74512027,2021-09-18,181.69,standard,24,0,2022-05-16,2021-08-19,screen_defect,0,,True,True,INV-288238,True,True,True,True,True,False,0,False,False,Manual Review
CLM-000971,USR-6517,Power Tools,Stanley,SXD201,SN92950779,2020-03-07,462.66,standard,18,0,2020-07-22,2020-07-28,battery_failure,0,,True,True,INV-261745,True,True,True,True,True,False,0,False,False,Valid Claim
CLM-000972,USR-6057,Electronics,LG,OLED C3,SN90977513,2022-08-08,1081.27,standard,24,0,2024-04-02,2024-06-13,software_malfunction,0,,True,True,INV-108474,True,True,True,True,True,False,0,False,False,Invalid Claim
CLM-000973,USR-1735,Home Appliances,Whirlpool,WM 2500,SN85663810,2023-03-02,2960.56,standard,12,0,2023-05-10,2023-05-16,water_leakage,0,,True,True,INV-147899,True,True,False,True,True,False,0,False,False,Manual Review
CLM-000974,USR-3323,Power Tools,Stanley,SXD201,SN44951103,2022-05-25,421.18,standard,18,0,2023-03-30,2023-04-08,unauthorized_modification,0,,True,True,INV-234082,True,True,True,True,True,False,0,False,False,Invalid Claim
CLM-000975,USR-5919,Electronics,Xiaomi,Redmi Note 12,SN68436893,2020-10-24,1277.96,standard,24,0,2021-03-11,2021-04-01,physical_damage,0,,True,True,INV-970542,True,True,True,True,True,False,0,False,False,Invalid Claim
CLM-000976,USR-3773,Power Tools,Bosch,GSR 18V,SN37874581,2020-07-03,2605.3,standard,18,0,2020-05-12,2021-01-03,battery_failure,0,,True,True,INV-722234,True,True,True,True,True,False,0,False,False,Manual Review
CLM-000977,USR-2931,Power Tools,DeWalt,DCD771,SN48931830,2022-12-29,953.6,standard,18,0,2023-06-10,2023-06-11,chuck_defect,0,,True,True,INV-377611,False,True,True,False,True,False,0,False,False,Manual Review
CLM-000978,USR-7415,Electronics,Samsung,Galaxy S22,SN86166246,2021-12-08,174.56,extended,24,12,2024-10-31,2024-11-08,battery_failure,0,,True,True,INV-433674,True,True,True,True,True,False,0,False,False,Valid Claim
CLM-000979,USR-8794,Electronics,Xiaomi,Redmi Note 12,SN58116670,2021-06-20,1561.36,extended,24,24,2025-05-08,2025-06-06,overheating,0,,True,True,INV-278243,True,True,True,True,True,False,0,False,False,Valid Claim
CLM-000980,USR-7636,Electronics,Sony,Bravia X75,SN20966811,2021-07-03,951.14,standard,24,0,2022-11-17,2022-12-04,audio_fault,0,,True,True,INV-573349,True,True,True,True,False,False,0,False,False,Manual Review
CLM-000981,USR-4909,Electronics,Sony,Bravia X75,SN58412445,2020-08-17,1773.96,standard,24,0,2022-01-03,2022-01-30,audio_fault,4,2021-09-18,True,True,INV-733136,True,True,True,True,True,True,0,False,False,Manual Review
CLM-000982,USR-8357,Electronics,Lenovo,IdeaPad Slim 3,SN29996104,2022-06-29,2609.73,standard,24,0,2023-11-03,2023-11-16,software_malfunction,1,2023-11-01,False,True,INV-193653,True,True,True,True,True,True,0,False,False,Invalid Claim
CLM-000983,USR-2097,Power Tools,Makita,HP457,SN21680625,2022-01-03,1213.25,extended,18,24,2024-06-15,2024-06-24,battery_failure,0,,True,True,INV-678870,True,True,True,True,True,False,0,False,False,Valid Claim
CLM-000984,USR-3759,Power Tools,Black+Decker,CD701,SN75404850,2022-05-11,2294.7,standard,18,0,2022-08-25,2022-08-28,motor_failure,5,2022-07-26,True,True,INV-648236,True,True,True,True,True,True,0,False,False,Manual Review
CLM-000985,USR-9846,Power Tools,Makita,HP457,SN52057523,2022-05-25,664.22,standard,18,0,2023-06-02,2023-06-19,improper_use,0,,True,True,INV-363470,True,True,True,True,True,False,0,False,False,Invalid Claim
CLM-000986,USR-6281,Electronics,Samsung,Galaxy S22,SN67331055,2021-03-26,519.45,standard,24,0,2022-05-07,2022-05-25,overheating,4,2022-03-25,True,True,INV-333717,True,True,True,True,True,True,0,False,False,Manual Review
CLM-000987,USR-9235,Power Tools,DeWalt,DCD771,SN12505049,2022-08-21,431.23,standard,18,0,2022-10-23,2022-11-01,switch_fault,1,2022-10-05,False,True,INV-288474,True,True,True,True,True,True,0,False,False,Invalid Claim
CLM-000988,USR-8350,Electronics,Xiaomi,Redmi Note 12,SN28814949,2022-12-23,1311.89,standard,24,0,2023-11-16,2023-12-14,software_malfunction,0,,True,True,INV-585100,True,True,True,True,True,False,0,False,False,Valid Claim
CLM-000989,USR-9872,Power Tools,Makita,HP457,SN56681534,2020-02-23,2816.69,standard,18,0,2020-10-06,2020-10-15,switch_fault,0,,True,True,INV-891127,True,True,True,True,True,False,1,False,False,Manual Review
CLM-000990,USR-6864,Home Appliances,Samsung,RT28 Refrigerator,SN64996550,2021-02-06,942.43,standard,12,0,2022-02-06,2022-02-14,manufacturing_defect,0,,True,True,INV-674765,True,True,True,True,True,False,0,False,False,Valid Claim
CLM-000991,USR-3414,Electronics,Dell,Inspiron 5518,SN57420453,2022-02-17,1993.66,standard,24,0,2023-05-29,2023-06-20,power_failure,0,,True,True,INV-817663,True,False,True,True,True,False,0,False,False,Manual Review
CLM-000992,USR-4445,Electronics,Lenovo,IdeaPad Slim 3,SN66358979,2020-05-25,1175.74,standard,24,0,2021-11-10,2021-12-06,software_malfunction,0,,True,False,INV-764327,True,True,True,True,True,False,0,False,False,Manual Review
CLM-000993,USR-1568,Home Appliances,LG,Fridge 340L,SN99329049,2021-02-13,1005.48,standard,12,0,2021-10-06,2021-10-14,commercial_use,0,,True,True,INV-255130,True,True,True,True,True,False,0,False,False,Invalid Claim
CLM-000994,USR-2582,Electronics,Sony,Bravia X75,SN60015814,2022-05-23,2450.37,standard,24,0,2024-03-01,2024-03-19,battery_failure,0,,True,True,INV-162894,True,True,True,True,True,False,0,False,False,Valid Claim
CLM-000995,USR-5742,Electronics,LG,OLED C3,SN54039837,2021-05-27,430.35,standard,24,0,2022-10-22,2022-10-28,screen_defect,0,,True,True,INV-883301,True,True,True,True,True,False,0,False,False,Valid Claim
CLM-000996,USR-9370,Electronics,Dell,Inspiron 5518,SN48606206,2021-04-20,2103.37,standard,24,0,2022-08-02,2022-09-01,manufacturing_defect,0,,True,True,INV-500118,True,True,True,True,True,False,0,False,False,Valid Claim
CLM-000997,USR-4492,Electronics,Sony,Bravia X75,SN66936428,2021-02-24,2520.14,standard,24,0,2022-07-27,2022-08-26,power_failure,0,,True,True,INV-663876,True,True,True,True,True,False,0,False,False,Valid Claim
CLM-000998,USR-9377,Electronics,Dell,Inspiron 5518,SN35908259,2023-01-24,2562.9,standard,24,0,2025-01-30,2025-02-23,power_failure,0,,True,True,INV-580005,True,True,True,True,True,False,0,False,False,Manual Review
CLM-000999,USR-1797,Electronics,LG,OLED C3,SN50958413,2022-05-02,2676.05,standard,24,0,2023-11-26,2023-11-27,power_failure,1,2023-05-24,False,True,INV-291970,True,True,True,True,True,True,0,False,False,Invalid Claim
CLM-001000,USR-6248,Home Appliances,Godrej,WD 700,SN78973779,2021-01-18,320.45,standard,12,0,2021-12-04,2021-12-18,manufacturing_defect,0,,True,True,INV-275526,True,True,True,True,True,False,0,False,False,Valid Claim
CLM-001001,USR-5817,Home Appliances,Bosch,Serie 6 Washer,SN72244897,2021-06-06,2565.54,standard,12,0,2022-06-06,2022-06-20,water_leakage,0,,True,True,INV-156284,True,True,True,True,True,False,0,False,False,Valid Claim
CLM-001002,USR-8462,Power Tools,DeWalt,DCD771,SN29779316,2021-06-08,822.52,standard,18,0,2022-07-06,2022-07-12,switch_fault,0,,True,True,INV-706435,True,True,True,True,True,False,0,False,True,Invalid Claim
CLM-001003,USR-2352,Home Appliances,IFB,Senorita SX,SN83608832,2020-05-08,1998.51,standard,12,0,2020-09-01,2020-11-30,control_panel_fault,0,,True,True,INV-558986,True,True,True,True,True,False,0,False,False,Invalid Claim
CLM-001004,USR-2412,Power Tools,DeWalt,DCD771,SN99530801,2021-07-21,1490.04,standard,18,0,2021-12-02,2021-12-22,motor_failure,2,2021-09-01,False,True,INV-309174,True,True,True,True,True,True,0,False,False,Invalid Claim
CLM-001005,USR-7141,Home Appliances,Bosch,Serie 6 Washer,SN19313264,2020-02-15,2870.68,standard,12,0,2020-03-06,2020-03-14,motor_failure,0,,True,True,INV-767399,True,True,True,True,True,False,0,False,False,Manual Review
CLM-001006,USR-1404,Home Appliances,Bosch,Serie 6 Washer,SN34100904,2022-02-11,1369.73,standard,12,0,2022-05-05,2022-06-14,cooling_failure,0,,True,True,INV-776703,True,True,True,True,True,False,0,False,False,Invalid Claim
CLM-001007,USR-1241,Power Tools,Black+Decker,CD701,SN82705468,2020-01-31,1846.23,standard,18,0,2021-04-05,2021-04-24,motor_failure,1,2019-12-12,True,True,INV-200198,True,True,True,True,True,True,0,False,False,Manual Review
CLM-001008,USR-6258,Power Tools,DeWalt,DCD771,SN61186964,2020-03-11,2754.52,standard,18,0,2020-09-12,2020-10-03,manufacturing_defect,0,,True,True,INV-504620,True,True,True,True,True,False,0,False,False,Valid Claim
CLM-001009,USR-7664,Electronics,LG,OLED C3,SN69858725,2021-09-04,325.01,standard,24,0,2022-06-12,2022-08-22,audio_fault,0,,True,True,INV-624741,True,True,True,True,True,False,0,False,False,Invalid Claim
CLM-001010,USR-8523,Electronics,LG,OLED C3,SN54522084,2020-02-07,190.63,standard,24,0,2020-10-19,2020-11-18,manufacturing_defect,0,,True,True,INV-156904,True,True,True,True,True,False,0,False,False,Valid Claim
CLM-001011,USR-1067,Power Tools,DeWalt,DCD771,SN94112495,2020-01-26,2222.12,standard,18,0,2021-07-26,2021-08-07,motor_failure,0,,True,True,INV-827213,True,True,True,True,True,False,0,False,False,Valid Claim
CLM-001012,USR-1829,Home Appliances,Whirlpool,WM 2500,SN32547129,2022-07-22,2778.46,extended,12,12,2024-02-24,2024-03-03,water_leakage,0,,True,True,INV-961599,True,True,True,True,True,False,0,False,False,Valid Claim
CLM-001013,USR-9056,Electronics,Lenovo,IdeaPad Slim 3,SN36933352,2020-05-11,1862.08,standard,24,0,2021-12-08,2021-12-12,physical_damage,0,,True,True,INV-776838,True,True,True,True,True,False,0,False,False,Invalid Claim
CLM-001014,USR-8932,Power Tools,Bosch,GSR 18V,SN91231063,2021-12-31,752.62,standard,18,0,2022-12-11,2022-12-16,battery_failure,0,,True,True,INV-340924,True,True,True,True,True,False,1,False,False,Manual Review
CLM-001015,USR-3540,Home Appliances,Bosch,Serie 6 Washer,SN21543189,2022-10-14,2162.54,standard,12,0,2023-03-08,2023-03-15,motor_failure,0,,True,False,INV-868661,True,True,True,True,True,False,0,False,False,Manual Review
CLM-001016,USR-8796,Electronics,Apple,iPhone 13,SN86697457,2020-03-14,2256.32,standard,24,0,2022-08-15,2022-08-18,battery_failure,0,,True,True,INV-518582,True,True,True,True,True,False,0,False,False,Invalid Claim
CLM-001017,USR-1310,Electronics,Sony,Bravia X75,SN69195194,2021-01-14,995.98,standard,24,0,2021-10-22,2021-11-05,power_failure,0,,True,True,INV-533020,True,True,True,True,True,False,0,False,False,Valid Claim
CLM-001018,USR-6170,Electronics,Xiaomi,Redmi Note 12,SN51617680,2020-03-15,1584.92,standard,24,0,2021-09-23,2021-10-02,overheating,0,,True,True,INV-669408,True,True,True,True,True,False,0,False,False,Valid Claim
CLM-001019,USR-1199,Home Appliances,IFB,Senorita SX,SN48205125,2022-01-22,1087.17,standard,12,0,2022-04-21,2022-04-25,wear_and_tear,0,,True,True,INV-567220,True,True,True,True,True,False,0,False,False,Invalid Claim
CLM-001020,USR-8614,Home Appliances,Whirlpool,WM 2500,SN52802832,2020-12-15,2008.99,standard,12,0,2020-09-06,2021-09-01,cooling_failure,0,,True,True,INV-830824,True,True,True,True,True,False,0,False,False,Manual Review
CLM-001021,USR-1264,Power Tools,Bosch,GSR 18V,SN10973829,2022-07-13,1189.69,standard,18,0,2023-11-18,2023-11-22,battery_failure,4,2023-02-12,True,True,INV-519753,True,True,True,True,True,True,0,False,False,Manual Review
CLM-001022,USR-7649,Home Appliances,LG,Fridge 340L,SN57365168,2022-11-12,2466.33,standard,12,0,2024-07-27,2024-08-06,cooling_failure,0,,True,True,INV-610511,True,True,True,True,True,False,0,False,False,Invalid Claim
CLM-001023,USR-3630,Power Tools,Makita,HP457,SN77194013,2021-12-11,2359.94,standard,18,0,2022-10-19,2022-11-07,physical_damage,0,,True,True,INV-353569,True,True,True,True,True,False,0,False,False,Invalid Claim
CLM-001024,USR-6067,Power Tools,Black+Decker,CD701,SN35578230,2021-07-08,200.01,standard,18,0,2022-02-22,2022-03-14,switch_fault,0,,True,False,INV-835928,True,True,True,True,True,False,0,False,False,Manual Review
CLM-001025,USR-8763,Electronics,Sony,Bravia X75,SN34109916,2021-12-18,2839.58,standard,24,0,2023-02-10,2023-03-01,manufacturing_defect,0,,True,True,INV-640472,False,False,True,True,True,False,0,False,False,Manual Review
CLM-001026,USR-8078,Electronics,LG,OLED C3,SN50888220,2020-05-03,356.14,standard,24,0,2022-05-09,2022-05-30,overheating,0,,True,True,INV-564727,True,True,True,True,True,False,0,False,False,Manual Review
CLM-001027,USR-4644,Power Tools,Bosch,GSR 18V,SN91612860,2021-05-12,2628.3,standard,18,0,2021-10-06,2021-10-21,switch_fault,0,,True,True,INV-437260,True,True,True,True,True,False,0,False,True,Invalid Claim
CLM-001028,USR-3084,Home Appliances,LG,Fridge 340L,SN14307663,2021-11-07,2101.25,standard,12,0,2022-03-01,2022-03-03,wear_and_tear,0,,True,True,INV-394234,True,True,True,True,True,False,0,False,False,Invalid Claim
CLM-001029,USR-8014,Home Appliances,IFB,Senorita SX,SN93243271,2022-07-28,1888.15,standard,12,0,2022-09-24,2023-02-22,cooling_failure,0,,True,True,INV-782540,True,True,True,True,True,False,0,False,False,Invalid Claim
CLM-001030,USR-9753,Electronics,Apple,iPhone 13,SN32276047,2021-01-08,1747.27,standard,24,0,2023-11-28,2023-12-02,screen_defect,0,,True,True,INV-296481,True,True,True,True,True,False,0,False,False,Invalid Claim
CLM-001031,USR-8490,Home Appliances,Godrej,WD 700,SN26155543,2020-12-12,2118.87,standard,12,0,2022-12-11,2022-12-12,water_leakage,0,,True,True,INV-430984,True,True,True,True,True,False,0,False,False,Invalid Claim
CLM-001032,USR-1828,Electronics,Xiaomi,Redmi Note 12,SN54762841,2020-02-02,791.22,standard,24,0,2021-11-14,2021-11-21,power_failure,0,,True,True,INV-925206,True,True,True,True,True,False,0,False,False,Valid Claim
CLM-001033,USR-8452,Electronics,Lenovo,IdeaPad Slim 3,SN72244899,2020-02-08,2333.76,standard,24,0,2021-06-10,2021-06-16,unauthorized_modification,0,,True,True,INV-837290,True,True,True,True,True,False,0,False,False,Invalid Claim
CLM-001034,USR-7693,Electronics,LG,OLED C3,SN57247944,2022-03-21,2273.74,standard,24,0,2024-03-26,2024-04-06,screen_defect,0,,True,True,INV-728357,True,True,True,True,True,False,0,False,False,Manual Review
CLM-001035,USR-1854,Electronics,LG,OLED C3,SN96057593,2021-05-16,1483.32,standard,24,0,2021-11-10,2021-12-03,software_malfunction,0,,True,True,INV-681478,True,True,True,True,True,False,0,False,False,Valid Claim
CLM-001036,USR-2612,Power Tools,Bosch,GSR 18V,SN18135295,2023-08-20,1255.65,standard,18,0,2023-12-08,2023-12-16,chuck_defect,0,,True,True,INV-939482,True,True,True,True,True,False,0,False,False,Valid Claim
CLM-001037,USR-2065,Electronics,Sony,Bravia X75,SN27103487,2020-09-08,838.1,standard,24,0,2021-07-11,2021-12-26,battery_failure,0,,True,True,INV-997034,True,True,True,True,True,False,0,False,False,Invalid Claim
CLM-001038,USR-2234,Electronics,LG,OLED C3,SN33776150,2020-10-29,2857.77,standard,24,0,2022-04-30,2022-05-25,audio_fault,0,,True,True,INV-618119,True,True,True,True,True,False,0,False,False,Valid Claim
CLM-001039,USR-5979,Electronics,HP,Pavilion 15,SN66739991,2021-04-28,2961.91,standard,24,0,2021-09-09,2021-10-06,manufacturing_defect,2,2021-06-30,False,True,INV-867543,True,True,True,True,True,True,0,False,False,Invalid Claim
CLM-001040,USR-6977,Home Appliances,Whirlpool,WM 2500,SN27637794,2023-03-21,343.19,standard,12,0,2023-12-03,2023-12-06,cooling_failure,0,,True,True,INV-442589,True,True,True,True,True,False,0,False,False,Valid Claim
CLM-001041,USR-8594,Power Tools,Makita,HP457,SN66886173,2022-12-20,1752.0,standard,18,0,2023-11-04,2023-11-13,switch_fault,0,,True,True,INV-906367,True,True,True,True,True,False,1,False,False,Manual Review
CLM-001042,USR-2728,Electronics,LG,OLED C3,SN68370404,2020-06-21,2980.62,standard,24,0,2021-08-02,2021-08-31,manufacturing_defect,0,,True,True,INV-268018,False,False,True,True,True,False,0,False,False,Manual Review
CLM-001043,USR-6374,Electronics,Lenovo,IdeaPad Slim 3,SN91883846,2020-02-10,726.39,standard,24,0,2021-08-11,2021-09-10,manufacturing_defect,0,,True,True,INV-766269,True,True,True,True,True,False,0,False,False,Valid Claim
CLM-001044,USR-6992,Power Tools,Black+Decker,CD701,SN22120246,2023-02-04,2388.79,standard,18,0,2023-12-29,2024-01-02,manufacturing_defect,0,,True,True,INV-377304,True,True,True,True,True,False,0,False,False,Valid Claim
CLM-001045,USR-4868,Electronics,Lenovo,IdeaPad Slim 3,SN58678896,2022-06-18,370.12,standard,24,0,2024-03-09,2024-04-07,audio_fault,0,,True,True,INV-485178,True,True,True,True,True,False,0,False,False,Valid Claim
CLM-001046,USR-2276,Electronics,Xiaomi,Redmi Note 12,SN27810664,2022-08-23,1813.54,standard,24,0,2024-02-02,2024-02-03,battery_failure,1,2023-09-13,True,True,INV-813013,True,True,True,True,True,True,0,False,False,Valid Claim
CLM-001047,USR-7243,Electronics,Xiaomi,Redmi Note 12,SN25368078,2022-07-09,651.04,standard,24,0,2023-09-14,2023-10-10,screen_defect,0,,True,False,INV-230485,True,True,True,True,True,False,0,False,False,Manual Review
CLM-001048,USR-7980,Home Appliances,Whirlpool,WM 2500,SN97453041,2020-11-01,1789.28,standard,12,0,2022-08-14,2022-08-21,cooling_failure,0,,True,True,INV-996508,True,True,True,True,True,False,0,False,False,Invalid Claim
CLM-001049,USR-1053,Home Appliances,LG,Fridge 340L,SN45351479,2022-07-07,2917.91,standard,12,0,2022-10-14,2022-10-28,motor_failure,0,,True,True,INV-632342,True,True,True,True,True,False,0,False,False,Valid Claim
CLM-001050,USR-4658,Electronics,Apple,iPhone 13,SN89134873,2022-03-03,2221.02,standard,24,0,2023-09-02,2023-10-02,software_malfunction,0,,True,True,INV-240384,True,True,True,True,True,False,0,False,False,Valid Claim
CLM-001051,USR-2681,Power Tools,Makita,HP457,SN94361980,2022-11-28,1827.46,standard,18,0,2023-09-02,2023-09-12,motor_failure,3,2023-05-15,True,True,INV-792502,True,True,True,True,True,True,0,False,False,Manual Review
CLM-001052,USR-2581,Home Appliances,Samsung,RT28 Refrigerator,SN99659144,2022-07-12,2580.15,standard,12,0,2022-09-27,2022-10-10,drum_failure,3,2022-09-07,True,True,INV-375632,True,True,True,True,True,True,0,False,False,Manual Review
CLM-001053,USR-7799,Home Appliances,Bosch,Serie 6 Washer,SN58404738,2023-12-24,1917.97,standard,12,0,2024-11-04,2024-11-11,motor_failure,1,2024-04-02,False,True,INV-258975,True,True,True,True,True,True,0,False,False,Invalid Claim
CLM-001054,USR-1587,Electronics,Dell,Inspiron 5518,SN84776858,2022-04-13,1683.37,standard,24,0,2024-04-13,2024-05-09,overheating,0,,True,True,INV-195310,True,True,True,True,True,False,0,False,False,Valid Claim
CLM-001055,USR-4419,Power Tools,Bosch,GSR 18V,SN98013189,2020-01-16,1514.9,standard,18,0,2022-06-13,2022-06-15,manufacturing_defect,0,,True,True,INV-590795,True,True,True,True,True,False,0,False,False,Invalid Claim
CLM-001056,USR-9707,Electronics,HP,Pavilion 15,SN24762625,2020-09-01,2077.22,standard,24,0,2021-10-16,2021-11-06,screen_defect,0,,True,True,INV-169163,True,False,True,True,True,False,0,False,False,Manual Review
CLM-001057,USR-8559,Power Tools,DeWalt,DCD771,SN74826670,2021-10-10,1582.14,standard,18,0,2022-07-08,2022-07-11,manufacturing_defect,1,2021-09-07,True,True,INV-210146,True,True,True,True,True,True,0,False,False,Manual Review
CLM-001058,USR-3419,Electronics,Xiaomi,Redmi Note 12,SN48612439,2021-09-16,120.1,standard,24,0,2023-12-01,2023-12-11,audio_fault,0,,True,True,INV-943349,True,True,True,True,True,False,0,False,False,Invalid Claim
CLM-001059,USR-3184,Home Appliances,IFB,Senorita SX,SN63183240,2023-12-02,708.4,standard,12,0,2023-12-20,2024-01-01,water_leakage,0,,True,True,INV-424875,True,True,True,True,True,False,0,False,False,Manual Review
CLM-001060,USR-3181,Home Appliances,LG,Fridge 340L,SN96110892,2022-02-11,2979.39,standard,12,0,2022-12-24,2023-01-03,motor_failure,1,2022-06-05,True,True,INV-171734,True,True,True,True,True,True,0,False,False,Valid Claim
CLM-001061,USR-1665,Electronics,Sony,Bravia X75,SN67513345,2022-01-31,895.01,standard,24,0,2022-09-25,2022-10-25,software_malfunction,0,,True,True,INV-236384,True,True,True,True,True,False,0,False,False,Valid Claim
CLM-001062,USR-4797,Electronics,Xiaomi,Redmi Note 12,SN38617427,2020-07-30,977.02,standard,24,0,2022-08-12,2022-08-29,software_malfunction,0,,True,True,INV-435560,True,True,True,True,True,False,0,False,False,Manual Review
CLM-001063,USR-1421,Power Tools,DeWalt,DCD771,SN37776759,2020-03-29,578.83,extended,18,24,2023-02-10,2023-02-14,chuck_defect,0,,True,True,INV-185916,True,True,True,True,True,False,0,False,False,Valid Claim
CLM-001064,USR-5313,Home Appliances,IFB,Senorita SX,SN69020960,2020-03-21,1437.97,extended,12,12,2021-08-20,2021-08-30,motor_failure,0,,True,True,INV-977740,True,True,True,True,True,False,0,False,False,Valid Claim
CLM-001065,USR-4612,Power Tools,Makita,HP457,SN63051354,2020-03-23,2954.58,standard,18,0,2020-08-28,2020-09-07,manufacturing_defect,0,,True,True,INV-108060,True,True,True,True,True,False,0,False,False,Valid Claim
CLM-001066,USR-2341,Power Tools,DeWalt,DCD771,SN80532309,2021-05-10,1384.5,standard,18,0,2022-04-17,2022-04-21,chuck_defect,0,,True,True,INV-181896,True,True,True,True,True,False,0,False,False,Valid Claim
CLM-001067,USR-4168,Electronics,Dell,Inspiron 5518,SN43362943,2022-02-28,2516.24,standard,24,0,2023-02-18,2023-02-23,manufacturing_defect,4,2022-06-01,True,True,INV-337298,True,True,True,True,True,True,0,False,False,Manual Review
CLM-001068,USR-6523,Electronics,LG,OLED C3,SN89208997,2020-01-04,832.88,standard,24,0,2021-06-25,2019-12-05,battery_failure,0,,True,True,INV-952319,True,True,True,True,True,False,0,False,False,Manual Review
CLM-001069,USR-8722,Home Appliances,LG,Fridge 340L,SN92286747,2021-06-24,1081.84,standard,12,0,2023-02-08,2023-02-12,motor_failure,0,,True,True,INV-622998,True,True,True,True,True,False,0,False,False,Invalid Claim
CLM-001070,USR-8279,Electronics,Lenovo,IdeaPad Slim 3,SN31896876,2023-02-15,977.56,standard,24,0,2024-01-03,2024-01-05,screen_defect,0,,True,True,INV-262018,False,True,True,True,False,False,0,False,False,Manual Review
CLM-001071,USR-2056,Electronics,Sony,Bravia X75,SN36541600,2020-01-12,2715.29,extended,24,24,2022-06-07,2022-06-10,screen_defect,0,,True,True,INV-948611,True,True,True,True,True,False,0,False,False,Valid Claim
CLM-001072,USR-2765,Home Appliances,Samsung,RT28 Refrigerator,SN16071701,2023-05-20,295.36,standard,12,0,2024-01-29,2024-02-09,cooling_failure,0,,True,True,INV-570700,True,True,True,True,True,False,2,False,False,Manual Review
CLM-001073,USR-8799,Electronics,Lenovo,IdeaPad Slim 3,SN36494075,2020-06-08,371.64,standard,24,0,2022-06-18,2022-07-04,battery_failure,0,,True,True,INV-325437,True,True,True,True,True,False,0,False,False,Manual Review
CLM-001074,USR-9021,Power Tools,Makita,HP457,SN22823236,2023-04-09,1624.56,standard,18,0,2024-03-10,2024-03-19,switch_fault,0,,True,True,INV-395694,False,True,True,True,True,False,0,False,False,Manual Review
CLM-001075,USR-4695,Power Tools,Bosch,GSR 18V,SN31831387,2021-04-24,1397.76,extended,18,24,2022-11-28,2022-12-09,manufacturing_defect,0,,True,True,INV-409234,True,True,True,True,True,False,0,False,False,Valid Claim
CLM-001076,USR-5282,Power Tools,Makita,HP457,SN70762792,2023-07-13,877.2,standard,18,0,2023-12-22,2024-04-10,chuck_defect,0,,True,True,INV-458224,True,True,True,True,True,False,0,False,False,Invalid Claim
CLM-001077,USR-6549,Home Appliances,Bosch,Serie 6 Washer,SN25457816,2024-02-26,1447.53,standard,12,0,2024-08-04,2024-08-18,manufacturing_defect,0,,True,True,INV-247594,True,True,True,True,True,False,0,False,False,Valid Claim
CLM-001078,USR-7119,Power Tools,Bosch,GSR 18V,SN12174497,2022-11-04,1731.89,standard,18,0,2024-02-09,2024-02-20,manufacturing_defect,5,2023-08-12,True,True,INV-628704,True,True,True,True,True,True,0,False,False,Manual Review
CLM-001079,USR-4700,Power Tools,DeWalt,DCD771,SN69103568,2021-05-06,1971.85,standard,18,0,2021-05-07,2021-05-17,motor_failure,0,,True,True,INV-252438,True,True,True,True,True,False,0,False,False,Manual Review
CLM-001080,USR-9849,Electronics,Dell,Inspiron 5518,SN45603234,2021-12-03,2008.95,extended,24,12,2024-02-05,2024-02-07,software_malfunction,0,,True,True,INV-349087,True,True,True,True,True,False,0,False,False,Valid Claim
CLM-001081,USR-2436,Home Appliances,Whirlpool,WM 2500,SN24949509,2021-08-07,340.29,standard,12,0,2021-12-26,2022-01-07,control_panel_fault,0,,True,True,INV-720967,True,True,False,True,True,False,0,False,False,Manual Review
CLM-001082,USR-5128,Home Appliances,Bosch,Serie 6 Washer,SN39287523,2021-04-04,1442.76,extended,12,24,2024-01-17,2024-01-24,control_panel_fault,0,,True,True,INV-645928,True,True,True,True,True,False,0,False,False,Valid Claim
CLM-001083,USR-7472,Power Tools,DeWalt,DCD771,SN67429121,2023-01-03,432.75,standard,18,0,2023-08-27,2023-11-05,motor_failure,0,,True,True,INV-211028,True,True,True,True,True,False,0,False,False,Invalid Claim
CLM-001084,USR-1807,Home Appliances,Godrej,WD 700,SN73782705,2020-08-20,2768.84,extended,12,24,2022-08-15,2022-08-29,cooling_failure,0,,True,True,INV-121215,True,True,True,True,True,False,0,False,False,Valid Claim
CLM-001085,USR-8415,Home Appliances,Godrej,WD 700,SN75855518,2021-11-07,2225.66,standard,12,0,2022-08-28,2022-09-02,drum_failure,0,,True,False,INV-369840,True,True,True,True,True,False,0,False,False,Manual Review
CLM-001086,USR-4273,Electronics,LG,OLED C3,SN53315309,2022-08-14,467.34,standard,24,0,2024-08-18,2024-09-06,manufacturing_defect,0,,True,True,INV-132390,True,True,True,True,True,False,0,False,False,Manual Review
CLM-001087,USR-6752,Electronics,Xiaomi,Redmi Note 12,SN96629889,2021-12-05,2459.91,standard,24,0,2022-07-15,2022-07-24,power_failure,0,,True,True,INV-207798,True,True,True,True,True,False,0,False,False,Valid Claim
CLM-001088,USR-9998,Electronics,Xiaomi,Redmi Note 12,SN27584297,2021-06-19,2788.8,standard,24,0,2023-01-09,2023-01-13,screen_defect,0,,True,True,INV-832168,True,True,True,True,True,False,0,False,False,Valid Claim
CLM-001089,USR-7723,Power Tools,Bosch,GSR 18V,SN28831186,2020-04-20,499.87,standard,18,0,2021-07-31,2021-08-08,motor_failure,4,2021-06-26,True,True,INV-901733,True,True,True,True,True,True,0,False,False,Manual Review
CLM-001090,USR-4729,Home Appliances,Samsung,RT28 Refrigerator,SN44715141,2020-05-13,1270.29,standard,12,0,2021-01-20,2021-02-03,water_leakage,0,,True,True,INV-760830,True,True,True,True,True,False,0,False,False,Valid Claim
CLM-001091,USR-1479,Home Appliances,Samsung,RT28 Refrigerator,SN40066698,2020-07-18,219.68,standard,12,0,2020-10-24,2020-10-30,manufacturing_defect,0,,True,False,INV-245473,True,True,True,True,True,False,0,False,False,Manual Review
CLM-001092,USR-9561,Electronics,Sony,Bravia X75,SN50635874,2020-09-17,257.73,standard,24,0,2022-09-27,2022-10-22,power_failure,0,,True,True,INV-355790,True,True,True,True,True,False,0,False,False,Manual Review
CLM-001093,USR-3591,Electronics,Sony,Bravia X75,SN14051460,2022-08-23,508.91,standard,24,0,2023-07-12,2023-07-15,power_failure,0,,True,True,INV-182830,True,True,True,True,False,False,0,False,False,Manual Review
CLM-001094,USR-2816,Power Tools,Black+Decker,CD701,SN77085942,2020-04-27,1822.48,standard,18,0,2021-03-10,2021-03-29,manufacturing_defect,0,,True,True,INV-762652,True,True,True,True,True,False,0,False,False,Valid Claim
CLM-001095,USR-3703,Power Tools,Bosch,GSR 18V,SN91512791,2021-03-06,2678.08,extended,18,24,2023-01-02,2023-01-13,motor_failure,0,,True,True,INV-156157,True,True,True,True,True,False,0,False,False,Valid Claim
CLM-001096,USR-2257,Electronics,Apple,iPhone 13,SN96525668,2021-07-30,2603.61,standard,24,0,2023-03-14,2023-03-27,overheating,0,,True,True,INV-194682,True,True,True,True,True,False,0,False,False,Valid Claim
CLM-001097,USR-5097,Power Tools,Black+Decker,CD701,SN33214233,2021-01-19,657.8,standard,18,0,2021-05-05,2021-05-24,chuck_defect,0,,True,False,INV-511907,True,True,True,True,True,False,0,False,False,Manual Review
CLM-001098,USR-4984,Home Appliances,IFB,Senorita SX,SN40314047,2022-07-18,955.93,standard,12,0,2022-09-17,2022-09-19,manufacturing_defect,1,2022-08-29,True,True,INV-785491,True,True,True,True,True,True,0,False,False,Valid Claim
CLM-001099,USR-3126,Electronics,Xiaomi,Redmi Note 12,SN29138848,2022-11-09,738.61,standard,24,0,2023-04-28,2023-05-21,manufacturing_defect,4,2023-02-19,True,True,INV-879286,True,True,True,True,True,True,0,False,False,Manual Review
CLM-001100,USR-8319,Home Appliances,IFB,Senorita SX,SN45835371,2021-04-16,2865.78,standard,12,0,2021-06-05,2021-06-10,cooling_failure,0,,True,True,INV-710754,True,True,True,True,True,False,0,False,False,Valid Claim
CLM-001101,USR-1496,Power Tools,Black+Decker,CD701,SN76845536,2023-06-08,2675.87,standard,18,0,2024-06-24,2024-07-04,switch_fault,0,,True,True,INV-403742,True,True,True,True,True,False,0,False,False,Valid Claim
CLM-001102,USR-6187,Electronics,Xiaomi,Redmi Note 12,SN50229795,2021-11-17,1745.21,standard,24,0,2024-07-16,2024-08-08,audio_fault,0,,True,True,INV-419343,True,True,True,True,True,False,0,False,False,Invalid Claim
CLM-001103,USR-5138,Home Appliances,IFB,Senorita SX,SN60092039,2021-05-02,1834.75,standard,12,0,2022-01-07,2021-03-03,water_leakage,0,,True,True,INV-811517,True,True,True,True,True,False,0,False,False,Manual Review
CLM-001104,USR-3950,Home Appliances,IFB,Senorita SX,SN50278816,2022-12-11,2534.82,standard,12,0,2023-09-30,2023-10-08,cooling_failure,1,2022-07-10,True,True,INV-800423,True,True,True,True,True,True,0,False,False,Manual Review
CLM-001105,USR-7250,Electronics,Samsung,Galaxy S22,SN37652856,2020-03-22,2708.94,standard,24,0,2020-03-23,2020-04-21,manufacturing_defect,0,,True,True,INV-404550,True,True,True,True,True,False,0,False,False,Manual Review
CLM-001106,USR-7390,Power Tools,DeWalt,DCD771,SN73698335,2022-02-05,846.87,standard,18,0,2023-08-16,2023-08-26,switch_fault,0,,True,True,INV-555851,True,True,True,True,True,False,0,False,False,Invalid Claim
CLM-001107,USR-8956,Electronics,LG,OLED C3,SN74606833,2022-04-01,704.14,standard,24,0,2022-11-28,2022-12-11,screen_defect,0,,True,True,INV-161483,True,True,True,True,True,False,0,False,False,Valid Claim
CLM-001108,USR-7537,Power Tools,DeWalt,DCD771,SN97225156,2021-09-19,1170.39,standard,18,0,2022-01-12,2022-01-20,switch_fault,0,,True,True,INV-573417,True,True,True,True,True,False,0,False,False,Valid Claim
CLM-001109,USR-2864,Home Appliances,LG,Fridge 340L,SN56328316,2022-11-04,1335.35,standard,12,0,2023-08-25,2023-09-03,cooling_failure,0,,True,True,INV-811163,True,True,True,True,True,False,0,False,False,Valid Claim
CLM-001110,USR-9749,Power Tools,Black+Decker,CD701,SN42100652,2021-04-13,983.65,standard,18,0,2021-09-13,2021-09-25,battery_failure,0,,True,True,INV-975679,True,True,True,True,True,False,0,False,False,Valid Claim
CLM-001111,USR-2198,Electronics,Lenovo,IdeaPad Slim 3,SN49010740,2023-01-19,2041.32,standard,24,0,2023-10-21,2023-11-20,software_malfunction,0,,True,True,INV-202972,True,True,True,True,True,False,0,False,False,Valid Claim
CLM-001112,USR-6154,Home Appliances,LG,Fridge 340L,SN70532325,2021-01-07,1888.68,standard,12,0,2021-10-27,2021-10-30,cooling_failure,1,2021-08-21,True,True,INV-110048,True,True,True,True,True,True,0,False,False,Valid Claim
CLM-001113,USR-3205,Home Appliances,Bosch,Serie 6 Washer,SN34622346,2022-08-24,2193.23,standard,12,0,2023-06-25,2023-06-27,drum_failure,0,,True,True,INV-959943,True,True,True,True,True,False,1,False,False,Manual Review
CLM-001114,USR-8776,Electronics,Xiaomi,Redmi Note 12,SN80504712,2021-09-02,2960.98,standard,24,0,2022-12-03,2022-12-06,liquid_damage,0,,True,True,INV-719371,True,True,True,True,True,False,0,False,False,Invalid Claim
CLM-001115,USR-5747,Power Tools,DeWalt,DCD771,SN93724365,2022-11-26,1709.77,standard,18,0,2023-09-25,2023-10-05,motor_failure,0,,True,False,INV-418395,True,True,True,True,True,False,0,False,False,Manual Review
CLM-001116,USR-6314,Home Appliances,Bosch,Serie 6 Washer,SN86181117,2024-01-06,1820.97,standard,12,0,2024-05-10,2024-05-23,manufacturing_defect,0,,True,True,INV-263137,True,True,True,True,True,False,0,False,False,Valid Claim
CLM-001117,USR-9485,Electronics,Samsung,Galaxy S22,SN58486337,2021-02-16,1213.23,standard,24,0,2021-06-09,2021-07-09,screen_defect,0,,True,True,INV-148693,True,True,True,True,True,False,0,False,False,Valid Claim
CLM-001118,USR-7070,Home Appliances,IFB,Senorita SX,SN79119463,2020-09-13,1720.02,standard,12,0,2021-06-23,2021-06-25,cooling_failure,0,,True,True,INV-353480,True,True,True,True,True,False,0,False,False,Valid Claim
CLM-001119,USR-1170,Home Appliances,Bosch,Serie 6 Washer,SN94092385,2023-05-03,2102.17,standard,12,0,2023-05-28,2023-06-05,manufacturing_defect,0,,True,True,INV-829810,True,True,True,True,True,False,0,False,False,Manual Review
CLM-001120,USR-8119,Home Appliances,Whirlpool,WM 2500,SN56397338,2020-07-30,2207.35,standard,12,0,2021-06-01,2021-06-03,cooling_failure,0,,True,True,INV-557592,True,True,True,True,True,False,0,False,False,Valid Claim
CLM-001121,USR-8111,Electronics,Xiaomi,Redmi Note 12,SN80938021,2020-11-16,2441.32,standard,24,0,2021-02-21,2021-03-14,power_failure,0,,True,True,INV-190196,True,True,True,True,True,False,1,True,False,Manual Review
CLM-001122,USR-3999,Power Tools,Black+Decker,CD701,SN68916214,2022-07-15,2959.84,standard,18,0,2023-01-31,2023-02-09,battery_failure,0,,True,True,INV-626625,False,True,True,True,False,False,0,False,False,Manual Review
CLM-001123,USR-1987,Electronics,Sony,Bravia X75,SN38517975,2022-09-28,118.33,standard,24,0,2024-01-08,2024-01-15,power_failure,0,,True,False,INV-590891,True,True,True,True,True,False,0,False,False,Manual Review
CLM-001124,USR-7171,Power Tools,Bosch,GSR 18V,SN96368203,2021-09-15,2391.65,standard,18,0,2022-11-02,2022-11-19,motor_failure,0,,True,True,INV-802667,True,True,True,True,True,False,0,False,False,Valid Claim
CLM-001125,USR-1897,Electronics,Samsung,Galaxy S22,SN50462762,2022-06-13,1863.36,standard,24,0,2022-12-07,2023-01-25,screen_defect,0,,True,True,INV-168986,True,True,True,True,True,False,0,False,False,Invalid Claim
CLM-001126,USR-6769,Power Tools,Bosch,GSR 18V,SN73596407,2023-04-20,1782.82,standard,18,0,2024-02-09,2024-02-13,battery_failure,0,,True,False,INV-359533,True,True,True,True,True,False,0,False,False,Manual Review
CLM-001127,USR-5663,Electronics,LG,OLED C3,SN57661928,2022-02-27,1029.26,standard,24,0,2025-03-30,2025-04-14,battery_failure,0,,True,True,INV-611174,True,True,True,True,True,False,0,False,False,Invalid Claim
CLM-001128,USR-1646,Power Tools,DeWalt,DCD771,SN75136149,2021-05-17,2143.35,standard,18,0,2023-08-26,2023-09-11,switch_fault,0,,True,True,INV-409030,True,True,True,True,True,False,0,False,False,Invalid Claim
CLM-001129,USR-3981,Electronics,Xiaomi,Redmi Note 12,SN77459675,2022-09-12,2849.57,standard,24,0,2023-06-29,2023-07-05,screen_defect,0,,True,True,INV-694639,False,True,True,True,True,False,0,False,False,Manual Review
CLM-001130,USR-9054,Home Appliances,Bosch,Serie 6 Washer,SN23182514,2022-05-02,2919.69,extended,12,24,2024-03-19,2024-03-31,motor_failure,0,,True,True,INV-240913,True,True,True,True,True,False,0,False,False,Valid Claim
CLM-001131,USR-7778,Power Tools,Bosch,GSR 18V,SN31636866,2022-12-09,2219.06,standard,18,0,2023-01-03,2023-01-09,motor_failure,0,,True,True,INV-730745,True,True,True,True,True,False,0,False,False,Manual Review
CLM-001132,USR-3438,Home Appliances,Whirlpool,WM 2500,SN97626101,2022-10-05,1949.78,standard,12,0,2023-06-06,2023-06-11,liquid_damage,0,,True,True,INV-796889,True,True,True,True,True,False,0,False,False,Invalid Claim
CLM-001133,USR-5398,Power Tools,DeWalt,DCD771,SN60622628,2020-04-04,2047.12,standard,18,0,2020-07-04,2020-07-11,switch_fault,0,,True,True,INV-141468,True,True,True,True,True,False,0,False,False,Valid Claim
CLM-001134,USR-5466,Home Appliances,Samsung,RT28 Refrigerator,SN54958564,2023-08-17,869.35,standard,12,0,2024-04-18,2024-04-26,liquid_damage,0,,True,True,INV-367747,True,True,True,True,True,False,0,False,False,Invalid Claim
CLM-001135,USR-3182,Electronics,Samsung,Galaxy S22,SN53385340,2022-08-07,2925.25,standard,24,0,2023-05-24,2023-06-16,wear_and_tear,0,,True,True,INV-820216,True,True,True,True,True,False,0,False,False,Invalid Claim
CLM-001136,USR-5382,Home Appliances,Bosch,Serie 6 Washer,SN30290817,2020-03-25,2571.95,standard,12,0,2020-07-01,2020-07-13,drum_failure,1,2020-06-19,False,True,INV-733643,True,True,True,True,True,True,0,False,False,Invalid Claim
CLM-001137,USR-8586,Power Tools,Stanley,SXD201,SN92912825,2020-03-02,2557.19,standard,18,0,2020-04-28,2020-05-18,manufacturing_defect,0,,True,True,INV-473024,True,True,True,False,False,False,0,False,False,Manual Review
CLM-001138,USR-6346,Home Appliances,Godrej,WD 700,SN75249732,2023-08-05,1812.6,standard,12,0,2024-06-25,2024-07-03,wear_and_tear,0,,True,True,INV-655919,True,True,True,True,True,False,0,False,False,Invalid Claim
CLM-001139,USR-2521,Home Appliances,Samsung,RT28 Refrigerator,SN33501092,2020-09-01,1559.57,standard,12,0,2021-07-07,2021-07-09,drum_failure,2,2021-01-16,True,True,INV-859712,True,True,True,True,True,True,0,False,False,Manual Review
CLM-001140,USR-3938,Electronics,HP,Pavilion 15,SN76019888,2022-04-23,2727.84,standard,24,0,2022-08-03,2022-08-07,unauthorized_modification,0,,True,True,INV-356639,True,True,True,True,True,False,0,False,False,Invalid Claim
CLM-001141,USR-5053,Home Appliances,Bosch,Serie 6 Washer,SN48141360,2021-04-03,1374.03,standard,12,0,2023-01-09,2023-01-23,motor_failure,0,,True,True,INV-237654,True,True,True,True,True,False,0,False,False,Invalid Claim
CLM-001142,USR-8191,Electronics,Samsung,Galaxy S22,SN65636716,2022-09-05,1704.46,standard,24,0,2022-09-19,2022-09-25,battery_failure,0,,True,True,INV-301577,True,True,True,True,True,False,0,False,False,Manual Review
CLM-001143,USR-1979,Electronics,Lenovo,IdeaPad Slim 3,SN49320837,2022-08-31,2450.05,standard,24,0,2024-09-12,2024-10-07,overheating,0,,True,True,INV-962260,True,True,True,True,True,False,0,False,False,Manual Review
CLM-001144,USR-7800,Electronics,Lenovo,IdeaPad Slim 3,SN82038305,2022-07-29,1366.01,standard,24,0,2022-10-10,2022-10-20,overheating,4,2022-09-27,True,True,INV-732575,True,True,True,True,True,True,0,False,False,Manual Review
CLM-001145,USR-8501,Electronics,LG,OLED C3,SN61628861,2022-05-23,2739.63,standard,24,0,2024-03-08,2024-07-21,power_failure,0,,True,True,INV-832453,True,True,True,True,True,False,0,False,False,Invalid Claim
CLM-001146,USR-4808,Power Tools,Black+Decker,CD701,SN17909847,2022-11-26,2320.83,standard,18,0,2022-11-21,2023-07-08,chuck_defect,0,,True,True,INV-531865,True,True,True,True,True,False,0,False,False,Manual Review
CLM-001147,USR-1971,Power Tools,Stanley,SXD201,SN72959166,2023-04-18,427.25,standard,18,0,2023-07-14,2023-07-24,physical_damage,0,,True,True,INV-145383,True,True,True,True,True,False,0,False,False,Invalid Claim
CLM-001148,USR-9582,Electronics,LG,OLED C3,SN28153282,2020-11-01,1335.79,standard,24,0,2023-10-22,2023-11-21,overheating,0,,True,True,INV-252203,True,True,True,True,True,False,0,False,False,Invalid Claim
CLM-001149,USR-5291,Electronics,Apple,iPhone 13,SN31687165,2020-09-13,2244.39,standard,24,0,2022-02-05,2022-02-23,battery_failure,0,,True,True,INV-839945,True,True,True,True,True,False,0,False,False,Valid Claim
CLM-001150,USR-2104,Power Tools,Bosch,GSR 18V,SN14216175,2021-04-02,2590.14,standard,18,0,2021-09-24,2021-10-03,manufacturing_defect,0,,True,True,INV-639131,True,True,True,True,True,False,0,False,False,Valid Claim
CLM-001151,USR-6690,Power Tools,Makita,HP457,SN48223995,2020-07-11,563.53,standard,18,0,2021-05-10,2021-05-25,chuck_defect,0,,True,True,INV-387150,True,True,True,True,True,False,1,False,False,Manual Review
CLM-001152,USR-9947,Home Appliances,Samsung,RT28 Refrigerator,SN90967191,2024-02-02,2701.61,standard,12,0,2024-08-04,2024-08-11,water_leakage,0,,True,True,INV-330080,True,True,True,True,True,False,0,False,False,Valid Claim
CLM-001153,USR-5007,Power Tools,Stanley,SXD201,SN61325978,2022-10-23,130.26,standard,18,0,2023-07-05,2022-09-24,battery_failure,0,,True,True,INV-862899,True,True,True,True,True,False,0,False,False,Manual Review
CLM-001154,USR-4460,Home Appliances,IFB,Senorita SX,SN98917575,2023-01-10,586.36,standard,12,0,2024-11-01,2024-11-08,motor_failure,0,,True,True,INV-297370,True,True,True,True,True,False,0,False,False,Invalid Claim
CLM-001155,USR-6295,Power Tools,Stanley,SXD201,SN94183695,2022-06-27,1003.13,standard,18,0,2023-04-17,2023-05-02,battery_failure,0,,True,True,INV-171603,True,True,True,True,True,False,0,False,False,Valid Claim
CLM-001156,USR-5819,Electronics,Xiaomi,Redmi Note 12,SN29940314,2022-12-21,1036.83,standard,24,0,2023-12-15,2024-02-20,manufacturing_defect,0,,True,True,INV-760035,True,True,True,True,True,False,0,False,False,Invalid Claim
CLM-001157,USR-8687,Electronics,Apple,iPhone 13,SN81819757,2020-10-09,104.29,standard,24,0,2023-06-30,2023-07-10,screen_defect,0,,True,True,INV-892170,True,True,True,True,True,False,0,False,False,Invalid Claim
CLM-001158,USR-5438,Home Appliances,Godrej,WD 700,SN51154241,2022-07-07,814.1,standard,12,0,2022-11-27,2022-12-03,manufacturing_defect,0,,True,True,INV-856321,True,True,True,True,True,False,0,False,False,Valid Claim
CLM-001159,USR-3791,Home Appliances,IFB,Senorita SX,SN56199559,2023-06-09,1960.05,standard,12,0,2024-06-14,2024-06-20,drum_failure,0,,True,True,INV-994026,True,True,True,True,True,False,0,False,False,Manual Review
CLM-001160,USR-8499,Electronics,LG,OLED C3,SN27365785,2022-09-08,2906.65,standard,24,0,2023-03-20,2023-04-12,battery_failure,1,2023-02-01,False,True,INV-654844,True,True,True,True,True,True,0,False,False,Invalid Claim
CLM-001161,USR-4905,Electronics,Sony,Bravia X75,SN55741665,2022-08-16,2510.95,standard,24,0,2024-04-12,2024-07-16,overheating,0,,True,True,INV-449792,True,True,True,True,True,False,0,False,False,Invalid Claim
CLM-001162,USR-2650,Electronics,Xiaomi,Redmi Note 12,SN53679307,2021-01-12,1135.88,standard,24,0,2023-05-07,2023-05-25,overheating,0,,True,True,INV-372315,True,True,True,True,True,False,0,False,False,Invalid Claim
CLM-001163,USR-9784,Power Tools,Makita,HP457,SN80495248,2022-03-07,1952.87,standard,18,0,2023-11-06,2023-11-21,manufacturing_defect,0,,True,True,INV-645940,True,True,True,True,True,False,0,False,False,Invalid Claim
CLM-001164,USR-3200,Home Appliances,Bosch,Serie 6 Washer,SN54501625,2021-12-26,2643.43,standard,12,0,2022-08-11,2022-08-25,water_leakage,0,,True,True,INV-566991,True,True,True,True,True,False,0,False,False,Valid Claim
CLM-001165,USR-7798,Electronics,Sony,Bravia X75,SN55617282,2021-07-08,2808.01,standard,24,0,2021-09-21,2021-10-01,battery_failure,0,,True,True,INV-380150,True,True,True,True,True,False,0,False,False,Valid Claim
CLM-001166,USR-2412,Electronics,Samsung,Galaxy S22,SN68315400,2021-05-04,418.68,standard,24,0,2021-09-10,2021-09-20,battery_failure,1,2021-06-18,True,True,INV-738407,True,True,True,True,True,True,0,False,False,Valid Claim
CLM-001167,USR-4412,Power Tools,Stanley,SXD201,SN87496999,2020-01-28,2081.64,standard,18,0,2021-10-17,2021-10-26,chuck_defect,0,,True,True,INV-169429,True,True,True,True,True,False,0,False,False,Invalid Claim
CLM-001168,USR-5249,Power Tools,DeWalt,DCD771,SN64867187,2021-01-16,1366.93,standard,18,0,2022-01-30,2022-02-05,switch_fault,0,,True,True,INV-214499,True,True,True,False,True,False,0,False,False,Manual Review
CLM-001169,USR-1806,Home Appliances,Samsung,RT28 Refrigerator,SN79611890,2020-04-28,694.55,standard,12,0,2020-08-31,2020-09-14,drum_failure,1,2019-10-27,True,True,INV-308079,True,True,True,True,True,True,0,False,False,Manual Review
CLM-001170,USR-4120,Electronics,Sony,Bravia X75,SN35894291,2020-03-14,2137.61,standard,24,0,2021-12-06,2021-12-26,manufacturing_defect,0,,True,True,INV-178516,True,False,True,True,False,False,0,False,False,Manual Review
CLM-001171,USR-7084,Power Tools,Stanley,SXD201,SN22009789,2020-11-02,806.27,standard,18,0,2023-04-23,2023-05-13,battery_failure,0,,True,True,INV-195841,True,True,True,True,True,False,0,False,False,Invalid Claim
CLM-001172,USR-7729,Power Tools,Stanley,SXD201,SN26621878,2020-10-30,2746.28,standard,18,0,2022-01-20,2022-01-29,manufacturing_defect,0,,True,True,INV-263190,True,True,True,False,True,False,0,False,False,Manual Review
CLM-001173,USR-5512,Home Appliances,Whirlpool,WM 2500,SN64086249,2020-06-14,500.05,extended,12,24,2022-08-14,2022-08-15,drum_failure,0,,True,True,INV-813884,True,True,True,True,True,False,0,False,False,Valid Claim
CLM-001174,USR-5157,Power Tools,Stanley,SXD201,SN51158280,2022-09-06,1766.74,standard,18,0,2024-05-20,2024-05-24,battery_failure,0,,True,True,INV-871523,True,True,True,True,True,False,0,False,False,Invalid Claim
CLM-001175,USR-8405,Power Tools,Stanley,SXD201,SN93342668,2021-08-10,1154.99,standard,18,0,2022-05-25,2022-05-28,physical_damage,0,,True,True,INV-297503,True,True,True,True,True,False,0,False,False,Invalid Claim
CLM-001176,USR-7870,Electronics,LG,OLED C3,SN40133935,2020-03-02,1019.66,standard,24,0,2021-04-06,2021-04-15,screen_defect,1,2021-01-18,True,True,INV-855276,True,True,True,True,True,True,0,False,False,Valid Claim
CLM-001177,USR-7977,Electronics,Sony,Bravia X75,SN46153018,2022-05-01,2865.63,standard,24,0,2022-01-02,2022-08-17,screen_defect,0,,True,True,INV-721885,True,True,True,True,True,False,0,False,False,Manual Review
CLM-001178,USR-7868,Electronics,Samsung,Galaxy S22,SN98231132,2020-06-05,1784.32,standard,24,0,2021-05-11,2021-05-18,battery_failure,0,,True,True,INV-431737,True,True,True,True,True,False,0,False,False,Valid Claim
CLM-001179,USR-2059,Home Appliances,LG,Fridge 340L,SN96434410,2023-03-14,1082.22,standard,12,0,2023-11-09,2023-11-20,control_panel_fault,0,,True,True,INV-879058,False,False,True,True,True,False,0,False,False,Manual Review
CLM-001180,USR-2567,Electronics,Sony,Bravia X75,SN93070162,2022-12-10,1136.75,standard,24,0,2024-07-24,2024-08-01,wear_and_tear,0,,True,True,INV-665940,True,True,True,True,True,False,0,False,False,Invalid Claim
CLM-001181,USR-7347,Home Appliances,Bosch,Serie 6 Washer,SN64864099,2021-07-22,2341.44,standard,12,0,2021-10-01,2021-10-14,control_panel_fault,0,,True,True,INV-726928,True,True,True,True,True,False,0,False,False,Valid Claim
CLM-001182,USR-1187,Electronics,Xiaomi,Redmi Note 12,SN95078886,2022-01-24,2350.06,standard,24,0,2024-07-18,2024-08-04,screen_defect,0,,True,True,INV-156757,True,True,True,True,True,False,0,False,False,Invalid Claim
CLM-001183,USR-8907,Home Appliances,Samsung,RT28 Refrigerator,SN77116153,2020-02-10,529.91,standard,12,0,2022-03-04,2022-03-18,cooling_failure,0,,True,True,INV-606957,True,True,True,True,True,False,0,False,False,Invalid Claim
CLM-001184,USR-5135,Electronics,Samsung,Galaxy S22,SN91650533,2020-08-06,2430.85,extended,24,12,2023-07-16,2023-07-25,software_malfunction,0,,True,True,INV-847362,True,True,True,True,True,False,0,False,False,Valid Claim
CLM-001185,USR-1659,Electronics,Dell,Inspiron 5518,SN16080513,2022-10-10,193.63,standard,24,0,2024-04-20,2024-05-07,audio_fault,0,,True,True,INV-449218,True,True,True,True,True,False,0,False,False,Valid Claim
CLM-001186,USR-6110,Electronics,LG,OLED C3,SN56045630,2021-12-03,1409.57,standard,24,0,2023-06-23,2023-07-05,power_failure,2,2022-04-11,True,True,INV-646428,True,True,True,True,True,True,0,False,False,Valid Claim
CLM-001187,USR-9700,Home Appliances,Whirlpool,WM 2500,SN73789440,2023-02-23,1327.15,standard,12,0,2023-05-18,2023-05-29,improper_installation,0,,True,True,INV-934301,True,True,True,True,True,False,0,False,False,Invalid Claim
CLM-001188,USR-9021,Home Appliances,Whirlpool,WM 2500,SN71773805,2020-08-25,1151.94,standard,12,0,2021-04-16,2021-04-21,drum_failure,1,2020-05-30,True,True,INV-819729,True,True,True,True,True,True,0,False,False,Manual Review
CLM-001189,USR-1265,Power Tools,DeWalt,DCD771,SN45000508,2020-10-14,1695.67,standard,18,0,2021-12-10,2021-12-24,switch_fault,0,,True,True,INV-707275,True,True,True,True,True,False,0,False,False,Valid Claim
CLM-001190,USR-6799,Electronics,Dell,Inspiron 5518,SN38818707,2020-06-14,2732.25,extended,24,24,2023-09-28,2023-10-27,software_malfunction,0,,True,True,INV-393448,True,True,True,True,True,False,0,False,False,Valid Claim
CLM-001191,USR-6327,Electronics,HP,Pavilion 15,SN61124122,2023-01-17,2984.31,standard,24,0,2024-07-07,2024-07-24,battery_failure,0,,True,True,INV-409222,True,True,True,True,True,False,0,False,False,Valid Claim
CLM-001192,USR-9313,Electronics,Samsung,Galaxy S22,SN54463735,2023-01-12,1969.95,standard,24,0,2024-01-16,2024-02-10,commercial_use,0,,True,True,INV-596931,True,True,True,True,True,False,0,False,False,Invalid Claim
CLM-001193,USR-6928,Electronics,Dell,Inspiron 5518,SN12446861,2022-10-27,1138.79,standard,24,0,2023-12-23,2024-01-17,power_failure,0,,True,True,INV-324597,True,True,True,True,True,False,0,False,False,Valid Claim
CLM-001194,USR-2382,Power Tools,Bosch,GSR 18V,SN29470999,2021-11-22,1818.99,standard,18,0,2024-02-04,2024-02-18,motor_failure,0,,True,True,INV-978302,True,True,True,True,True,False,0,False,False,Invalid Claim
CLM-001195,USR-3128,Power Tools,Bosch,GSR 18V,SN60460287,2020-06-14,1996.67,standard,18,0,2020-11-09,2020-11-13,wear_and_tear,0,,True,True,INV-942216,True,True,True,True,True,False,0,False,False,Invalid Claim
CLM-001196,USR-3788,Power Tools,Black+Decker,CD701,SN21813404,2021-03-28,638.19,standard,18,0,2022-02-20,2022-02-21,chuck_defect,0,,True,False,INV-955792,True,True,True,True,True,False,0,False,False,Manual Review
CLM-001197,USR-7036,Home Appliances,Godrej,WD 700,SN70655417,2021-05-13,1885.59,standard,12,0,2022-03-17,2022-03-24,control_panel_fault,0,,True,True,INV-598282,False,True,True,True,True,False,0,False,False,Manual Review
CLM-001198,USR-3018,Power Tools,Black+Decker,CD701,SN68029531,2023-06-06,507.04,standard,18,0,2023-10-10,2023-10-18,manufacturing_defect,0,,True,True,INV-293785,True,True,True,True,True,False,1,False,False,Manual Review
CLM-001199,USR-5553,Power Tools,DeWalt,DCD771,SN66379776,2020-03-26,1634.64,standard,18,0,2020-12-05,2021-03-26,chuck_defect,0,,True,True,INV-105409,True,True,True,True,True,False,0,False,False,Invalid Claim
CLM-001200,USR-2655,Home Appliances,Bosch,Serie 6 Washer,SN55172462,2022-03-10,961.15,extended,12,12,2023-11-03,2023-11-16,motor_failure,0,,True,True,INV-265154,True,True,True,True,True,False,0,False,False,Valid Claim
CLM-001201,USR-9698,Home Appliances,Whirlpool,WM 2500,SN70752435,2022-08-22,1107.71,standard,12,0,2022-11-18,2022-11-24,manufacturing_defect,0,,True,False,INV-677035,True,True,True,True,True,False,0,False,False,Manual Review
CLM-001202,USR-9254,Home Appliances,Godrej,WD 700,SN57990755,2021-09-22,1447.67,standard,12,0,2022-06-09,2022-06-16,water_leakage,0,,True,False,INV-589215,True,True,True,True,True,False,0,False,False,Manual Review
CLM-001203,USR-3742,Power Tools,Makita,HP457,SN10072871,2023-08-19,255.71,standard,18,0,2024-08-14,2024-12-15,battery_failure,0,,True,True,INV-386578,True,True,True,True,True,False,0,False,False,Invalid Claim
CLM-001204,USR-9887,Home Appliances,Godrej,WD 700,SN87205978,2023-05-28,2399.88,standard,12,0,2023-12-30,2024-01-11,physical_damage,0,,True,True,INV-184891,True,True,True,True,True,False,0,False,False,Invalid Claim
CLM-001205,USR-8582,Home Appliances,Godrej,WD 700,SN79525894,2020-01-02,1423.84,standard,12,0,2020-03-15,2020-03-20,manufacturing_defect,0,,True,True,INV-188771,True,True,True,True,True,False,1,True,False,Manual Review
CLM-001206,USR-5259,Home Appliances,LG,Fridge 340L,SN55961908,2024-03-19,942.25,standard,12,0,2025-03-26,2025-04-03,water_leakage,0,,True,True,INV-446723,True,True,True,True,True,False,0,False,False,Manual Review
CLM-001207,USR-4201,Home Appliances,Samsung,RT28 Refrigerator,SN83357939,2022-09-26,2300.61,standard,12,0,2022-11-13,2022-11-20,motor_failure,1,2022-11-02,True,True,INV-257880,True,True,True,True,True,True,0,False,False,Valid Claim
CLM-001208,USR-7735,Electronics,Sony,Bravia X75,SN50471241,2021-03-12,2321.23,standard,24,0,2022-11-24,2023-05-23,screen_defect,0,,True,True,INV-206759,True,True,True,True,True,False,0,False,False,Invalid Claim
CLM-001209,USR-8240,Power Tools,Makita,HP457,SN90215042,2020-09-30,1607.51,standard,18,0,2021-11-21,2021-12-01,physical_damage,0,,True,True,INV-280572,True,True,True,True,True,False,0,False,False,Invalid Claim
CLM-001210,USR-2646,Electronics,LG,OLED C3,SN33788294,2020-01-26,938.9,standard,24,0,2021-05-13,2021-07-06,battery_failure,0,,True,True,INV-877462,True,True,True,True,True,False,0,False,False,Invalid Claim
CLM-001211,USR-9797,Home Appliances,IFB,Senorita SX,SN16856217,2020-07-09,1011.07,standard,12,0,2021-07-11,2021-07-19,control_panel_fault,0,,True,True,INV-176603,True,True,True,True,True,False,0,False,False,Manual Review
CLM-001212,USR-6404,Home Appliances,LG,Fridge 340L,SN40872577,2021-01-25,1189.13,standard,12,0,2021-12-17,2021-12-28,motor_failure,0,,True,True,INV-623555,True,True,True,True,True,False,0,False,False,Valid Claim
CLM-001213,USR-1282,Power Tools,Black+Decker,CD701,SN22489409,2022-06-25,939.17,standard,18,0,2022-12-20,2022-12-30,battery_failure,0,,True,True,INV-825391,True,True,True,True,True,False,0,False,False,Valid Claim
CLM-001214,USR-8698,Home Appliances,Samsung,RT28 Refrigerator,SN23555369,2023-12-16,449.08,standard,12,0,2024-09-06,2024-09-07,manufacturing_defect,0,,True,True,INV-974364,True,True,True,True,True,False,1,False,False,Manual Review
CLM-001215,USR-5599,Home Appliances,Bosch,Serie 6 Washer,SN76147579,2020-03-05,2721.16,standard,12,0,2020-08-04,2020-10-12,control_panel_fault,0,,True,True,INV-735465,True,True,True,True,True,False,0,False,False,Invalid Claim
CLM-001216,USR-3947,Electronics,Xiaomi,Redmi Note 12,SN83833059,2023-01-11,158.6,standard,24,0,2023-10-25,2023-11-09,audio_fault,2,2023-03-17,True,True,INV-584045,True,True,True,True,True,True,0,False,False,Valid Claim
CLM-001217,USR-9589,Power Tools,Black+Decker,CD701,SN94426338,2020-12-04,2185.85,standard,18,0,2022-03-23,2022-03-31,battery_failure,0,,True,True,INV-254954,True,True,True,True,True,False,0,False,False,Valid Claim
CLM-001218,USR-2526,Power Tools,Stanley,SXD201,SN74725282,2020-08-17,2005.43,standard,18,0,2022-02-22,2022-03-15,switch_fault,0,,True,True,INV-665482,True,True,True,True,True,False,0,False,False,Invalid Claim
CLM-001219,USR-6690,Home Appliances,LG,Fridge 340L,SN68883853,2021-09-29,2220.91,standard,12,0,2023-04-22,2023-04-28,manufacturing_defect,0,,True,True,INV-822730,True,True,True,True,True,False,0,False,False,Invalid Claim
CLM-001220,USR-8476,Power Tools,Bosch,GSR 18V,SN56544270,2021-08-01,2124.92,standard,18,0,2022-08-03,2022-12-13,chuck_defect,0,,True,True,INV-510087,True,True,True,True,True,False,0,False,False,Invalid Claim
CLM-001221,USR-7444,Home Appliances,LG,Fridge 340L,SN16923083,2023-06-05,2419.89,standard,12,0,2023-09-23,2023-10-04,drum_failure,0,,True,False,INV-549946,True,True,True,True,True,False,0,False,False,Manual Review
CLM-001222,USR-7517,Electronics,HP,Pavilion 15,SN74250209,2020-09-11,2000.14,standard,24,0,2021-02-09,2021-02-18,audio_fault,0,,True,True,INV-180534,True,True,True,True,True,False,1,True,False,Manual Review
CLM-001223,USR-7786,Power Tools,Makita,HP457,SN60354777,2023-06-28,1399.82,standard,18,0,2024-05-10,2024-05-19,manufacturing_defect,2,2024-03-16,True,True,INV-522419,True,True,True,True,True,True,0,False,False,Valid Claim
CLM-001224,USR-5193,Electronics,Xiaomi,Redmi Note 12,SN49566968,2021-02-20,2511.05,standard,24,0,2023-02-27,2023-03-25,manufacturing_defect,0,,True,True,INV-437479,True,True,True,True,True,False,0,False,False,Manual Review
CLM-001225,USR-4593,Electronics,Dell,Inspiron 5518,SN21710526,2022-12-04,766.76,standard,24,0,2023-03-04,2023-03-16,manufacturing_defect,0,,True,True,INV-313154,False,True,True,True,False,False,0,False,False,Manual Review
CLM-001226,USR-8822,Electronics,Dell,Inspiron 5518,SN97313825,2022-08-21,662.41,standard,24,0,2023-08-21,2023-09-11,software_malfunction,0,,True,True,INV-436768,True,True,True,True,True,False,0,False,False,Valid Claim
CLM-001227,USR-4673,Electronics,Apple,iPhone 13,SN96920825,2022-07-27,2083.81,standard,24,0,2024-03-30,2024-04-20,power_failure,1,2023-06-19,False,True,INV-619383,True,True,True,True,True,True,0,False,False,Invalid Claim
CLM-001228,USR-7291,Electronics,LG,OLED C3,SN57182314,2020-08-29,2892.69,standard,24,0,2021-04-02,2021-04-10,software_malfunction,2,2021-03-12,True,True,INV-929504,True,True,True,True,True,True,0,False,False,Valid Claim
CLM-001229,USR-9019,Home Appliances,Whirlpool,WM 2500,SN80828710,2021-06-10,2900.48,standard,12,0,2022-02-08,2022-02-18,cooling_failure,1,2021-12-07,True,True,INV-725969,True,True,True,True,True,True,0,False,False,Valid Claim
CLM-001230,USR-1793,Home Appliances,Bosch,Serie 6 Washer,SN16166355,2023-10-18,370.76,standard,12,0,2024-02-03,2024-02-17,water_leakage,1,2024-01-12,True,True,INV-117072,True,True,True,True,True,True,0,False,False,Valid Claim
CLM-001231,USR-3376,Electronics,Apple,iPhone 13,SN52205153,2022-01-20,437.13,standard,24,0,2022-04-14,2022-05-07,software_malfunction,0,,True,False,INV-821726,True,True,True,True,True,False,0,False,False,Manual Review
CLM-001232,USR-9335,Power Tools,DeWalt,DCD771,SN40097200,2021-12-30,434.38,standard,18,0,2022-05-04,2022-05-12,motor_failure,0,,True,True,INV-930541,True,True,True,True,True,False,0,False,False,Valid Claim
CLM-001233,USR-7783,Power Tools,Bosch,GSR 18V,SN65197277,2021-10-03,965.78,standard,18,0,2023-07-13,2023-07-17,chuck_defect,0,,True,True,INV-259338,True,True,True,True,True,False,0,False,False,Invalid Claim
CLM-001234,USR-1355,Electronics,Xiaomi,Redmi Note 12,SN47038339,2020-11-07,2763.81,standard,24,0,2023-09-15,2023-10-15,battery_failure,0,,True,True,INV-683347,True,True,True,True,True,False,0,False,False,Invalid Claim
CLM-001235,USR-8408,Electronics,Dell,Inspiron 5518,SN84618850,2022-05-14,2264.39,extended,24,12,2025-01-20,2025-01-24,power_failure,0,,True,True,INV-199326,True,True,True,True,True,False,0,False,False,Valid Claim
CLM-001236,USR-5209,Electronics,HP,Pavilion 15,SN11906295,2020-09-27,2244.97,standard,24,0,2023-08-15,2023-09-08,battery_failure,0,,True,True,INV-283095,True,True,True,True,True,False,0,False,False,Invalid Claim
CLM-001237,USR-1457,Electronics,Samsung,Galaxy S22,SN11954205,2022-05-02,1064.38,standard,24,0,2022-09-16,2022-11-14,power_failure,0,,True,True,INV-812989,True,True,True,True,True,False,0,False,False,Invalid Claim
CLM-001238,USR-1378,Power Tools,Makita,HP457,SN81530199,2021-01-16,1874.21,standard,18,0,2021-03-12,2021-04-20,switch_fault,0,,True,True,INV-575976,True,True,True,True,True,False,0,False,False,Invalid Claim
CLM-001239,USR-2607,Home Appliances,IFB,Senorita SX,SN45065845,2022-03-17,2766.97,standard,12,0,2022-07-28,2022-08-07,drum_failure,0,,True,False,INV-425830,True,True,True,True,True,False,0,False,False,Manual Review
CLM-001240,USR-1025,Electronics,HP,Pavilion 15,SN25865493,2020-07-06,150.04,standard,24,0,2022-09-24,2022-10-18,audio_fault,0,,True,True,INV-935434,True,True,True,True,True,False,0,False,False,Invalid Claim
CLM-001241,USR-2818,Power Tools,Makita,HP457,SN61399349,2020-04-04,1147.53,standard,18,0,2020-12-01,2020-12-13,wear_and_tear,0,,True,True,INV-142859,True,True,True,True,True,False,0,False,False,Invalid Claim
CLM-001242,USR-4817,Electronics,Xiaomi,Redmi Note 12,SN54098516,2021-03-07,2341.16,standard,24,0,2021-05-21,2021-05-30,overheating,0,,True,True,INV-724932,True,True,True,True,True,False,0,False,False,Valid Claim
CLM-001243,USR-5770,Power Tools,Bosch,GSR 18V,SN68995922,2021-01-12,1242.28,standard,18,0,2022-12-10,2022-12-25,chuck_defect,0,,True,True,INV-911259,True,True,True,True,True,False,0,False,False,Invalid Claim
CLM-001244,USR-7909,Home Appliances,Godrej,WD 700,SN97086700,2022-08-26,2667.48,standard,12,0,2023-08-26,2023-08-29,motor_failure,0,,True,True,INV-218548,True,True,True,True,True,False,0,False,False,Valid Claim
CLM-001245,USR-2541,Power Tools,Makita,HP457,SN59508547,2021-10-23,2754.16,standard,18,0,2022-10-22,2021-09-11,switch_fault,0,,True,True,INV-113625,True,True,True,True,True,False,0,False,False,Manual Review
CLM-001246,USR-6183,Power Tools,Black+Decker,CD701,SN34207075,2020-10-09,2354.51,standard,18,0,2022-04-09,2022-04-30,battery_failure,0,,True,True,INV-448787,True,True,True,True,True,False,0,False,False,Valid Claim
CLM-001247,USR-7865,Electronics,Lenovo,IdeaPad Slim 3,SN36675960,2021-10-18,2261.49,standard,24,0,2022-04-21,2022-05-02,physical_damage,0,,True,True,INV-341238,True,True,True,True,True,False,0,False,False,Invalid Claim
CLM-001248,USR-8460,Power Tools,Stanley,SXD201,SN87707540,2020-12-18,1131.75,standard,18,0,2023-07-21,2023-07-31,manufacturing_defect,0,,True,True,INV-197649,True,True,True,True,True,False,0,False,False,Invalid Claim
CLM-001249,USR-5700,Electronics,LG,OLED C3,SN73411827,2020-03-08,2112.53,standard,24,0,2021-09-12,2021-09-27,power_failure,0,,True,True,INV-895702,True,True,True,True,True,False,0,False,False,Valid Claim
CLM-001250,USR-1133,Home Appliances,Whirlpool,WM 2500,SN92072899,2023-03-28,2960.35,standard,12,0,2024-06-13,2024-06-27,water_leakage,0,,True,True,INV-988811,True,True,True,True,True,False,0,False,False,Invalid Claim
CLM-001251,USR-6272,Power Tools,Black+Decker,CD701,SN35320492,2022-07-10,2943.86,standard,18,0,2023-03-17,2023-03-25,motor_failure,0,,True,True,INV-699573,True,True,True,True,True,False,0,False,False,Valid Claim
CLM-001252,USR-2290,Electronics,Samsung,Galaxy S22,SN21496211,2021-04-27,2217.17,standard,24,0,2023-01-05,2023-01-30,overheating,0,,True,True,INV-172574,True,True,True,True,True,False,0,False,False,Valid Claim
CLM-001253,USR-6442,Home Appliances,Whirlpool,WM 2500,SN65259205,2020-12-22,2422.53,standard,12,0,2021-06-12,2021-06-17,control_panel_fault,0,,True,True,INV-950132,True,True,True,True,True,False,0,False,False,Valid Claim
CLM-001254,USR-3253,Home Appliances,LG,Fridge 340L,SN30796389,2021-03-28,305.32,standard,12,0,2022-02-12,2022-02-26,manufacturing_defect,0,,True,True,INV-632351,True,True,True,True,True,False,0,False,False,Valid Claim
CLM-001255,USR-4267,Home Appliances,Bosch,Serie 6 Washer,SN38854107,2023-02-05,1883.26,standard,12,0,2024-02-08,2024-02-10,water_leakage,0,,True,True,INV-998004,True,True,True,True,True,False,0,False,False,Manual Review
CLM-001256,USR-5843,Electronics,Sony,Bravia X75,SN51137177,2021-10-22,1382.07,standard,24,0,2022-06-22,2022-07-15,audio_fault,0,,True,True,INV-546815,True,True,True,True,True,False,0,False,False,Valid Claim
CLM-001257,USR-5963,Electronics,Xiaomi,Redmi Note 12,SN29912993,2023-03-29,1785.97,standard,24,0,2025-04-10,2025-04-27,software_malfunction,0,,True,True,INV-481851,True,True,True,True,True,False,0,False,False,Manual Review
CLM-001258,USR-9179,Home Appliances,Whirlpool,WM 2500,SN98816127,2021-06-28,1157.81,standard,12,0,2021-09-20,2021-10-03,cooling_failure,0,,True,True,INV-950100,True,False,True,True,True,False,0,False,False,Manual Review
CLM-001259,USR-3822,Home Appliances,IFB,Senorita SX,SN23196701,2023-08-25,1199.39,standard,12,0,2024-08-29,2024-09-05,control_panel_fault,0,,True,True,INV-538409,True,True,True,True,True,False,0,False,False,Manual Review
CLM-001260,USR-9592,Electronics,Samsung,Galaxy S22,SN79838315,2022-08-14,1367.77,standard,24,0,2023-08-22,2023-09-21,software_malfunction,0,,True,True,INV-304497,True,True,True,True,True,False,1,True,False,Manual Review
CLM-001261,USR-1745,Electronics,Dell,Inspiron 5518,SN54800838,2021-02-16,1100.98,standard,24,0,2023-06-24,2023-06-25,overheating,0,,True,True,INV-768470,True,True,True,True,True,False,0,False,False,Invalid Claim
CLM-001262,USR-7297,Electronics,Sony,Bravia X75,SN63373950,2020-06-27,2141.72,standard,24,0,2021-03-20,2021-04-18,manufacturing_defect,0,,True,True,INV-643725,True,True,True,True,True,False,0,False,True,Invalid Claim
CLM-001263,USR-9120,Power Tools,Black+Decker,CD701,SN16292676,2023-02-01,2919.09,standard,18,0,2023-12-20,2023-12-31,battery_failure,0,,True,True,INV-923975,True,True,True,True,True,False,0,False,False,Valid Claim
CLM-001264,USR-7000,Power Tools,Makita,HP457,SN79302042,2020-12-01,121.38,standard,18,0,2022-03-28,2020-11-18,battery_failure,0,,True,True,INV-536604,True,True,True,True,True,False,0,False,False,Manual Review
CLM-001265,USR-6084,Power Tools,Black+Decker,CD701,SN88851835,2020-11-10,672.68,standard,18,0,2021-04-16,2021-06-17,battery_failure,0,,True,True,INV-388820,True,True,True,True,True,False,0,False,False,Invalid Claim
CLM-001266,USR-5168,Power Tools,DeWalt,DCD771,SN19104802,2021-07-19,978.7,standard,18,0,2023-07-08,2023-07-09,switch_fault,0,,True,True,INV-676710,True,True,True,True,True,False,0,False,False,Invalid Claim
CLM-001267,USR-1067,Power Tools,Stanley,SXD201,SN80600592,2021-02-27,2319.2,standard,18,0,2021-05-31,2021-06-08,motor_failure,2,2021-05-11,False,True,INV-536646,True,True,True,True,True,True,0,False,False,Invalid Claim
CLM-001268,USR-9454,Power Tools,DeWalt,DCD771,SN33414716,2021-05-03,1691.58,standard,18,0,2022-01-30,2022-02-14,chuck_defect,1,2021-12-23,True,True,INV-687044,True,True,True,True,True,True,0,False,False,Valid Claim
CLM-001269,USR-7131,Power Tools,Bosch,GSR 18V,SN85357498,2022-11-02,1970.24,extended,18,12,2024-10-16,2024-10-20,switch_fault,0,,True,True,INV-396408,True,True,True,True,True,False,0,False,False,Valid Claim
CLM-001270,USR-6695,Electronics,LG,OLED C3,SN95483165,2021-02-09,920.94,standard,24,0,2021-04-26,2021-04-30,battery_failure,0,,True,False,INV-401967,True,True,True,True,True,False,0,False,False,Manual Review
CLM-001271,USR-7047,Power Tools,DeWalt,DCD771,SN58624457,2021-04-15,1072.36,standard,18,0,2022-04-10,2021-03-04,manufacturing_defect,0,,True,True,INV-740225,True,True,True,True,True,False,0,False,False,Manual Review
CLM-001272,USR-2677,Power Tools,DeWalt,DCD771,SN97734330,2022-05-09,2273.93,standard,18,0,2023-02-17,2023-02-26,chuck_defect,2,2023-01-14,True,True,INV-133796,True,True,True,True,True,True,0,False,False,Valid Claim
CLM-001273,USR-6206,Power Tools,Black+Decker,CD701,SN52965968,2022-05-30,658.6,standard,18,0,2023-04-01,2023-04-17,manufacturing_defect,0,,True,False,INV-941718,True,True,True,True,True,False,0,False,False,Manual Review
CLM-001274,USR-5799,Electronics,Dell,Inspiron 5518,SN90128487,2022-03-17,755.15,standard,24,0,2024-10-14,2024-10-21,manufacturing_defect,0,,True,True,INV-674842,True,True,True,True,True,False,0,False,False,Invalid Claim
CLM-001275,USR-2565,Power Tools,Black+Decker,CD701,SN77837366,2020-03-16,469.86,extended,18,24,2023-05-30,2023-06-18,battery_failure,0,,True,True,INV-178465,True,True,True,True,True,False,0,False,False,Valid Claim
CLM-001276,USR-5422,Power Tools,Stanley,SXD201,SN32862463,2022-02-05,2780.59,standard,18,0,2022-05-31,2022-06-05,switch_fault,0,,True,False,INV-583072,True,True,True,True,True,False,0,False,False,Manual Review
CLM-001277,USR-7833,Home Appliances,IFB,Senorita SX,SN44900534,2020-05-13,2659.4,standard,12,0,2021-05-19,2021-06-01,drum_failure,0,,True,True,INV-226858,True,True,True,True,True,False,0,False,False,Manual Review
CLM-001278,USR-9031,Power Tools,DeWalt,DCD771,SN58217837,2021-11-21,2270.34,standard,18,0,2023-05-21,2023-06-03,motor_failure,0,,True,True,INV-951452,True,True,True,True,True,False,0,False,False,Valid Claim
CLM-001279,USR-5173,Home Appliances,Samsung,RT28 Refrigerator,SN15957459,2021-01-13,2149.65,standard,12,0,2021-11-29,2021-12-10,manufacturing_defect,0,,True,True,INV-645175,True,True,True,True,True,False,0,False,False,Valid Claim
CLM-001280,USR-8807,Electronics,LG,OLED C3,SN10574350,2019-12-25,2712.22,standard,24,0,2021-05-04,2021-10-11,audio_fault,0,,True,True,INV-281965,True,True,True,True,True,False,0,False,False,Invalid Claim
CLM-001281,USR-4084,Power Tools,Makita,HP457,SN76065552,2020-10-07,1663.0,extended,18,12,2022-05-11,2022-05-14,motor_failure,0,,True,True,INV-614259,True,True,True,True,True,False,0,False,False,Valid Claim
CLM-001282,USR-9892,Power Tools,Makita,HP457,SN45867744,2020-02-07,601.89,standard,18,0,2020-04-09,2020-03-30,chuck_defect,0,,True,True,INV-537319,True,True,True,True,True,False,0,False,False,Manual Review
CLM-001283,USR-2973,Power Tools,DeWalt,DCD771,SN27756443,2021-04-03,1251.75,standard,18,0,2021-08-09,2021-08-23,chuck_defect,0,,True,True,INV-301512,True,True,True,True,False,False,0,False,False,Manual Review
CLM-001284,USR-1209,Power Tools,Makita,HP457,SN75987927,2020-12-22,2042.52,standard,18,0,2021-11-08,2021-11-11,physical_damage,0,,True,True,INV-559337,True,True,True,True,True,False,0,False,False,Invalid Claim
CLM-001285,USR-4882,Electronics,Lenovo,IdeaPad Slim 3,SN38169370,2020-08-17,2447.25,standard,24,0,2021-10-23,2021-11-20,battery_failure,2,2020-12-09,True,True,INV-822608,True,True,True,True,True,True,0,False,False,Valid Claim
CLM-001286,USR-7794,Power Tools,Makita,HP457,SN42420888,2021-09-10,92.14,standard,18,0,2021-11-10,2021-11-11,battery_failure,0,,True,False,INV-134261,True,True,True,True,True,False,0,False,False,Manual Review
CLM-001287,USR-5249,Electronics,LG,OLED C3,SN69001888,2021-08-16,852.47,standard,24,0,2022-11-04,2022-11-16,screen_defect,1,2021-03-07,True,True,INV-472405,True,True,True,True,True,True,0,False,False,Manual Review
CLM-001288,USR-2021,Home Appliances,Godrej,WD 700,SN52176116,2023-12-15,364.63,standard,12,0,2024-05-07,2023-11-23,drum_failure,0,,True,True,INV-390956,True,True,True,True,True,False,0,False,False,Manual Review
CLM-001289,USR-7857,Home Appliances,Bosch,Serie 6 Washer,SN64304344,2022-07-06,1213.76,extended,12,24,2025-02-25,2025-03-11,manufacturing_defect,0,,True,True,INV-711344,True,True,True,True,True,False,0,False,False,Valid Claim
CLM-001290,USR-3522,Electronics,Lenovo,IdeaPad Slim 3,SN76890827,2020-08-17,2803.35,standard,24,0,2021-08-04,2021-08-18,software_malfunction,0,,True,True,INV-633590,True,True,True,True,True,False,0,False,False,Valid Claim
CLM-001291,USR-8861,Home Appliances,Godrej,WD 700,SN70942299,2023-09-01,1914.8,standard,12,0,2023-10-18,2023-10-24,cooling_failure,1,2023-10-15,False,True,INV-723068,True,True,True,True,True,True,0,False,False,Invalid Claim
CLM-001292,USR-3117,Electronics,Sony,Bravia X75,SN91196518,2021-10-26,1656.12,standard,24,0,2023-01-30,2022-12-31,audio_fault,0,,True,True,INV-122143,True,True,True,True,True,False,0,False,False,Manual Review
CLM-001293,USR-4869,Home Appliances,Godrej,WD 700,SN77276832,2021-08-31,885.56,standard,12,0,2023-01-21,2023-01-28,manufacturing_defect,0,,True,True,INV-756190,True,True,True,True,True,False,0,False,False,Invalid Claim
CLM-001294,USR-8648,Home Appliances,Bosch,Serie 6 Washer,SN83387315,2020-11-18,623.59,standard,12,0,2021-08-23,2021-09-02,manufacturing_defect,1,2020-05-14,True,True,INV-560333,True,True,True,True,True,True,0,False,False,Manual Review
CLM-001295,USR-4654,Power Tools,Black+Decker,CD701,SN62106408,2020-05-18,2632.54,standard,18,0,2021-03-06,2021-03-21,manufacturing_defect,0,,True,True,INV-465887,False,True,True,True,False,False,0,False,False,Manual Review
CLM-001296,USR-1111,Power Tools,Stanley,SXD201,SN91818380,2021-09-25,234.68,standard,18,0,2021-09-29,2021-10-02,chuck_defect,0,,True,True,INV-715983,True,True,True,True,True,False,0,False,False,Manual Review
CLM-001297,USR-3587,Power Tools,Bosch,GSR 18V,SN46745629,2021-04-24,2657.06,standard,18,0,2022-05-24,2022-08-13,switch_fault,0,,True,True,INV-406068,True,True,True,True,True,False,0,False,False,Invalid Claim
CLM-001298,USR-2245,Electronics,Dell,Inspiron 5518,SN55713584,2021-04-09,1847.09,standard,24,0,2022-08-01,2022-08-26,battery_failure,2,2021-05-24,True,True,INV-724540,True,True,True,True,True,True,0,False,False,Valid Claim
CLM-001299,USR-4305,Home Appliances,Bosch,Serie 6 Washer,SN76699729,2022-05-31,1935.5,standard,12,0,2023-04-15,2023-04-19,improper_installation,0,,True,True,INV-981202,True,True,True,True,True,False,0,False,False,Invalid Claim
CLM-001300,USR-2699,Power Tools,Bosch,GSR 18V,SN65838294,2020-11-11,2740.78,standard,18,0,2022-05-11,2022-05-30,battery_failure,0,,True,True,INV-941235,True,True,True,True,True,False,0,False,False,Valid Claim
CLM-001301,USR-9498,Home Appliances,Whirlpool,WM 2500,SN82191574,2021-05-07,1235.18,standard,12,0,2023-02-28,2023-03-07,control_panel_fault,0,,True,True,INV-141158,True,True,True,True,True,False,0,False,False,Invalid Claim
CLM-001302,USR-1439,Power Tools,Black+Decker,CD701,SN10328387,2021-03-24,529.75,standard,18,0,2022-07-18,2022-08-08,improper_use,0,,True,True,INV-771670,True,True,True,True,True,False,0,False,False,Invalid Claim
CLM-001303,USR-5264,Electronics,Samsung,Galaxy S22,SN32799095,2020-12-22,1550.94,standard,24,0,2021-07-18,2021-07-21,unauthorized_modification,0,,True,True,INV-590822,True,True,True,True,True,False,0,False,False,Invalid Claim
CLM-001304,USR-8471,Power Tools,Black+Decker,CD701,SN65573350,2023-08-10,1278.33,standard,18,0,2024-07-07,2024-07-21,chuck_defect,0,,True,False,INV-968415,True,True,True,True,True,False,0,False,False,Manual Review
CLM-001305,USR-5278,Electronics,LG,OLED C3,SN11145397,2023-01-06,2328.62,standard,24,0,2024-03-08,2024-07-24,software_malfunction,0,,True,True,INV-962253,True,True,True,True,True,False,0,False,False,Invalid Claim
CLM-001306,USR-7318,Power Tools,DeWalt,DCD771,SN30898267,2020-03-05,1650.81,standard,18,0,2020-12-06,2020-11-29,motor_failure,0,,True,True,INV-836296,True,True,True,True,True,False,0,False,False,Manual Review
CLM-001307,USR-6157,Power Tools,Stanley,SXD201,SN15148168,2020-05-20,1345.46,standard,18,0,2020-10-18,2020-11-05,switch_fault,0,,True,True,INV-432951,True,True,True,True,True,False,1,False,False,Manual Review
CLM-001308,USR-6191,Electronics,Lenovo,IdeaPad Slim 3,SN65717519,2021-12-23,637.66,standard,24,0,2023-08-07,2023-08-19,manufacturing_defect,4,2022-10-10,True,True,INV-938641,True,True,True,True,True,True,0,False,False,Manual Review
CLM-001309,USR-4775,Electronics,Apple,iPhone 13,SN81252175,2022-12-29,566.92,standard,24,0,2023-08-28,2023-09-18,power_failure,5,2023-07-05,True,True,INV-205002,True,True,True,True,True,True,0,False,False,Manual Review
CLM-001310,USR-9561,Power Tools,Bosch,GSR 18V,SN66316931,2021-12-07,408.56,extended,18,24,2025-01-22,2025-02-10,motor_failure,0,,True,True,INV-255398,True,True,True,True,True,False,0,False,False,Valid Claim
CLM-001311,USR-4850,Electronics,Dell,Inspiron 5518,SN20580463,2022-03-25,1420.56,standard,24,0,2024-03-25,2024-04-09,overheating,0,,True,True,INV-700870,True,True,True,True,True,False,0,False,False,Valid Claim
CLM-001312,USR-9646,Electronics,Apple,iPhone 13,SN68035365,2022-07-07,2677.04,standard,24,0,2023-07-15,2023-07-16,screen_defect,5,2023-02-21,True,True,INV-702656,True,True,True,True,True,True,0,False,False,Manual Review
CLM-001313,USR-8469,Electronics,HP,Pavilion 15,SN79831928,2021-08-07,1821.4,standard,24,0,2023-08-07,2023-09-05,software_malfunction,0,,True,True,INV-554730,True,True,True,True,True,False,0,False,False,Valid Claim
CLM-001314,USR-8022,Power Tools,DeWalt,DCD771,SN81199906,2020-12-19,1057.74,standard,18,0,2021-09-16,2021-09-21,motor_failure,0,,True,True,INV-812437,True,True,True,False,False,False,0,False,False,Manual Review
CLM-001315,USR-8854,Power Tools,Stanley,SXD201,SN38036618,2021-03-09,2618.86,standard,18,0,2021-05-09,2021-05-16,chuck_defect,0,,True,True,INV-417915,True,True,True,True,True,False,0,False,False,Valid Claim
CLM-001316,USR-2478,Power Tools,Makita,HP457,SN41954134,2022-10-02,1831.48,standard,18,0,2024-01-25,2024-02-13,improper_use,0,,True,True,INV-445281,True,True,True,True,True,False,0,False,False,Invalid Claim
CLM-001317,USR-8709,Home Appliances,Godrej,WD 700,SN41097470,2022-07-31,2846.55,standard,12,0,2023-12-22,2023-12-28,motor_failure,0,,True,True,INV-746910,True,True,True,True,True,False,0,False,False,Invalid Claim
CLM-001318,USR-5267,Power Tools,Stanley,SXD201,SN18243352,2021-09-03,1917.56,standard,18,0,2023-12-26,2023-12-28,switch_fault,0,,True,True,INV-277292,True,True,True,True,True,False,0,False,False,Invalid Claim
CLM-001319,USR-4354,Power Tools,Stanley,SXD201,SN28576512,2020-05-06,2945.25,standard,18,0,2020-08-26,2020-09-16,improper_use,0,,True,True,INV-665847,True,True,True,True,True,False,0,False,False,Invalid Claim
CLM-001320,USR-1194,Home Appliances,Samsung,RT28 Refrigerator,SN73351303,2023-08-24,1989.95,standard,12,0,2024-02-01,2024-04-13,motor_failure,0,,True,True,INV-516814,True,True,True,True,True,False,0,False,False,Invalid Claim
CLM-001321,USR-2298,Electronics,LG,OLED C3,SN68174698,2021-05-30,2898.27,standard,24,0,2023-06-09,2023-06-18,overheating,0,,True,True,INV-300952,True,True,True,True,True,False,0,False,False,Manual Review
CLM-001322,USR-3903,Power Tools,Makita,HP457,SN11131640,2022-02-20,444.31,standard,18,0,2022-11-28,2023-02-18,chuck_defect,0,,True,True,INV-302365,True,True,True,True,True,False,0,False,False,Invalid Claim
CLM-001323,USR-6106,Electronics,Samsung,Galaxy S22,SN88453254,2020-09-07,1352.68,standard,24,0,2021-11-20,2022-05-12,audio_fault,0,,True,True,INV-891018,True,True,True,True,True,False,0,False,False,Invalid Claim
CLM-001324,USR-3200,Home Appliances,Samsung,RT28 Refrigerator,SN21278067,2020-06-11,941.54,standard,12,0,2020-11-20,2020-12-19,drum_failure,0,,True,True,INV-468653,True,True,True,True,True,False,0,False,False,Invalid Claim
CLM-001325,USR-4458,Home Appliances,Bosch,Serie 6 Washer,SN34842009,2021-01-07,308.4,standard,12,0,2021-04-16,2021-04-23,drum_failure,1,2021-02-06,False,True,INV-371914,True,True,True,True,True,True,0,False,False,Invalid Claim
CLM-001326,USR-8993,Power Tools,Stanley,SXD201,SN41125867,2023-05-26,2165.73,standard,18,0,2024-02-21,2024-03-11,switch_fault,2,2023-11-13,False,True,INV-119943,True,True,True,True,True,True,0,False,False,Invalid Claim
CLM-001327,USR-4385,Home Appliances,LG,Fridge 340L,SN90541748,2022-05-22,709.45,standard,12,0,2022-10-10,2022-10-17,liquid_damage,0,,True,True,INV-862008,True,True,True,True,True,False,0,False,False,Invalid Claim
CLM-001328,USR-3508,Electronics,HP,Pavilion 15,SN37581060,2022-08-18,2109.96,standard,24,0,2024-08-18,2024-08-28,audio_fault,0,,True,True,INV-109756,True,True,True,True,True,False,0,False,False,Valid Claim
CLM-001329,USR-4991,Power Tools,DeWalt,DCD771,SN88112812,2022-06-06,198.84,standard,18,0,2023-10-06,2023-10-27,improper_use,0,,True,True,INV-929478,True,True,True,True,True,False,0,False,False,Invalid Claim
CLM-001330,USR-7965,Power Tools,Makita,HP457,SN78767208,2021-10-13,2250.97,standard,18,0,2022-07-28,2021-09-26,chuck_defect,0,,True,True,INV-387361,True,True,True,True,True,False,0,False,False,Manual Review
CLM-001331,USR-8575,Home Appliances,Samsung,RT28 Refrigerator,SN51361818,2020-04-17,2191.98,standard,12,0,2020-06-02,2020-06-14,water_leakage,0,,True,True,INV-366817,True,True,True,True,True,False,0,False,False,Valid Claim
CLM-001332,USR-2644,Home Appliances,Godrej,WD 700,SN31520919,2022-05-04,2119.57,standard,12,0,2022-12-15,2022-12-22,commercial_use,0,,True,True,INV-169591,True,True,True,True,True,False,0,False,False,Invalid Claim
CLM-001333,USR-1881,Power Tools,Makita,HP457,SN11740164,2023-01-24,2251.52,standard,18,0,2024-04-21,2024-05-12,motor_failure,0,,True,True,INV-750706,True,True,True,True,True,False,0,False,False,Valid Claim
CLM-001334,USR-5226,Electronics,LG,OLED C3,SN73520009,2022-07-21,2937.17,standard,24,0,2023-02-22,2023-02-26,overheating,0,,True,True,INV-563518,False,False,True,True,True,False,0,False,False,Manual Review
CLM-001335,USR-2900,Power Tools,Black+Decker,CD701,SN76425800,2022-06-01,199.11,standard,18,0,2023-05-08,2023-05-24,chuck_defect,2,2023-03-10,False,True,INV-843470,True,True,True,True,True,True,0,False,False,Invalid Claim
CLM-001336,USR-5396,Power Tools,Black+Decker,CD701,SN88005556,2022-08-17,1250.76,standard,18,0,2022-10-28,2023-01-18,switch_fault,0,,True,True,INV-781298,True,True,True,True,True,False,0,False,False,Invalid Claim
CLM-001337,USR-2213,Electronics,Dell,Inspiron 5518,SN87446468,2022-09-23,1917.98,standard,24,0,2023-05-06,2023-06-01,manufacturing_defect,0,,True,True,INV-259097,True,True,True,True,True,False,0,False,False,Valid Claim
CLM-001338,USR-6315,Power Tools,Bosch,GSR 18V,SN61705758,2023-04-26,116.03,standard,18,0,2024-07-21,2024-07-24,battery_failure,1,2024-03-13,True,True,INV-506637,True,True,True,True,True,True,0,False,False,Valid Claim
CLM-001339,USR-9027,Electronics,HP,Pavilion 15,SN62801229,2020-11-26,2253.62,standard,24,0,2023-12-01,2023-12-13,manufacturing_defect,0,,True,True,INV-463625,True,True,True,True,True,False,0,False,False,Invalid Claim
CLM-001340,USR-7961,Electronics,Sony,Bravia X75,SN27456803,2020-04-26,1470.66,standard,24,0,2021-07-21,2021-08-12,screen_defect,2,2021-03-23,False,True,INV-181865,True,True,True,True,True,True,0,False,False,Invalid Claim
CLM-001341,USR-7658,Electronics,Sony,Bravia X75,SN93303777,2021-12-14,2268.47,standard,24,0,2022-08-25,2022-09-23,power_failure,0,,True,True,INV-270395,True,True,True,True,True,False,0,False,False,Valid Claim
CLM-001342,USR-8469,Electronics,Apple,iPhone 13,SN32328873,2021-07-25,1886.4,standard,24,0,2023-04-07,2023-04-17,physical_damage,0,,True,True,INV-846389,True,True,True,True,True,False,0,False,False,Invalid Claim
CLM-001343,USR-4314,Home Appliances,Whirlpool,WM 2500,SN27705074,2022-05-15,2655.87,standard,12,0,2022-11-16,2022-11-18,cooling_failure,1,2022-08-17,True,True,INV-266699,True,True,True,True,True,True,0,False,False,Valid Claim
CLM-001344,USR-1076,Home Appliances,IFB,Senorita SX,SN45045256,2023-03-12,591.1,standard,12,0,2025-01-04,2025-01-06,drum_failure,0,,True,True,INV-211636,True,True,True,True,True,False,0,False,False,Invalid Claim
CLM-001345,USR-8531,Home Appliances,IFB,Senorita SX,SN14829304,2022-06-14,175.95,standard,12,0,2022-12-31,2023-01-12,liquid_damage,0,,True,True,INV-791442,True,True,True,True,True,False,0,False,False,Invalid Claim
CLM-001346,USR-6828,Home Appliances,Whirlpool,WM 2500,SN63183031,2021-05-12,1579.3,extended,12,12,2022-10-07,2022-10-21,control_panel_fault,0,,True,True,INV-413357,True,True,True,True,True,False,0,False,False,Valid Claim
CLM-001347,USR-3916,Electronics,Dell,Inspiron 5518,SN13395111,2021-12-03,2609.12,standard,24,0,2023-02-03,2023-02-27,overheating,1,2021-10-09,True,True,INV-588715,True,True,True,True,True,True,0,False,False,Manual Review
CLM-001348,USR-5075,Electronics,Xiaomi,Redmi Note 12,SN86507818,2021-06-11,1905.95,standard,24,0,2024-07-18,2024-08-05,power_failure,0,,True,True,INV-685549,True,True,True,True,True,False,0,False,False,Invalid Claim
CLM-001349,USR-3777,Power Tools,DeWalt,DCD771,SN28634797,2022-02-07,865.24,standard,18,0,2022-06-15,2022-06-18,chuck_defect,1,2022-05-03,True,True,INV-617077,True,True,True,True,True,True,0,False,False,Valid Claim
CLM-001350,USR-5760,Electronics,Xiaomi,Redmi Note 12,SN56344519,2021-02-22,2769.88,standard,24,0,2021-11-04,2021-12-04,power_failure,0,,True,True,INV-844904,True,True,True,True,True,False,0,False,False,Valid Claim
CLM-001351,USR-1724,Power Tools,Bosch,GSR 18V,SN15376584,2022-04-24,2974.52,standard,18,0,2023-01-20,2023-02-06,improper_use,0,,True,True,INV-135253,True,True,True,True,True,False,0,False,False,Invalid Claim
CLM-001352,USR-8401,Power Tools,Bosch,GSR 18V,SN22620209,2021-11-15,1609.69,standard,18,0,2021-11-17,2021-12-05,manufacturing_defect,0,,True,True,INV-735604,True,True,True,True,True,False,0,False,False,Manual Review
CLM-001353,USR-2717,Home Appliances,Bosch,Serie 6 Washer,SN70975394,2020-11-17,2638.23,standard,12,0,2021-04-23,2021-07-08,manufacturing_defect,0,,True,True,INV-620021,True,True,True,True,True,False,0,False,False,Invalid Claim
CLM-001354,USR-2588,Electronics,Xiaomi,Redmi Note 12,SN30759612,2021-11-27,1831.18,standard,24,0,2021-12-26,2022-01-10,battery_failure,0,,True,True,INV-285522,True,True,True,True,True,False,0,False,False,Manual Review
CLM-001355,USR-8270,Power Tools,Bosch,GSR 18V,SN54116005,2021-04-21,472.06,standard,18,0,2022-07-21,2022-07-23,chuck_defect,0,,True,True,INV-774865,True,True,True,True,True,False,0,False,True,Invalid Claim
CLM-001356,USR-4492,Power Tools,DeWalt,DCD771,SN42080592,2022-08-02,1483.78,standard,18,0,2023-10-08,2023-12-25,chuck_defect,0,,True,True,INV-946485,True,True,True,True,True,False,0,False,False,Invalid Claim
CLM-001357,USR-5550,Electronics,Xiaomi,Redmi Note 12,SN29177565,2020-11-25,2532.44,standard,24,0,2022-06-22,2022-05-31,battery_failure,0,,True,True,INV-563100,True,True,True,True,True,False,0,False,False,Manual Review
CLM-001358,USR-5543,Home Appliances,LG,Fridge 340L,SN18373492,2020-05-20,1197.77,standard,12,0,2020-11-13,2020-11-27,improper_installation,0,,True,True,INV-162976,True,True,True,True,True,False,0,False,False,Invalid Claim
CLM-001359,USR-2600,Home Appliances,Bosch,Serie 6 Washer,SN67108220,2023-04-10,470.94,standard,12,0,2024-08-19,2024-09-02,water_leakage,0,,True,True,INV-903061,True,True,True,True,True,False,0,False,False,Invalid Claim
CLM-001360,USR-9096,Power Tools,DeWalt,DCD771,SN94910129,2023-03-14,2653.81,standard,18,0,2023-12-26,2023-12-27,motor_failure,0,,True,True,INV-288655,True,True,True,True,True,False,1,True,False,Manual Review
CLM-001361,USR-1685,Electronics,HP,Pavilion 15,SN22997893,2020-01-04,696.32,standard,24,0,2021-04-05,2021-04-25,overheating,0,,True,True,INV-107614,True,False,True,True,False,False,0,False,False,Manual Review
CLM-001362,USR-6851,Power Tools,Black+Decker,CD701,SN27208745,2021-10-28,2040.18,standard,18,0,2022-05-15,2022-06-05,motor_failure,0,,True,True,INV-204904,True,True,True,True,True,False,0,False,False,Valid Claim
CLM-001363,USR-8314,Electronics,Lenovo,IdeaPad Slim 3,SN87703269,2020-07-03,444.49,standard,24,0,2021-10-05,2021-11-25,manufacturing_defect,0,,True,True,INV-134963,True,True,True,True,True,False,0,False,False,Invalid Claim
CLM-001364,USR-3934,Home Appliances,Godrej,WD 700,SN61356129,2020-02-13,1845.39,standard,12,0,2020-08-31,2020-09-10,commercial_use,0,,True,True,INV-260155,True,True,True,True,True,False,0,False,False,Invalid Claim
CLM-001365,USR-3346,Home Appliances,Bosch,Serie 6 Washer,SN15628343,2020-12-20,2456.84,standard,12,0,2021-05-21,2021-05-28,control_panel_fault,0,,True,True,INV-866493,True,True,True,True,True,False,2,False,False,Manual Review
CLM-001366,USR-9702,Power Tools,DeWalt,DCD771,SN30807167,2020-05-10,1392.2,standard,18,0,2022-05-21,2022-06-05,chuck_defect,0,,True,True,INV-667915,True,True,True,True,True,False,0,False,False,Invalid Claim
CLM-001367,USR-7626,Home Appliances,IFB,Senorita SX,SN75032899,2023-09-16,1573.33,standard,12,0,2024-06-19,2024-06-21,physical_damage,0,,True,True,INV-905305,True,True,True,True,True,False,0,False,False,Invalid Claim
CLM-001368,USR-3290,Electronics,LG,OLED C3,SN72712813,2022-08-20,1793.52,standard,24,0,2023-11-22,2022-07-30,software_malfunction,0,,True,True,INV-691155,True,True,True,True,True,False,0,False,False,Manual Review
CLM-001369,USR-8552,Power Tools,Bosch,GSR 18V,SN24384568,2020-10-17,2255.48,standard,18,0,2021-08-02,2021-08-08,motor_failure,0,,True,False,INV-117393,True,True,True,True,True,False,0,False,False,Manual Review
CLM-001370,USR-1196,Electronics,Dell,Inspiron 5518,SN62235749,2021-09-28,701.28,standard,24,0,2022-09-21,2023-01-28,power_failure,0,,True,True,INV-169223,True,True,True,True,True,False,0,False,False,Invalid Claim
CLM-001371,USR-1081,Power Tools,Stanley,SXD201,SN74068039,2022-01-25,545.24,standard,18,0,2021-09-30,2023-01-08,manufacturing_defect,0,,True,True,INV-593670,True,True,True,True,True,False,0,False,False,Manual Review
CLM-001372,USR-3442,Electronics,Sony,Bravia X75,SN83227889,2020-05-23,185.2,standard,24,0,2022-02-20,2022-02-25,software_malfunction,0,,True,True,INV-710805,True,True,True,True,True,False,0,False,False,Valid Claim
CLM-001373,USR-2503,Electronics,LG,OLED C3,SN81200181,2020-02-21,708.19,standard,24,0,2021-04-18,2021-04-24,screen_defect,0,,True,True,INV-575682,True,True,True,True,True,False,0,False,False,Valid Claim
CLM-001374,USR-6811,Power Tools,DeWalt,DCD771,SN86546634,2022-06-02,1216.28,standard,18,0,2023-08-30,2023-09-19,manufacturing_defect,0,,True,True,INV-688155,False,True,True,True,True,False,0,False,False,Manual Review
CLM-001375,USR-2953,Electronics,HP,Pavilion 15,SN26655437,2022-05-01,1402.13,standard,24,0,2023-08-09,2023-08-17,battery_failure,0,,True,False,INV-442753,True,True,True,True,True,False,0,False,False,Manual Review
CLM-001376,USR-1420,Home Appliances,Whirlpool,WM 2500,SN51870192,2023-03-20,1761.33,standard,12,0,2023-08-13,2023-08-15,water_leakage,0,,True,True,INV-515922,True,True,True,True,True,False,0,False,False,Valid Claim
CLM-001377,USR-4802,Electronics,Samsung,Galaxy S22,SN70006771,2022-03-13,1159.88,standard,24,0,2021-11-29,2023-04-19,battery_failure,0,,True,True,INV-214240,True,True,True,True,True,False,0,False,False,Manual Review
CLM-001378,USR-6771,Power Tools,Makita,HP457,SN85467972,2020-08-13,1482.68,standard,18,0,2021-10-04,2021-10-25,switch_fault,0,,True,True,INV-799565,True,True,True,True,True,False,0,False,False,Valid Claim
CLM-001379,USR-8444,Electronics,Apple,iPhone 13,SN96075494,2021-07-25,1666.44,standard,24,0,2023-03-06,2023-03-21,screen_defect,0,,True,True,INV-240718,True,True,True,True,True,False,0,False,False,Valid Claim
CLM-001380,USR-1705,Power Tools,Bosch,GSR 18V,SN24871807,2021-06-04,220.17,standard,18,0,2021-12-10,2021-12-21,chuck_defect,0,,True,False,INV-178687,True,True,True,True,True,False,0,False,False,Manual Review
CLM-001381,USR-9064,Electronics,Sony,Bravia X75,SN72548391,2022-11-19,669.64,standard,24,0,2024-06-16,2024-07-03,unauthorized_modification,0,,True,True,INV-622084,True,True,True,True,True,False,0,False,False,Invalid Claim
CLM-001382,USR-8484,Home Appliances,Godrej,WD 700,SN50550084,2021-05-16,661.71,standard,12,0,2022-03-04,2022-03-06,water_leakage,0,,True,True,INV-994787,True,True,True,True,True,False,0,False,False,Valid Claim
CLM-001383,USR-5555,Electronics,Sony,Bravia X75,SN91591543,2023-02-11,2843.11,standard,24,0,2023-07-10,2023-07-29,overheating,0,,True,False,INV-803956,True,True,True,True,True,False,0,False,False,Manual Review
CLM-001384,USR-5374,Home Appliances,Bosch,Serie 6 Washer,SN96977837,2021-02-22,288.5,standard,12,0,2022-01-06,2022-01-18,control_panel_fault,0,,True,True,INV-279451,True,True,True,True,True,False,0,False,False,Valid Claim
CLM-001385,USR-4277,Electronics,Sony,Bravia X75,SN34800996,2021-02-13,2038.15,standard,24,0,2021-09-23,2021-10-21,unauthorized_modification,0,,True,True,INV-195189,True,True,True,True,True,False,0,False,False,Invalid Claim
CLM-001386,USR-3621,Electronics,Sony,Bravia X75,SN66661351,2020-10-29,1821.51,standard,24,0,2022-05-04,2022-05-21,screen_defect,0,,True,True,INV-500156,True,True,True,True,True,False,0,False,False,Valid Claim
CLM-001387,USR-2938,Home Appliances,Whirlpool,WM 2500,SN81784254,2022-02-25,97.22,standard,12,0,2022-05-13,2022-05-27,control_panel_fault,0,,True,True,INV-748386,True,True,True,True,True,False,0,False,False,Valid Claim
CLM-001388,USR-3653,Electronics,HP,Pavilion 15,SN53306792,2020-11-22,2809.43,standard,24,0,2022-07-19,2022-08-17,power_failure,0,,True,True,INV-462831,True,True,True,True,True,False,0,False,False,Valid Claim
CLM-001389,USR-9700,Power Tools,Stanley,SXD201,SN49113647,2021-06-06,2093.54,standard,18,0,2022-08-28,2022-08-31,motor_failure,5,2022-07-05,True,True,INV-909606,True,True,True,True,True,True,0,False,False,Manual Review
CLM-001390,USR-5581,Home Appliances,Bosch,Serie 6 Washer,SN90014570,2021-11-17,2127.46,standard,12,0,2022-01-06,2022-01-15,cooling_failure,0,,True,True,INV-682789,True,True,True,True,True,False,0,False,False,Valid Claim
CLM-001391,USR-8243,Power Tools,DeWalt,DCD771,SN55457454,2023-02-20,2092.31,standard,18,0,2023-06-25,2023-07-13,physical_damage,0,,True,True,INV-142027,True,True,True,True,True,False,0,False,False,Invalid Claim
CLM-001392,USR-7350,Power Tools,Bosch,GSR 18V,SN80107942,2022-07-18,418.24,standard,18,0,2025-01-08,2025-01-28,chuck_defect,0,,True,True,INV-146168,True,True,True,True,True,False,0,False,False,Invalid Claim
CLM-001393,USR-1862,Home Appliances,Whirlpool,WM 2500,SN34071191,2022-10-14,731.7,standard,12,0,2023-06-21,2023-06-23,drum_failure,1,2023-01-24,True,True,INV-148159,True,True,True,True,True,True,0,False,False,Valid Claim
CLM-001394,USR-2295,Power Tools,Bosch,GSR 18V,SN39855629,2021-12-14,2203.9,standard,18,0,2022-10-23,2022-11-03,chuck_defect,0,,True,True,INV-264340,True,True,True,True,True,False,2,True,False,Manual Review
CLM-001395,USR-7054,Home Appliances,Whirlpool,WM 2500,SN48250360,2021-05-04,540.62,standard,12,0,2021-11-19,2021-11-29,drum_failure,0,,True,True,INV-837715,True,True,True,True,True,False,0,False,False,Valid Claim
CLM-001396,USR-8696,Home Appliances,LG,Fridge 340L,SN28805567,2020-12-28,2264.47,standard,12,0,2021-10-09,2021-10-16,control_panel_fault,0,,True,True,INV-414056,True,True,False,True,False,False,0,False,False,Manual Review
CLM-001397,USR-7231,Electronics,Sony,Bravia X75,SN64666503,2020-04-03,1612.92,standard,24,0,2021-02-06,2021-02-14,audio_fault,0,,True,True,INV-764073,True,False,True,True,False,False,0,False,False,Manual Review
CLM-001398,USR-4095,Power Tools,Black+Decker,CD701,SN29947547,2020-04-07,239.34,standard,18,0,2021-01-26,2021-02-04,wear_and_tear,0,,True,True,INV-137604,True,True,True,True,True,False,0,False,False,Invalid Claim
CLM-001399,USR-7523,Power Tools,Makita,HP457,SN47028180,2020-04-23,634.24,standard,18,0,2021-08-11,2021-08-26,manufacturing_defect,0,,True,True,INV-989227,True,True,True,True,True,False,0,False,False,Valid Claim
CLM-001400,USR-5315,Power Tools,Stanley,SXD201,SN29564306,2022-03-28,2170.39,standard,18,0,2022-04-10,2022-04-15,switch_fault,0,,True,True,INV-470985,True,True,True,True,True,False,0,False,False,Manual Review
CLM-001401,USR-3950,Home Appliances,Samsung,RT28 Refrigerator,SN32814819,2023-10-17,591.2,standard,12,0,2024-04-02,2024-04-10,drum_failure,0,,True,True,INV-501126,True,True,True,True,True,False,0,False,False,Valid Claim
CLM-001402,USR-8774,Home Appliances,Bosch,Serie 6 Washer,SN14772547,2022-08-28,1965.3,standard,12,0,2024-07-26,2024-08-03,water_leakage,0,,True,True,INV-262934,True,True,True,True,True,False,0,False,False,Invalid Claim
CLM-001403,USR-9947,Electronics,Xiaomi,Redmi Note 12,SN32293702,2022-04-29,1834.75,standard,24,0,2023-02-10,2023-02-17,power_failure,0,,True,False,INV-464994,True,True,True,True,True,False,0,False,False,Manual Review
CLM-001404,USR-8061,Electronics,Sony,Bravia X75,SN70242778,2021-01-07,1706.4,standard,24,0,2021-07-04,2021-07-05,battery_failure,1,2021-05-07,True,True,INV-527865,True,True,True,True,True,True,0,False,False,Valid Claim
CLM-001405,USR-1848,Electronics,Apple,iPhone 13,SN63196064,2020-11-23,1906.76,standard,24,0,2021-10-01,2021-10-15,audio_fault,1,2021-02-09,True,True,INV-833417,True,True,True,True,True,True,0,False,False,Valid Claim
CLM-001406,USR-1166,Electronics,LG,OLED C3,SN33981630,2021-08-23,2006.23,standard,24,0,2021-12-06,2021-12-10,audio_fault,0,,True,False,INV-736123,True,True,True,True,True,False,0,False,False,Manual Review
CLM-001407,USR-6529,Electronics,Dell,Inspiron 5518,SN98252435,2021-05-20,541.88,standard,24,0,2023-12-06,2024-01-04,battery_failure,0,,True,True,INV-564531,True,True,True,True,True,False,0,False,False,Invalid Claim
CLM-001408,USR-9923,Electronics,Samsung,Galaxy S22,SN49827566,2020-07-18,379.49,standard,24,0,2021-02-21,2021-02-22,overheating,0,,True,True,INV-535457,False,True,True,True,True,False,0,False,False,Manual Review
CLM-001409,USR-1884,Power Tools,Stanley,SXD201,SN56524622,2020-07-21,2709.24,standard,18,0,2021-02-03,2021-02-06,switch_fault,0,,True,True,INV-609825,True,True,True,True,True,False,1,False,False,Manual Review
CLM-001410,USR-8848,Home Appliances,Godrej,WD 700,SN38280205,2022-08-27,1805.11,standard,12,0,2024-04-05,2024-04-06,control_panel_fault,0,,True,True,INV-973846,True,True,True,True,True,False,0,False,False,Invalid Claim
CLM-001411,USR-2874,Power Tools,Black+Decker,CD701,SN97874085,2020-07-11,1980.68,standard,18,0,2020-12-22,2021-01-05,switch_fault,0,,True,True,INV-855855,True,True,True,True,True,False,0,False,False,Valid Claim
CLM-001412,USR-5016,Home Appliances,Samsung,RT28 Refrigerator,SN82146810,2020-11-29,2861.63,standard,12,0,2021-02-03,2021-06-20,drum_failure,0,,True,True,INV-573685,True,True,True,True,True,False,0,False,False,Invalid Claim
CLM-001413,USR-7211,Electronics,Xiaomi,Redmi Note 12,SN33357554,2022-04-30,1877.3,standard,24,0,2024-01-24,2024-02-20,software_malfunction,0,,True,True,INV-525800,True,True,True,True,True,False,0,False,False,Valid Claim
CLM-001414,USR-7388,Electronics,Samsung,Galaxy S22,SN23253224,2021-08-22,1014.52,standard,24,0,2022-07-25,2022-08-07,screen_defect,1,2021-10-17,False,True,INV-439966,True,True,True,True,True,True,0,False,False,Invalid Claim
CLM-001415,USR-1082,Electronics,HP,Pavilion 15,SN64651149,2021-07-01,684.84,standard,24,0,2023-07-12,2023-07-17,overheating,0,,True,True,INV-534451,True,True,True,True,True,False,0,False,False,Manual Review
CLM-001416,USR-2854,Power Tools,Black+Decker,CD701,SN87882357,2022-01-13,1486.08,standard,18,0,2024-07-25,2024-08-11,manufacturing_defect,0,,True,True,INV-248989,True,True,True,True,True,False,0,False,False,Invalid Claim
CLM-001417,USR-1474,Power Tools,DeWalt,DCD771,SN33318633,2021-06-09,642.87,extended,18,24,2023-02-21,2023-03-01,motor_failure,0,,True,True,INV-977633,True,True,True,True,True,False,0,False,False,Valid Claim
CLM-001418,USR-7169,Power Tools,Stanley,SXD201,SN49089390,2022-08-12,1334.24,standard,18,0,2023-07-19,2023-07-28,motor_failure,1,2022-05-31,True,True,INV-526068,True,True,True,True,True,True,0,False,False,Manual Review
CLM-001419,USR-5345,Power Tools,Black+Decker,CD701,SN38143348,2020-01-01,808.66,extended,18,24,2022-04-04,2022-04-08,manufacturing_defect,0,,True,True,INV-467506,True,True,True,True,True,False,0,False,False,Valid Claim
CLM-001420,USR-5374,Power Tools,Bosch,GSR 18V,SN31600382,2021-02-02,2951.91,standard,18,0,2022-05-31,2022-06-21,chuck_defect,0,,True,True,INV-253541,True,True,True,True,True,False,0,False,False,Valid Claim
CLM-001421,USR-3222,Electronics,Xiaomi,Redmi Note 12,SN62163160,2022-12-25,1404.64,standard,24,0,2024-09-11,2024-09-25,audio_fault,0,,True,True,INV-879238,True,True,True,True,True,False,0,False,False,Valid Claim
CLM-001422,USR-4338,Power Tools,DeWalt,DCD771,SN19470140,2022-12-22,1918.34,standard,18,0,2024-02-05,2024-02-26,chuck_defect,0,,True,True,INV-763874,True,True,True,True,False,False,0,False,False,Manual Review
CLM-001423,USR-7251,Power Tools,Makita,HP457,SN20533057,2020-03-06,2357.96,standard,18,0,2022-04-21,2022-05-05,chuck_defect,0,,True,True,INV-464831,True,True,True,True,True,False,0,False,False,Invalid Claim
CLM-001424,USR-4908,Electronics,Apple,iPhone 13,SN50987410,2020-08-18,421.49,standard,24,0,2021-03-23,2021-04-09,software_malfunction,2,2021-01-02,True,True,INV-827120,True,True,True,True,True,True,0,False,False,Valid Claim
CLM-001425,USR-2273,Home Appliances,Godrej,WD 700,SN12524153,2020-08-05,2342.1,standard,12,0,2020-12-28,2020-12-30,physical_damage,0,,True,True,INV-144582,True,True,True,True,True,False,0,False,False,Invalid Claim
CLM-001426,USR-3781,Home Appliances,Whirlpool,WM 2500,SN12645698,2021-11-11,1652.18,standard,12,0,2022-07-30,2022-08-09,commercial_use,0,,True,True,INV-583298,True,True,True,True,True,False,0,False,False,Invalid Claim
CLM-001427,USR-1919,Electronics,Samsung,Galaxy S22,SN49375156,2021-10-15,1126.71,standard,24,0,2022-09-03,2022-09-20,screen_defect,0,,True,True,INV-252640,True,True,True,True,True,False,0,False,False,Valid Claim
CLM-001428,USR-5406,Home Appliances,Godrej,WD 700,SN22181265,2022-10-17,1578.76,standard,12,0,2023-03-22,2023-03-20,motor_failure,0,,True,True,INV-370756,True,True,True,True,True,False,0,False,False,Manual Review
CLM-001429,USR-2599,Power Tools,DeWalt,DCD771,SN73187139,2021-08-13,453.6,standard,18,0,2023-02-13,2023-03-03,chuck_defect,0,,True,True,INV-860413,True,True,True,True,True,False,0,False,False,Valid Claim
CLM-001430,USR-9956,Home Appliances,Samsung,RT28 Refrigerator,SN96389831,2022-11-05,308.22,standard,12,0,2023-02-08,2023-03-17,cooling_failure,0,,True,True,INV-338804,True,True,True,True,True,False,0,False,False,Invalid Claim
CLM-001431,USR-2180,Power Tools,Stanley,SXD201,SN14949636,2021-04-11,2227.54,standard,18,0,2021-06-13,2021-06-29,physical_damage,0,,True,True,INV-785592,True,True,True,True,True,False,0,False,False,Invalid Claim
CLM-001432,USR-4641,Electronics,Samsung,Galaxy S22,SN27544302,2020-02-22,658.55,extended,24,12,2023-01-25,2023-02-15,screen_defect,0,,True,True,INV-490321,True,True,True,True,True,False,0,False,False,Valid Claim
CLM-001433,USR-9908,Electronics,HP,Pavilion 15,SN64847632,2021-08-24,832.79,standard,24,0,2024-09-27,2024-10-23,manufacturing_defect,0,,True,True,INV-843596,True,True,True,True,True,False,0,False,False,Invalid Claim
CLM-001434,USR-9687,Home Appliances,IFB,Senorita SX,SN15505291,2021-09-27,364.3,standard,12,0,2023-04-08,2023-04-22,drum_failure,0,,True,True,INV-768387,True,True,True,True,True,False,0,False,False,Invalid Claim
CLM-001435,USR-8501,Electronics,Apple,iPhone 13,SN92861016,2021-12-10,583.78,standard,24,0,2022-12-22,2023-01-21,audio_fault,1,2022-12-19,True,True,INV-840282,True,True,True,True,True,True,0,False,False,Valid Claim
CLM-001436,USR-4111,Power Tools,Black+Decker,CD701,SN49823450,2020-11-02,715.69,standard,18,0,2022-01-06,2022-01-24,manufacturing_defect,0,,True,True,INV-707314,True,True,True,True,True,False,0,False,False,Valid Claim
CLM-001437,USR-5596,Power Tools,Black+Decker,CD701,SN53206211,2022-09-19,2336.12,standard,18,0,2022-12-29,2023-01-07,battery_failure,0,,True,False,INV-336800,True,True,True,True,True,False,0,False,False,Manual Review
CLM-001438,USR-8253,Electronics,Dell,Inspiron 5518,SN49910061,2022-06-30,2591.69,standard,24,0,2024-04-15,2024-05-05,screen_defect,0,,True,True,INV-420214,True,True,True,True,True,False,0,False,False,Valid Claim
CLM-001439,USR-7782,Power Tools,Makita,HP457,SN17519183,2022-07-25,2518.51,standard,18,0,2025-02-04,2025-02-15,chuck_defect,0,,True,True,INV-692385,True,True,True,True,True,False,0,False,False,Invalid Claim
CLM-001440,USR-4842,Electronics,Lenovo,IdeaPad Slim 3,SN10367488,2021-10-28,117.23,standard,24,0,2023-10-28,2023-11-24,manufacturing_defect,0,,True,True,INV-215795,True,True,True,True,True,False,0,False,False,Valid Claim
CLM-001441,USR-8779,Electronics,Dell,Inspiron 5518,SN86868410,2021-06-21,2654.43,extended,24,24,2023-09-24,2023-10-07,screen_defect,0,,True,True,INV-413369,True,True,True,True,True,False,0,False,False,Valid Claim
CLM-001442,USR-5925,Power Tools,Bosch,GSR 18V,SN16196330,2021-05-12,2842.95,standard,18,0,2021-12-02,2021-12-20,switch_fault,0,,True,True,INV-920827,False,True,True,False,True,False,0,False,False,Manual Review
CLM-001443,USR-1167,Power Tools,Makita,HP457,SN65819457,2022-04-07,2484.78,standard,18,0,2022-05-04,2022-05-11,battery_failure,0,,True,True,INV-391595,True,True,True,True,True,False,0,False,False,Manual Review
CLM-001444,USR-5853,Home Appliances,Whirlpool,WM 2500,SN40532273,2021-01-21,1133.77,standard,12,0,2021-12-05,2021-12-08,cooling_failure,0,,True,True,INV-114835,True,True,True,True,True,False,0,False,False,Valid Claim
CLM-001445,USR-8716,Power Tools,Bosch,GSR 18V,SN45306385,2023-03-28,1987.44,standard,18,0,2023-12-23,2024-01-01,manufacturing_defect,0,,True,True,INV-454466,True,True,True,True,True,False,1,True,False,Manual Review
CLM-001446,USR-3288,Home Appliances,Godrej,WD 700,SN84689357,2020-08-28,2996.56,standard,12,0,2021-06-27,2021-10-05,water_leakage,0,,True,True,INV-321092,True,True,True,True,True,False,0,False,False,Invalid Claim
CLM-001447,USR-2745,Home Appliances,Bosch,Serie 6 Washer,SN22283664,2021-12-28,95.17,standard,12,0,2022-08-14,2022-08-27,cooling_failure,1,2022-02-22,True,True,INV-566339,True,True,True,True,True,True,0,False,False,Valid Claim
CLM-001448,USR-2468,Electronics,LG,OLED C3,SN30700047,2021-05-27,975.84,standard,24,0,2022-01-28,2022-01-30,screen_defect,2,2021-08-11,False,True,INV-811572,True,True,True,True,True,True,0,False,False,Invalid Claim
CLM-001449,USR-4610,Home Appliances,Whirlpool,WM 2500,SN69857441,2022-03-22,1123.59,standard,12,0,2022-08-13,2022-08-23,commercial_use,0,,True,True,INV-157706,True,True,True,True,True,False,0,False,False,Invalid Claim
CLM-001450,USR-9082,Electronics,Xiaomi,Redmi Note 12,SN55783977,2021-08-20,221.0,standard,24,0,2023-04-05,2023-05-03,battery_failure,0,,True,True,INV-650705,True,True,True,True,True,False,2,True,False,Manual Review
CLM-001451,USR-1750,Home Appliances,Bosch,Serie 6 Washer,SN99985448,2023-01-01,2678.93,standard,12,0,2023-04-01,2023-04-15,control_panel_fault,1,2023-03-17,False,True,INV-390848,True,True,True,True,True,True,0,False,False,Invalid Claim
CLM-001452,USR-3299,Power Tools,DeWalt,DCD771,SN69890694,2022-11-07,544.93,standard,18,0,2023-12-03,2023-12-24,switch_fault,0,,True,True,INV-693297,True,True,True,True,True,False,0,False,False,Valid Claim
CLM-001453,USR-8344,Electronics,Sony,Bravia X75,SN58592048,2022-08-22,1578.65,standard,24,0,2024-04-01,2024-04-09,manufacturing_defect,0,,True,True,INV-573962,True,True,True,True,True,False,0,False,False,Valid Claim
CLM-001454,USR-5801,Electronics,Samsung,Galaxy S22,SN59889271,2021-02-22,1883.26,standard,24,0,2022-07-09,2022-07-15,overheating,3,2021-12-14,True,True,INV-265132,True,True,True,True,True,True,0,False,False,Manual Review
CLM-001455,USR-6401,Power Tools,Makita,HP457,SN22684373,2020-05-03,1709.25,standard,18,0,2020-11-02,2020-11-22,battery_failure,0,,True,True,INV-397949,True,True,True,True,True,False,0,False,False,Valid Claim
CLM-001456,USR-8179,Power Tools,Bosch,GSR 18V,SN66324902,2022-02-18,2909.78,extended,18,12,2024-03-13,2024-03-25,battery_failure,0,,True,True,INV-617033,True,True,True,True,True,False,0,False,False,Valid Claim
CLM-001457,USR-9955,Power Tools,Makita,HP457,SN12371679,2023-01-01,2861.54,standard,18,0,2023-04-25,2023-05-08,improper_use,0,,True,True,INV-551313,True,True,True,True,True,False,0,False,False,Invalid Claim
CLM-001458,USR-7209,Home Appliances,LG,Fridge 340L,SN55150390,2022-07-29,163.8,standard,12,0,2023-05-19,2023-05-23,cooling_failure,0,,True,True,INV-290672,True,True,True,True,True,False,0,False,False,Valid Claim
CLM-001459,USR-9037,Power Tools,Stanley,SXD201,SN86863404,2021-08-28,1686.47,standard,18,0,2022-10-18,2022-11-08,manufacturing_defect,0,,True,True,INV-922116,True,True,True,True,True,False,0,False,False,Valid Claim
CLM-001460,USR-9446,Home Appliances,LG,Fridge 340L,SN28761086,2023-05-15,1037.66,standard,12,0,2023-09-20,2023-09-27,drum_failure,0,,True,True,INV-434002,True,True,True,True,True,False,0,False,False,Valid Claim
CLM-001461,USR-8710,Electronics,HP,Pavilion 15,SN48352498,2022-09-29,1647.14,standard,24,0,2024-02-25,2024-03-01,overheating,0,,True,True,INV-212718,True,True,True,True,True,False,0,False,False,Valid Claim
CLM-001462,USR-3253,Power Tools,Bosch,GSR 18V,SN60267710,2020-04-21,1536.28,standard,18,0,2020-12-23,2020-12-30,motor_failure,0,,True,True,INV-259038,True,True,True,True,True,False,0,False,True,Invalid Claim
CLM-001463,USR-5044,Home Appliances,Whirlpool,WM 2500,SN80579265,2022-03-17,1040.36,standard,12,0,2022-12-22,2023-01-20,drum_failure,0,,True,True,INV-614807,True,True,True,True,True,False,0,False,False,Invalid Claim
CLM-001464,USR-5941,Power Tools,DeWalt,DCD771,SN90585882,2020-07-16,2432.14,standard,18,0,2020-09-29,2020-10-11,switch_fault,0,,True,True,INV-920652,True,True,True,True,True,False,0,False,False,Valid Claim
CLM-001465,USR-5985,Electronics,Dell,Inspiron 5518,SN24771325,2020-04-04,866.2,standard,24,0,2021-08-18,2021-08-26,software_malfunction,0,,True,True,INV-468075,False,True,True,True,False,False,0,False,False,Manual Review
CLM-001466,USR-9802,Home Appliances,Whirlpool,WM 2500,SN62755436,2020-12-20,1624.22,standard,12,0,2021-02-04,2021-02-17,control_panel_fault,0,,True,True,INV-333507,True,True,True,True,True,False,0,False,False,Valid Claim
CLM-001467,USR-4641,Electronics,Apple,iPhone 13,SN57685330,2020-06-20,732.12,standard,24,0,2022-06-20,2022-07-04,overheating,0,,True,True,INV-422002,True,True,True,True,True,False,0,False,False,Valid Claim
CLM-001468,USR-3933,Electronics,Xiaomi,Redmi Note 12,SN75431766,2020-04-06,2203.99,standard,24,0,2020-11-28,2020-11-29,software_malfunction,0,,True,True,INV-954602,True,False,True,True,False,False,0,False,False,Manual Review
CLM-001469,USR-1847,Electronics,Dell,Inspiron 5518,SN46905154,2021-06-06,322.25,standard,24,0,2021-09-10,2021-10-01,power_failure,0,,True,False,INV-757916,True,True,True,True,True,False,0,False,False,Manual Review
CLM-001470,USR-8170,Power Tools,Stanley,SXD201,SN15864298,2020-11-24,1279.71,standard,18,0,2021-11-25,2021-12-05,motor_failure,0,,True,True,INV-565776,True,True,True,True,True,False,0,False,False,Valid Claim
CLM-001471,USR-2166,Power Tools,Stanley,SXD201,SN73380252,2023-03-23,2677.12,standard,18,0,2024-09-23,2024-10-06,switch_fault,0,,True,True,INV-225636,True,True,True,True,True,False,0,False,False,Valid Claim
CLM-001472,USR-1304,Power Tools,Stanley,SXD201,SN94267786,2020-12-24,2133.73,standard,18,0,2021-10-29,2021-11-05,improper_use,0,,True,True,INV-704864,True,True,True,True,True,False,0,False,False,Invalid Claim
CLM-001473,USR-4052,Electronics,Dell,Inspiron 5518,SN48851599,2022-09-30,2640.09,standard,24,0,2024-07-15,2024-08-04,manufacturing_defect,0,,True,True,INV-412886,True,True,True,True,True,False,0,False,False,Valid Claim
CLM-001474,USR-2475,Home Appliances,IFB,Senorita SX,SN62780072,2020-02-06,1555.9,standard,12,0,2020-09-18,2020-09-19,motor_failure,0,,True,True,INV-325595,True,True,True,True,True,False,0,False,False,Valid Claim
CLM-001475,USR-5501,Home Appliances,IFB,Senorita SX,SN75874779,2023-03-11,613.99,standard,12,0,2024-10-12,2024-10-16,drum_failure,0,,True,True,INV-393880,True,True,True,True,True,False,0,False,False,Invalid Claim
CLM-001476,USR-4418,Home Appliances,Whirlpool,WM 2500,SN89258668,2021-11-17,2303.88,standard,12,0,2022-06-09,2022-06-21,drum_failure,0,,True,False,INV-428580,True,True,True,True,True,False,0,False,False,Manual Review
CLM-001477,USR-3760,Electronics,Apple,iPhone 13,SN10232048,2020-07-03,2893.71,standard,24,0,2020-07-04,2020-07-15,battery_failure,0,,True,True,INV-113189,True,True,True,True,True,False,0,False,False,Manual Review
CLM-001478,USR-4537,Electronics,HP,Pavilion 15,SN79724133,2020-03-09,363.59,standard,24,0,2022-12-26,2023-01-08,audio_fault,0,,True,True,INV-342239,True,True,True,True,True,False,0,False,False,Invalid Claim
CLM-001479,USR-2264,Home Appliances,LG,Fridge 340L,SN72872428,2024-02-25,1474.06,standard,12,0,2024-11-03,2024-11-17,control_panel_fault,0,,True,True,INV-773071,False,False,True,True,True,False,0,False,False,Manual Review
CLM-001480,USR-9615,Power Tools,Black+Decker,CD701,SN93747900,2022-09-19,2127.84,standard,18,0,2024-09-27,2024-10-05,chuck_defect,0,,True,True,INV-151470,True,True,True,True,True,False,0,False,False,Invalid Claim
CLM-001481,USR-4867,Home Appliances,Godrej,WD 700,SN25023307,2020-10-03,1747.24,standard,12,0,2021-08-11,2021-08-22,commercial_use,0,,True,True,INV-226502,True,True,True,True,True,False,0,False,False,Invalid Claim
CLM-001482,USR-9604,Home Appliances,Samsung,RT28 Refrigerator,SN32782148,2024-01-08,541.86,standard,12,0,2024-06-15,2024-06-17,manufacturing_defect,3,2024-02-23,True,True,INV-465603,True,True,True,True,True,True,0,False,False,Manual Review
CLM-001483,USR-7342,Power Tools,Stanley,SXD201,SN45096899,2022-03-18,2143.7,standard,18,0,2022-04-13,2022-04-22,chuck_defect,0,,True,True,INV-942453,True,True,True,True,True,False,0,False,False,Manual Review
CLM-001484,USR-4747,Home Appliances,Godrej,WD 700,SN45279856,2021-06-24,1458.19,standard,12,0,2022-06-26,2022-07-01,cooling_failure,0,,True,True,INV-488802,True,True,True,True,True,False,0,False,False,Manual Review
CLM-001485,USR-6703,Electronics,HP,Pavilion 15,SN56637316,2022-01-02,2892.8,standard,24,0,2024-11-27,2024-12-04,software_malfunction,0,,True,True,INV-337288,True,True,True,True,True,False,0,False,False,Invalid Claim
CLM-001486,USR-3684,Electronics,LG,OLED C3,SN76627415,2020-01-13,2862.81,standard,24,0,2020-12-16,2020-12-22,battery_failure,2,2020-04-16,True,True,INV-642347,True,True,True,True,True,True,0,False,False,Valid Claim
CLM-001487,USR-2162,Power Tools,Bosch,GSR 18V,SN50549608,2021-10-18,1635.62,standard,18,0,2023-11-20,2023-11-28,battery_failure,0,,True,True,INV-719221,True,True,True,True,True,False,0,False,False,Invalid Claim
CLM-001488,USR-4190,Home Appliances,Godrej,WD 700,SN46227990,2022-05-07,396.53,standard,12,0,2022-12-09,2022-12-10,manufacturing_defect,0,,True,True,INV-480320,True,True,False,True,True,False,0,False,False,Manual Review
CLM-001489,USR-6425,Power Tools,Black+Decker,CD701,SN20443030,2020-10-04,774.95,extended,18,12,2023-03-10,2023-03-13,chuck_defect,0,,True,True,INV-276042,True,True,True,True,True,False,0,False,False,Valid Claim
CLM-001490,USR-5106,Electronics,LG,OLED C3,SN33420607,2022-12-31,400.98,standard,24,0,2023-07-26,2023-07-27,overheating,0,,True,True,INV-127032,True,True,True,True,True,False,0,False,False,Valid Claim
CLM-001491,USR-7829,Power Tools,Black+Decker,CD701,SN97848347,2022-11-30,921.95,standard,18,0,2023-04-23,2023-05-05,battery_failure,0,,True,True,INV-278922,True,True,True,True,False,False,0,False,False,Manual Review
CLM-001492,USR-1040,Home Appliances,Bosch,Serie 6 Washer,SN22501261,2023-03-26,2214.32,standard,12,0,2023-11-09,2023-11-23,water_leakage,1,2023-09-08,True,True,INV-765678,True,True,True,True,True,True,0,False,False,Valid Claim
CLM-001493,USR-8932,Power Tools,Makita,HP457,SN35805259,2023-05-23,2875.43,standard,18,0,2023-12-16,2023-12-24,chuck_defect,0,,True,True,INV-685196,True,True,True,True,True,False,0,False,False,Valid Claim
CLM-001494,USR-2020,Power Tools,Stanley,SXD201,SN28533117,2022-08-12,1594.55,standard,18,0,2023-09-09,2023-09-25,switch_fault,0,,True,True,INV-440839,True,True,True,True,True,False,0,False,False,Valid Claim
CLM-001495,USR-7266,Power Tools,Stanley,SXD201,SN60225060,2021-01-15,602.7,standard,18,0,2021-01-14,2021-11-03,manufacturing_defect,0,,True,True,INV-305349,True,True,True,True,True,False,0,False,False,Manual Review
CLM-001496,USR-7132,Home Appliances,Godrej,WD 700,SN30486849,2021-05-26,2085.52,standard,12,0,2021-08-25,2021-09-08,water_leakage,0,,True,True,INV-170394,True,True,True,True,True,False,0,False,False,Valid Claim
CLM-001497,USR-5067,Home Appliances,IFB,Senorita SX,SN46721417,2023-05-21,1241.78,standard,12,0,2024-02-21,2024-03-06,cooling_failure,0,,True,True,INV-408463,True,True,True,True,True,False,0,False,False,Valid Claim
CLM-001498,USR-3086,Power Tools,Stanley,SXD201,SN82487807,2020-03-10,1097.68,standard,18,0,2020-10-11,2020-10-19,manufacturing_defect,5,2020-06-01,True,True,INV-443367,True,True,True,True,True,True,0,False,False,Manual Review
CLM-001499,USR-6206,Home Appliances,Godrej,WD 700,SN77418191,2020-07-24,1644.03,standard,12,0,2021-07-31,2021-08-07,water_leakage,0,,True,True,INV-336033,True,True,True,True,True,False,0,False,False,Manual Review
CLM-001500,USR-1550,Electronics,Sony,Bravia X75,SN69920305,2020-07-14,1825.53,standard,24,0,2021-06-02,2021-06-26,audio_fault,0,,True,True,INV-151040,True,True,True,True,True,False,0,False,False,Valid Claim
