claim_id,filename,variation,split,label
CLM-000123,CLM-000123_v1.png,1,train,Invalid Claim
CLM-000123,CLM-000123_v2.jpg,2,train,Invalid Claim
CLM-000183,CLM-000183_v1.png,1,train,Manual Review
CLM-000183,CLM-000183_v2.jpg,2,train,Manual Review
CLM-000096,CLM-000096_v1.png,1,train,Manual Review
CLM-000096,CLM-000096_v2.jpg,2,train,Manual Review
CLM-000539,CLM-000539_v1.png,1,train,Manual Review
CLM-000539,CLM-000539_v2.jpg,2,train,Manual Review
CLM-000686,CLM-000686_v1.png,1,train,Invalid Claim
CLM-000686,CLM-000686_v2.jpg,2,train,Invalid Claim
CLM-000460,CLM-000460_v1.png,1,train,Manual Review
CLM-000460,CLM-000460_v2.jpg,2,train,Manual Review
CLM-000609,CLM-000609_v1.png,1,train,Invalid Claim
CLM-000609,CLM-000609_v2.jpg,2,train,Invalid Claim
CLM-000554,CLM-000554_v1.png,1,train,Invalid Claim
CLM-000554,CLM-000554_v2.jpg,2,train,Invalid Claim
CLM-000426,CLM-000426_v1.png,1,train,Manual Review
CLM-000426,CLM-000426_v2.jpg,2,train,Manual Review
CLM-000075,CLM-000075_v1.png,1,train,Invalid Claim
CLM-000075,CLM-000075_v2.jpg,2,train,Invalid Claim
CLM-000459,CLM-000459_v1.png,1,train,Manual Review
CLM-000459,CLM-000459_v2.jpg,2,train,Manual Review
CLM-000868,CLM-000868_v1.png,1,train,Manual Review
CLM-000868,CLM-000868_v2.jpg,2,train,Manual Review
CLM-000025,CLM-000025_v1.png,1,train,Invalid Claim
CLM-000025,CLM-000025_v2.jpg,2,train,Invalid Claim
CLM-001011,CLM-001011_v1.png,1,train,Valid Claim
CLM-001011,CLM-001011_v2.jpg,2,train,Valid Claim
CLM-000039,CLM-000039_v1.png,1,train,Valid Claim
CLM-000039,CLM-000039_v2.jpg,2,train,Valid Claim
CLM-000342,CLM-000342_v1.png,1,train,Manual Review
CLM-000342,CLM-000342_v2.jpg,2,train,Manual Review
CLM-000157,CLM-000157_v1.png,1,train,Valid Claim
CLM-000157,CLM-000157_v2.jpg,2,train,Valid Claim
CLM-000306,CLM-000306_v1.png,1,train,Invalid Claim
CLM-000306,CLM-000306_v2.jpg,2,train,Invalid Claim
CLM-000188,CLM-000188_v1.png,1,train,Manual Review
CLM-000188,CLM-000188_v2.jpg,2,train,Manual Review
CLM-001071,CLM-001071_v1.png,1,train,Valid Claim
CLM-001071,CLM-001071_v2.jpg,2,train,Valid Claim
CLM-000315,CLM-000315_v1.png,1,train,Manual Review
CLM-000315,CLM-000315_v2.jpg,2,train,Manual Review
CLM-000038,CLM-000038_v1.png,1,train,Manual Review
CLM-000038,CLM-000038_v2.jpg,2,train,Manual Review
CLM-000557,CLM-000557_v1.png,1,train,Invalid Claim
CLM-000557,CLM-000557_v2.jpg,2,train,Invalid Claim
CLM-000716,CLM-000716_v1.png,1,train,Valid Claim
CLM-000716,CLM-000716_v2.jpg,2,train,Valid Claim
CLM-000581,CLM-000581_v1.png,1,train,Invalid Claim
CLM-000581,CLM-000581_v2.jpg,2,train,Invalid Claim
CLM-000135,CLM-000135_v1.png,1,train,Invalid Claim
CLM-000135,CLM-000135_v2.jpg,2,train,Invalid Claim
CLM-000701,CLM-000701_v1.png,1,train,Manual Review
CLM-000701,CLM-000701_v2.jpg,2,train,Manual Review
CLM-000211,CLM-000211_v1.png,1,train,Invalid Claim
CLM-000211,CLM-000211_v2.jpg,2,train,Invalid Claim
CLM-000901,CLM-000901_v1.png,1,train,Invalid Claim
CLM-000901,CLM-000901_v2.jpg,2,train,Invalid Claim
CLM-000641,CLM-000641_v1.png,1,train,Manual Review
CLM-000641,CLM-000641_v2.jpg,2,train,Manual Review
CLM-000290,CLM-000290_v1.png,1,train,Invalid Claim
CLM-000290,CLM-000290_v2.jpg,2,train,Invalid Claim
CLM-000155,CLM-000155_v1.png,1,train,Manual Review
CLM-000155,CLM-000155_v2.jpg,2,train,Manual Review
CLM-000485,CLM-000485_v1.png,1,train,Valid Claim
CLM-000485,CLM-000485_v2.jpg,2,train,Valid Claim
CLM-001016,CLM-001016_v1.png,1,train,Invalid Claim
CLM-001016,CLM-001016_v2.jpg,2,train,Invalid Claim
CLM-001064,CLM-001064_v1.png,1,train,Valid Claim
CLM-001064,CLM-001064_v2.jpg,2,train,Valid Claim
CLM-000243,CLM-000243_v1.png,1,train,Invalid Claim
CLM-000243,CLM-000243_v2.jpg,2,train,Invalid Claim
CLM-000085,CLM-000085_v1.png,1,train,Invalid Claim
CLM-000085,CLM-000085_v2.jpg,2,train,Invalid Claim
CLM-000338,CLM-000338_v1.png,1,train,Valid Claim
CLM-000338,CLM-000338_v2.jpg,2,train,Valid Claim
CLM-000354,CLM-000354_v1.png,1,train,Manual Review
CLM-000354,CLM-000354_v2.jpg,2,train,Manual Review
CLM-000189,CLM-000189_v1.png,1,train,Valid Claim
CLM-000189,CLM-000189_v2.jpg,2,train,Valid Claim
CLM-001080,CLM-001080_v1.png,1,train,Valid Claim
CLM-001080,CLM-001080_v2.jpg,2,train,Valid Claim
CLM-000455,CLM-000455_v1.png,1,train,Valid Claim
CLM-000455,CLM-000455_v2.jpg,2,train,Valid Claim
CLM-000447,CLM-000447_v1.png,1,train,Manual Review
CLM-000447,CLM-000447_v2.jpg,2,train,Manual Review
CLM-000296,CLM-000296_v1.png,1,train,Manual Review
CLM-000296,CLM-000296_v2.jpg,2,train,Manual Review
CLM-000051,CLM-000051_v1.png,1,train,Manual Review
CLM-000051,CLM-000051_v2.jpg,2,train,Manual Review
CLM-000422,CLM-000422_v1.png,1,train,Valid Claim
CLM-000422,CLM-000422_v2.jpg,2,train,Valid Claim
CLM-000503,CLM-000503_v1.png,1,train,Manual Review
CLM-000503,CLM-000503_v2.jpg,2,train,Manual Review
CLM-001013,CLM-001013_v1.png,1,train,Invalid Claim
CLM-001013,CLM-001013_v2.jpg,2,train,Invalid Claim
CLM-000516,CLM-000516_v1.png,1,train,Invalid Claim
CLM-000516,CLM-000516_v2.jpg,2,train,Invalid Claim
CLM-000987,CLM-000987_v1.png,1,train,Invalid Claim
CLM-000987,CLM-000987_v2.jpg,2,train,Invalid Claim
CLM-000016,CLM-000016_v1.png,1,train,Invalid Claim
CLM-000016,CLM-000016_v2.jpg,2,train,Invalid Claim
CLM-000186,CLM-000186_v1.png,1,train,Manual Review
CLM-000186,CLM-000186_v2.jpg,2,train,Manual Review
CLM-000090,CLM-000090_v1.png,1,train,Invalid Claim
CLM-000090,CLM-000090_v2.jpg,2,train,Invalid Claim
CLM-000642,CLM-000642_v1.png,1,train,Invalid Claim
CLM-000642,CLM-000642_v2.jpg,2,train,Invalid Claim
CLM-000589,CLM-000589_v1.png,1,train,Manual Review
CLM-000589,CLM-000589_v2.jpg,2,train,Manual Review
CLM-001032,CLM-001032_v1.png,1,train,Valid Claim
CLM-001032,CLM-001032_v2.jpg,2,train,Valid Claim
CLM-000999,CLM-000999_v1.png,1,train,Invalid Claim
CLM-000999,CLM-000999_v2.jpg,2,train,Invalid Claim
CLM-000230,CLM-000230_v1.png,1,train,Invalid Claim
CLM-000230,CLM-000230_v2.jpg,2,train,Invalid Claim
CLM-000941,CLM-000941_v1.png,1,train,Invalid Claim
CLM-000941,CLM-000941_v2.jpg,2,train,Invalid Claim
CLM-000234,CLM-000234_v1.png,1,train,Invalid Claim
CLM-000234,CLM-000234_v2.jpg,2,train,Invalid Claim
CLM-000746,CLM-000746_v1.png,1,train,Valid Claim
CLM-000746,CLM-000746_v2.jpg,2,train,Valid Claim
CLM-000791,CLM-000791_v1.png,1,train,Valid Claim
CLM-000791,CLM-000791_v2.jpg,2,train,Valid Claim
CLM-000729,CLM-000729_v1.png,1,train,Invalid Claim
CLM-000729,CLM-000729_v2.jpg,2,train,Invalid Claim
CLM-000998,CLM-000998_v1.png,1,train,Manual Review
CLM-000998,CLM-000998_v2.jpg,2,train,Manual Review
CLM-000668,CLM-000668_v1.png,1,train,Manual Review
CLM-000668,CLM-000668_v2.jpg,2,train,Manual Review
CLM-000871,CLM-000871_v1.png,1,train,Manual Review
CLM-000871,CLM-000871_v2.jpg,2,train,Manual Review
CLM-000040,CLM-000040_v1.png,1,train,Manual Review
CLM-000040,CLM-000040_v2.jpg,2,train,Manual Review
CLM-000489,CLM-000489_v1.png,1,train,Valid Claim
CLM-000489,CLM-000489_v2.jpg,2,train,Valid Claim
CLM-000923,CLM-000923_v1.png,1,train,Valid Claim
CLM-000923,CLM-000923_v2.jpg,2,train,Valid Claim
CLM-000670,CLM-000670_v1.png,1,train,Invalid Claim
CLM-000670,CLM-000670_v2.jpg,2,train,Invalid Claim
CLM-000984,CLM-000984_v1.png,1,train,Manual Review
CLM-000984,CLM-000984_v2.jpg,2,train,Manual Review
CLM-000765,CLM-000765_v1.png,1,train,Manual Review
CLM-000765,CLM-000765_v2.jpg,2,train,Manual Review
CLM-000542,CLM-000542_v1.png,1,train,Manual Review
CLM-000542,CLM-000542_v2.jpg,2,train,Manual Review
CLM-000484,CLM-000484_v1.png,1,train,Invalid Claim
CLM-000484,CLM-000484_v2.jpg,2,train,Invalid Claim
CLM-000682,CLM-000682_v1.png,1,train,Valid Claim
CLM-000682,CLM-000682_v2.jpg,2,train,Valid Claim
CLM-000848,CLM-000848_v1.png,1,train,Invalid Claim
CLM-000848,CLM-000848_v2.jpg,2,train,Invalid Claim
CLM-000335,CLM-000335_v1.png,1,train,Manual Review
CLM-000335,CLM-000335_v2.jpg,2,train,Manual Review
CLM-000130,CLM-000130_v1.png,1,train,Manual Review
CLM-000130,CLM-000130_v2.jpg,2,train,Manual Review
CLM-000606,CLM-000606_v1.png,1,train,Manual Review
CLM-000606,CLM-000606_v2.jpg,2,train,Manual Review
CLM-000351,CLM-000351_v1.png,1,train,Invalid Claim
CLM-000351,CLM-000351_v2.jpg,2,train,Invalid Claim
CLM-000180,CLM-000180_v1.png,1,train,Invalid Claim
CLM-000180,CLM-000180_v2.jpg,2,train,Invalid Claim
CLM-000409,CLM-000409_v1.png,1,train,Manual Review
CLM-000409,CLM-000409_v2.jpg,2,train,Manual Review
CLM-000400,CLM-000400_v1.png,1,train,Valid Claim
CLM-000400,CLM-000400_v2.jpg,2,train,Valid Claim
CLM-000768,CLM-000768_v1.png,1,train,Invalid Claim
CLM-000768,CLM-000768_v2.jpg,2,train,Invalid Claim
CLM-000229,CLM-000229_v1.png,1,train,Valid Claim
CLM-000229,CLM-000229_v2.jpg,2,train,Valid Claim
CLM-000267,CLM-000267_v1.png,1,train,Valid Claim
CLM-000267,CLM-000267_v2.jpg,2,train,Valid Claim
CLM-000562,CLM-000562_v1.png,1,train,Valid Claim
CLM-000562,CLM-000562_v2.jpg,2,train,Valid Claim
CLM-000311,CLM-000311_v1.png,1,train,Invalid Claim
CLM-000311,CLM-000311_v2.jpg,2,train,Invalid Claim
CLM-000361,CLM-000361_v1.png,1,train,Invalid Claim
CLM-000361,CLM-000361_v2.jpg,2,train,Invalid Claim
CLM-000074,CLM-000074_v1.png,1,train,Invalid Claim
CLM-000074,CLM-000074_v2.jpg,2,train,Invalid Claim
CLM-000584,CLM-000584_v1.png,1,train,Valid Claim
CLM-000584,CLM-000584_v2.jpg,2,train,Valid Claim
CLM-000312,CLM-000312_v1.png,1,train,Valid Claim
CLM-000312,CLM-000312_v2.jpg,2,train,Valid Claim
CLM-000256,CLM-000256_v1.png,1,train,Manual Review
CLM-000256,CLM-000256_v2.jpg,2,train,Manual Review
CLM-000398,CLM-000398_v1.png,1,train,Manual Review
CLM-000398,CLM-000398_v2.jpg,2,train,Manual Review
CLM-000942,CLM-000942_v1.png,1,train,Valid Claim
CLM-000942,CLM-000942_v2.jpg,2,train,Valid Claim
CLM-000902,CLM-000902_v1.png,1,train,Valid Claim
CLM-000902,CLM-000902_v2.jpg,2,train,Valid Claim
CLM-000858,CLM-000858_v1.png,1,train,Manual Review
CLM-000858,CLM-000858_v2.jpg,2,train,Manual Review
CLM-000146,CLM-000146_v1.png,1,train,Manual Review
CLM-000146,CLM-000146_v2.jpg,2,train,Manual Review
CLM-000665,CLM-000665_v1.png,1,train,Invalid Claim
CLM-000665,CLM-000665_v2.jpg,2,train,Invalid Claim
CLM-000266,CLM-000266_v1.png,1,train,Invalid Claim
CLM-000266,CLM-000266_v2.jpg,2,train,Invalid Claim
CLM-000588,CLM-000588_v1.png,1,train,Manual Review
CLM-000588,CLM-000588_v2.jpg,2,train,Manual Review
CLM-000355,CLM-000355_v1.png,1,train,Invalid Claim
CLM-000355,CLM-000355_v2.jpg,2,train,Invalid Claim
CLM-000922,CLM-000922_v1.png,1,train,Manual Review
CLM-000922,CLM-000922_v2.jpg,2,train,Manual Review
CLM-000241,CLM-000241_v1.png,1,train,Invalid Claim
CLM-000241,CLM-000241_v2.jpg,2,train,Invalid Claim
CLM-000521,CLM-000521_v1.png,1,train,Manual Review
CLM-000521,CLM-000521_v2.jpg,2,train,Manual Review
CLM-000885,CLM-000885_v1.png,1,train,Valid Claim
CLM-000885,CLM-000885_v2.jpg,2,train,Valid Claim
CLM-000524,CLM-000524_v1.png,1,train,Manual Review
CLM-000524,CLM-000524_v2.jpg,2,train,Manual Review
CLM-000752,CLM-000752_v1.png,1,train,Valid Claim
CLM-000752,CLM-000752_v2.jpg,2,train,Valid Claim
CLM-000860,CLM-000860_v1.png,1,train,Valid Claim
CLM-000860,CLM-000860_v2.jpg,2,train,Valid Claim
CLM-000043,CLM-000043_v1.png,1,train,Manual Review
CLM-000043,CLM-000043_v2.jpg,2,train,Manual Review
CLM-000151,CLM-000151_v1.png,1,train,Valid Claim
CLM-000151,CLM-000151_v2.jpg,2,train,Valid Claim
CLM-000754,CLM-000754_v1.png,1,train,Manual Review
CLM-000754,CLM-000754_v2.jpg,2,train,Manual Review
CLM-000915,CLM-000915_v1.png,1,train,Invalid Claim
CLM-000915,CLM-000915_v2.jpg,2,train,Invalid Claim
CLM-000688,CLM-000688_v1.png,1,train,Invalid Claim
CLM-000688,CLM-000688_v2.jpg,2,train,Invalid Claim
CLM-000628,CLM-000628_v1.png,1,train,Valid Claim
CLM-000628,CLM-000628_v2.jpg,2,train,Valid Claim
CLM-000553,CLM-000553_v1.png,1,train,Invalid Claim
CLM-000553,CLM-000553_v2.jpg,2,train,Invalid Claim
CLM-000320,CLM-000320_v1.png,1,train,Invalid Claim
CLM-000320,CLM-000320_v2.jpg,2,train,Invalid Claim
CLM-000566,CLM-000566_v1.png,1,train,Valid Claim
CLM-000566,CLM-000566_v2.jpg,2,train,Valid Claim
CLM-000004,CLM-000004_v1.png,1,train,Invalid Claim
CLM-000004,CLM-000004_v2.jpg,2,train,Invalid Claim
CLM-000028,CLM-000028_v1.png,1,train,Manual Review
CLM-000028,CLM-000028_v2.jpg,2,train,Manual Review
CLM-000083,CLM-000083_v1.png,1,train,Invalid Claim
CLM-000083,CLM-000083_v2.jpg,2,train,Invalid Claim
CLM-000013,CLM-000013_v1.png,1,train,Manual Review
CLM-000013,CLM-000013_v2.jpg,2,train,Manual Review
CLM-000519,CLM-000519_v1.png,1,train,Invalid Claim
CLM-000519,CLM-000519_v2.jpg,2,train,Invalid Claim
CLM-000672,CLM-000672_v1.png,1,train,Invalid Claim
CLM-000672,CLM-000672_v2.jpg,2,train,Invalid Claim
CLM-000772,CLM-000772_v1.png,1,train,Invalid Claim
CLM-000772,CLM-000772_v2.jpg,2,train,Invalid Claim
CLM-000377,CLM-000377_v1.png,1,train,Valid Claim
CLM-000377,CLM-000377_v2.jpg,2,train,Valid Claim
CLM-000973,CLM-000973_v1.png,1,train,Manual Review
CLM-000973,CLM-000973_v2.jpg,2,train,Manual Review
CLM-000175,CLM-000175_v1.png,1,train,Manual Review
CLM-000175,CLM-000175_v2.jpg,2,train,Manual Review
CLM-000582,CLM-000582_v1.png,1,train,Valid Claim
CLM-000582,CLM-000582_v2.jpg,2,train,Valid Claim
CLM-000396,CLM-000396_v1.png,1,train,Valid Claim
CLM-000396,CLM-000396_v2.jpg,2,train,Valid Claim
CLM-000842,CLM-000842_v1.png,1,train,Invalid Claim
CLM-000842,CLM-000842_v2.jpg,2,train,Invalid Claim
CLM-000840,CLM-000840_v1.png,1,train,Invalid Claim
CLM-000840,CLM-000840_v2.jpg,2,train,Invalid Claim
CLM-001028,CLM-001028_v1.png,1,train,Invalid Claim
CLM-001028,CLM-001028_v2.jpg,2,train,Invalid Claim
CLM-000325,CLM-000325_v1.png,1,train,Valid Claim
CLM-000325,CLM-000325_v2.jpg,2,train,Valid Claim
CLM-000905,CLM-000905_v1.png,1,train,Valid Claim
CLM-000905,CLM-000905_v2.jpg,2,train,Valid Claim
CLM-000323,CLM-000323_v1.png,1,train,Invalid Claim
CLM-000323,CLM-000323_v2.jpg,2,train,Invalid Claim
CLM-000538,CLM-000538_v1.png,1,train,Invalid Claim
CLM-000538,CLM-000538_v2.jpg,2,train,Invalid Claim
CLM-000333,CLM-000333_v1.png,1,train,Valid Claim
CLM-000333,CLM-000333_v2.jpg,2,train,Valid Claim
CLM-000662,CLM-000662_v1.png,1,train,Manual Review
CLM-000662,CLM-000662_v2.jpg,2,train,Manual Review
CLM-000238,CLM-000238_v1.png,1,train,Invalid Claim
CLM-000238,CLM-000238_v2.jpg,2,train,Invalid Claim
CLM-000432,CLM-000432_v1.png,1,train,Manual Review
CLM-000432,CLM-000432_v2.jpg,2,train,Manual Review
CLM-000793,CLM-000793_v1.png,1,train,Valid Claim
CLM-000793,CLM-000793_v2.jpg,2,train,Valid Claim
CLM-000062,CLM-000062_v1.png,1,train,Valid Claim
CLM-000062,CLM-000062_v2.jpg,2,train,Valid Claim
CLM-000980,CLM-000980_v1.png,1,train,Manual Review
CLM-000980,CLM-000980_v2.jpg,2,train,Manual Review
CLM-000700,CLM-000700_v1.png,1,train,Invalid Claim
CLM-000700,CLM-000700_v2.jpg,2,train,Invalid Claim
CLM-000059,CLM-000059_v1.png,1,train,Manual Review
CLM-000059,CLM-000059_v2.jpg,2,train,Manual Review
CLM-000769,CLM-000769_v1.png,1,train,Valid Claim
CLM-000769,CLM-000769_v2.jpg,2,train,Valid Claim
CLM-000082,CLM-000082_v1.png,1,train,Invalid Claim
CLM-000082,CLM-000082_v2.jpg,2,train,Invalid Claim
CLM-000100,CLM-000100_v1.png,1,train,Invalid Claim
CLM-000100,CLM-000100_v2.jpg,2,train,Invalid Claim
CLM-000386,CLM-000386_v1.png,1,train,Valid Claim
CLM-000386,CLM-000386_v2.jpg,2,train,Valid Claim
CLM-000956,CLM-000956_v1.png,1,train,Valid Claim
CLM-000956,CLM-000956_v2.jpg,2,train,Valid Claim
CLM-000762,CLM-000762_v1.png,1,train,Invalid Claim
CLM-000762,CLM-000762_v2.jpg,2,train,Invalid Claim
CLM-000103,CLM-000103_v1.png,1,train,Valid Claim
CLM-000103,CLM-000103_v2.jpg,2,train,Valid Claim
CLM-001022,CLM-001022_v1.png,1,train,Invalid Claim
CLM-001022,CLM-001022_v2.jpg,2,train,Invalid Claim
CLM-000433,CLM-000433_v1.png,1,train,Manual Review
CLM-000433,CLM-000433_v2.jpg,2,train,Manual Review
CLM-000730,CLM-000730_v1.png,1,train,Manual Review
CLM-000730,CLM-000730_v2.jpg,2,train,Manual Review
CLM-000945,CLM-000945_v1.png,1,train,Invalid Claim
CLM-000945,CLM-000945_v2.jpg,2,train,Invalid Claim
CLM-000115,CLM-000115_v1.png,1,train,Manual Review
CLM-000115,CLM-000115_v2.jpg,2,train,Manual Review
CLM-000119,CLM-000119_v1.png,1,train,Valid Claim
CLM-000119,CLM-000119_v2.jpg,2,train,Valid Claim
CLM-000499,CLM-000499_v1.png,1,train,Invalid Claim
CLM-000499,CLM-000499_v2.jpg,2,train,Invalid Claim
CLM-000530,CLM-000530_v1.png,1,train,Valid Claim
CLM-000530,CLM-000530_v2.jpg,2,train,Valid Claim
CLM-000418,CLM-000418_v1.png,1,train,Valid Claim
CLM-000418,CLM-000418_v2.jpg,2,train,Valid Claim
CLM-000857,CLM-000857_v1.png,1,train,Valid Claim
CLM-000857,CLM-000857_v2.jpg,2,train,Valid Claim
CLM-000217,CLM-000217_v1.png,1,train,Invalid Claim
CLM-000217,CLM-000217_v2.jpg,2,train,Invalid Claim
CLM-000892,CLM-000892_v1.png,1,train,Valid Claim
CLM-000892,CLM-000892_v2.jpg,2,train,Valid Claim
CLM-000443,CLM-000443_v1.png,1,train,Valid Claim
CLM-000443,CLM-000443_v2.jpg,2,train,Valid Claim
CLM-000124,CLM-000124_v1.png,1,train,Manual Review
CLM-000124,CLM-000124_v2.jpg,2,train,Manual Review
CLM-000680,CLM-000680_v1.png,1,train,Manual Review
CLM-000680,CLM-000680_v2.jpg,2,train,Manual Review
CLM-000008,CLM-000008_v1.png,1,train,Invalid Claim
CLM-000008,CLM-000008_v2.jpg,2,train,Invalid Claim
CLM-000837,CLM-000837_v1.png,1,train,Invalid Claim
CLM-000837,CLM-000837_v2.jpg,2,train,Invalid Claim
CLM-000951,CLM-000951_v1.png,1,train,Invalid Claim
CLM-000951,CLM-000951_v2.jpg,2,train,Invalid Claim
CLM-000936,CLM-000936_v1.png,1,train,Manual Review
CLM-000936,CLM-000936_v2.jpg,2,train,Manual Review
CLM-000218,CLM-000218_v1.png,1,train,Valid Claim
CLM-000218,CLM-000218_v2.jpg,2,train,Valid Claim
CLM-000608,CLM-000608_v1.png,1,train,Manual Review
CLM-000608,CLM-000608_v2.jpg,2,train,Manual Review
CLM-000310,CLM-000310_v1.png,1,train,Manual Review
CLM-000310,CLM-000310_v2.jpg,2,train,Manual Review
CLM-000473,CLM-000473_v1.png,1,train,Valid Claim
CLM-000473,CLM-000473_v2.jpg,2,train,Valid Claim
CLM-001014,CLM-001014_v1.png,1,train,Manual Review
CLM-001014,CLM-001014_v2.jpg,2,train,Manual Review
CLM-000736,CLM-000736_v1.png,1,train,Valid Claim
CLM-000736,CLM-000736_v2.jpg,2,train,Valid Claim
CLM-000147,CLM-000147_v1.png,1,train,Manual Review
CLM-000147,CLM-000147_v2.jpg,2,train,Manual Review
CLM-000636,CLM-000636_v1.png,1,train,Manual Review
CLM-000636,CLM-000636_v2.jpg,2,train,Manual Review
CLM-000823,CLM-000823_v1.png,1,train,Valid Claim
CLM-000823,CLM-000823_v2.jpg,2,train,Valid Claim
CLM-000872,CLM-000872_v1.png,1,train,Manual Review
CLM-000872,CLM-000872_v2.jpg,2,train,Manual Review
CLM-000279,CLM-000279_v1.png,1,train,Invalid Claim
CLM-000279,CLM-000279_v2.jpg,2,train,Invalid Claim
CLM-000048,CLM-000048_v1.png,1,train,Manual Review
CLM-000048,CLM-000048_v2.jpg,2,train,Manual Review
CLM-000698,CLM-000698_v1.png,1,train,Valid Claim
CLM-000698,CLM-000698_v2.jpg,2,train,Valid Claim
CLM-000213,CLM-000213_v1.png,1,train,Invalid Claim
CLM-000213,CLM-000213_v2.jpg,2,train,Invalid Claim
CLM-000378,CLM-000378_v1.png,1,train,Invalid Claim
CLM-000378,CLM-000378_v2.jpg,2,train,Invalid Claim
CLM-000551,CLM-000551_v1.png,1,train,Invalid Claim
CLM-000551,CLM-000551_v2.jpg,2,train,Invalid Claim
CLM-000771,CLM-000771_v1.png,1,train,Valid Claim
CLM-000771,CLM-000771_v2.jpg,2,train,Valid Claim
CLM-000804,CLM-000804_v1.png,1,train,Manual Review
CLM-000804,CLM-000804_v2.jpg,2,train,Manual Review
CLM-000368,CLM-000368_v1.png,1,train,Manual Review
CLM-000368,CLM-000368_v2.jpg,2,train,Manual Review
CLM-000573,CLM-000573_v1.png,1,train,Manual Review
CLM-000573,CLM-000573_v2.jpg,2,train,Manual Review
CLM-000023,CLM-000023_v1.png,1,train,Invalid Claim
CLM-000023,CLM-000023_v2.jpg,2,train,Invalid Claim
CLM-000869,CLM-000869_v1.png,1,train,Manual Review
CLM-000869,CLM-000869_v2.jpg,2,train,Manual Review
CLM-000456,CLM-000456_v1.png,1,train,Manual Review
CLM-000456,CLM-000456_v2.jpg,2,train,Manual Review
CLM-000718,CLM-000718_v1.png,1,train,Manual Review
CLM-000718,CLM-000718_v2.jpg,2,train,Manual Review
CLM-000975,CLM-000975_v1.png,1,train,Invalid Claim
CLM-000975,CLM-000975_v2.jpg,2,train,Invalid Claim
CLM-000556,CLM-000556_v1.png,1,train,Invalid Claim
CLM-000556,CLM-000556_v2.jpg,2,train,Invalid Claim
CLM-000712,CLM-000712_v1.png,1,train,Valid Claim
CLM-000712,CLM-000712_v2.jpg,2,train,Valid Claim
CLM-000893,CLM-000893_v1.png,1,train,Valid Claim
CLM-000893,CLM-000893_v2.jpg,2,train,Valid Claim
CLM-000883,CLM-000883_v1.png,1,train,Invalid Claim
CLM-000883,CLM-000883_v2.jpg,2,train,Invalid Claim
CLM-000671,CLM-000671_v1.png,1,train,Valid Claim
CLM-000671,CLM-000671_v2.jpg,2,train,Valid Claim
CLM-000005,CLM-000005_v1.png,1,train,Valid Claim
CLM-000005,CLM-000005_v2.jpg,2,train,Valid Claim
CLM-000370,CLM-000370_v1.png,1,train,Invalid Claim
CLM-000370,CLM-000370_v2.jpg,2,train,Invalid Claim
CLM-000919,CLM-000919_v1.png,1,train,Manual Review
CLM-000919,CLM-000919_v2.jpg,2,train,Manual Review
CLM-000479,CLM-000479_v1.png,1,train,Valid Claim
CLM-000479,CLM-000479_v2.jpg,2,train,Valid Claim
CLM-000623,CLM-000623_v1.png,1,train,Manual Review
CLM-000623,CLM-000623_v2.jpg,2,train,Manual Review
CLM-000920,CLM-000920_v1.png,1,train,Valid Claim
CLM-000920,CLM-000920_v2.jpg,2,train,Valid Claim
CLM-000427,CLM-000427_v1.png,1,train,Valid Claim
CLM-000427,CLM-000427_v2.jpg,2,train,Valid Claim
CLM-000209,CLM-000209_v1.png,1,train,Manual Review
CLM-000209,CLM-000209_v2.jpg,2,train,Manual Review
CLM-000740,CLM-000740_v1.png,1,train,Manual Review
CLM-000740,CLM-000740_v2.jpg,2,train,Manual Review
CLM-000981,CLM-000981_v1.png,1,train,Manual Review
CLM-000981,CLM-000981_v2.jpg,2,train,Manual Review
CLM-000527,CLM-000527_v1.png,1,train,Valid Claim
CLM-000527,CLM-000527_v2.jpg,2,train,Valid Claim
CLM-000153,CLM-000153_v1.png,1,train,Invalid Claim
CLM-000153,CLM-000153_v2.jpg,2,train,Invalid Claim
CLM-000875,CLM-000875_v1.png,1,train,Valid Claim
CLM-000875,CLM-000875_v2.jpg,2,train,Valid Claim
CLM-000405,CLM-000405_v1.png,1,train,Manual Review
CLM-000405,CLM-000405_v2.jpg,2,train,Manual Review
CLM-000091,CLM-000091_v1.png,1,train,Valid Claim
CLM-000091,CLM-000091_v2.jpg,2,train,Valid Claim
CLM-000909,CLM-000909_v1.png,1,train,Valid Claim
CLM-000909,CLM-000909_v2.jpg,2,train,Valid Claim
CLM-000876,CLM-000876_v1.png,1,train,Invalid Claim
CLM-000876,CLM-000876_v2.jpg,2,train,Invalid Claim
CLM-000282,CLM-000282_v1.png,1,train,Invalid Claim
CLM-000282,CLM-000282_v2.jpg,2,train,Invalid Claim
CLM-000185,CLM-000185_v1.png,1,train,Invalid Claim
CLM-000185,CLM-000185_v2.jpg,2,train,Invalid Claim
CLM-000741,CLM-000741_v1.png,1,train,Invalid Claim
CLM-000741,CLM-000741_v2.jpg,2,train,Invalid Claim
CLM-000445,CLM-000445_v1.png,1,train,Valid Claim
CLM-000445,CLM-000445_v2.jpg,2,train,Valid Claim
CLM-000109,CLM-000109_v1.png,1,train,Valid Claim
CLM-000109,CLM-000109_v2.jpg,2,train,Valid Claim
CLM-000952,CLM-000952_v1.png,1,train,Invalid Claim
CLM-000952,CLM-000952_v2.jpg,2,train,Invalid Claim
CLM-000019,CLM-000019_v1.png,1,train,Invalid Claim
CLM-000019,CLM-000019_v2.jpg,2,train,Invalid Claim
CLM-000632,CLM-000632_v1.png,1,train,Valid Claim
CLM-000632,CLM-000632_v2.jpg,2,train,Valid Claim
CLM-000471,CLM-000471_v1.png,1,train,Invalid Claim
CLM-000471,CLM-000471_v2.jpg,2,train,Invalid Claim
CLM-000882,CLM-000882_v1.png,1,train,Valid Claim
CLM-000882,CLM-000882_v2.jpg,2,train,Valid Claim
CLM-000494,CLM-000494_v1.png,1,train,Manual Review
CLM-000494,CLM-000494_v2.jpg,2,train,Manual Review
CLM-000585,CLM-000585_v1.png,1,train,Manual Review
CLM-000585,CLM-000585_v2.jpg,2,train,Manual Review
CLM-000318,CLM-000318_v1.png,1,train,Invalid Claim
CLM-000318,CLM-000318_v2.jpg,2,train,Invalid Claim
CLM-000164,CLM-000164_v1.png,1,train,Invalid Claim
CLM-000164,CLM-000164_v2.jpg,2,train,Invalid Claim
CLM-000125,CLM-000125_v1.png,1,train,Valid Claim
CLM-000125,CLM-000125_v2.jpg,2,train,Valid Claim
CLM-000810,CLM-000810_v1.png,1,train,Invalid Claim
CLM-000810,CLM-000810_v2.jpg,2,train,Invalid Claim
CLM-000921,CLM-000921_v1.png,1,train,Invalid Claim
CLM-000921,CLM-000921_v2.jpg,2,train,Invalid Claim
CLM-001027,CLM-001027_v1.png,1,train,Invalid Claim
CLM-001027,CLM-001027_v2.jpg,2,train,Invalid Claim
CLM-000168,CLM-000168_v1.png,1,train,Invalid Claim
CLM-000168,CLM-000168_v2.jpg,2,train,Invalid Claim
CLM-000713,CLM-000713_v1.png,1,train,Valid Claim
CLM-000713,CLM-000713_v2.jpg,2,train,Valid Claim
CLM-000613,CLM-000613_v1.png,1,train,Manual Review
CLM-000613,CLM-000613_v2.jpg,2,train,Manual Review
CLM-000708,CLM-000708_v1.png,1,train,Valid Claim
CLM-000708,CLM-000708_v2.jpg,2,train,Valid Claim
CLM-000262,CLM-000262_v1.png,1,train,Valid Claim
CLM-000262,CLM-000262_v2.jpg,2,train,Valid Claim
CLM-000935,CLM-000935_v1.png,1,train,Manual Review
CLM-000935,CLM-000935_v2.jpg,2,train,Manual Review
CLM-000961,CLM-000961_v1.png,1,train,Manual Review
CLM-000961,CLM-000961_v2.jpg,2,train,Manual Review
CLM-000292,CLM-000292_v1.png,1,train,Invalid Claim
CLM-000292,CLM-000292_v2.jpg,2,train,Invalid Claim
CLM-001020,CLM-001020_v1.png,1,train,Manual Review
CLM-001020,CLM-001020_v2.jpg,2,train,Manual Review
CLM-001024,CLM-001024_v1.png,1,train,Manual Review
CLM-001024,CLM-001024_v2.jpg,2,train,Manual Review
CLM-000329,CLM-000329_v1.png,1,train,Invalid Claim
CLM-000329,CLM-000329_v2.jpg,2,train,Invalid Claim
CLM-000327,CLM-000327_v1.png,1,train,Manual Review
CLM-000327,CLM-000327_v2.jpg,2,train,Manual Review
CLM-000656,CLM-000656_v1.png,1,train,Valid Claim
CLM-000656,CLM-000656_v2.jpg,2,train,Valid Claim
CLM-000979,CLM-000979_v1.png,1,train,Valid Claim
CLM-000979,CLM-000979_v2.jpg,2,train,Valid Claim
CLM-000579,CLM-000579_v1.png,1,train,Manual Review
CLM-000579,CLM-000579_v2.jpg,2,train,Manual Review
CLM-000237,CLM-000237_v1.png,1,train,Manual Review
CLM-000237,CLM-000237_v2.jpg,2,train,Manual Review
CLM-000288,CLM-000288_v1.png,1,train,Invalid Claim
CLM-000288,CLM-000288_v2.jpg,2,train,Invalid Claim
CLM-000806,CLM-000806_v1.png,1,train,Invalid Claim
CLM-000806,CLM-000806_v2.jpg,2,train,Invalid Claim
CLM-000764,CLM-000764_v1.png,1,train,Invalid Claim
CLM-000764,CLM-000764_v2.jpg,2,train,Invalid Claim
CLM-000939,CLM-000939_v1.png,1,train,Valid Claim
CLM-000939,CLM-000939_v2.jpg,2,train,Valid Claim
CLM-000199,CLM-000199_v1.png,1,train,Valid Claim
CLM-000199,CLM-000199_v2.jpg,2,train,Valid Claim
CLM-000661,CLM-000661_v1.png,1,train,Invalid Claim
CLM-000661,CLM-000661_v2.jpg,2,train,Invalid Claim
CLM-000399,CLM-000399_v1.png,1,train,Invalid Claim
CLM-000399,CLM-000399_v2.jpg,2,train,Invalid Claim
CLM-000863,CLM-000863_v1.png,1,train,Manual Review
CLM-000863,CLM-000863_v2.jpg,2,train,Manual Review
CLM-000127,CLM-000127_v1.png,1,train,Manual Review
CLM-000127,CLM-000127_v2.jpg,2,train,Manual Review
CLM-000953,CLM-000953_v1.png,1,train,Invalid Claim
CLM-000953,CLM-000953_v2.jpg,2,train,Invalid Claim
CLM-000281,CLM-000281_v1.png,1,train,Invalid Claim
CLM-000281,CLM-000281_v2.jpg,2,train,Invalid Claim
CLM-000758,CLM-000758_v1.png,1,train,Manual Review
CLM-000758,CLM-000758_v2.jpg,2,train,Manual Review
CLM-000376,CLM-000376_v1.png,1,train,Invalid Claim
CLM-000376,CLM-000376_v2.jpg,2,train,Invalid Claim
CLM-000721,CLM-000721_v1.png,1,train,Valid Claim
CLM-000721,CLM-000721_v2.jpg,2,train,Valid Claim
CLM-000475,CLM-000475_v1.png,1,train,Valid Claim
CLM-000475,CLM-000475_v2.jpg,2,train,Valid Claim
CLM-001045,CLM-001045_v1.png,1,train,Valid Claim
CLM-001045,CLM-001045_v2.jpg,2,train,Valid Claim
CLM-000298,CLM-000298_v1.png,1,train,Invalid Claim
CLM-000298,CLM-000298_v2.jpg,2,train,Invalid Claim
CLM-000844,CLM-000844_v1.png,1,train,Valid Claim
CLM-000844,CLM-000844_v2.jpg,2,train,Valid Claim
CLM-000655,CLM-000655_v1.png,1,train,Valid Claim
CLM-000655,CLM-000655_v2.jpg,2,train,Valid Claim
CLM-000088,CLM-000088_v1.png,1,train,Valid Claim
CLM-000088,CLM-000088_v2.jpg,2,train,Valid Claim
CLM-000231,CLM-000231_v1.png,1,train,Valid Claim
CLM-000231,CLM-000231_v2.jpg,2,train,Valid Claim
CLM-000928,CLM-000928_v1.png,1,train,Manual Review
CLM-000928,CLM-000928_v2.jpg,2,train,Manual Review
CLM-000394,CLM-000394_v1.png,1,train,Valid Claim
CLM-000394,CLM-000394_v2.jpg,2,train,Valid Claim
CLM-000264,CLM-000264_v1.png,1,train,Valid Claim
CLM-000264,CLM-000264_v2.jpg,2,train,Valid Claim
CLM-000137,CLM-000137_v1.png,1,train,Valid Claim
CLM-000137,CLM-000137_v2.jpg,2,train,Valid Claim
CLM-000532,CLM-000532_v1.png,1,train,Invalid Claim
CLM-000532,CLM-000532_v2.jpg,2,train,Invalid Claim
CLM-000615,CLM-000615_v1.png,1,train,Valid Claim
CLM-000615,CLM-000615_v2.jpg,2,train,Valid Claim
CLM-001005,CLM-001005_v1.png,1,train,Manual Review
CLM-001005,CLM-001005_v2.jpg,2,train,Manual Review
CLM-000601,CLM-000601_v1.png,1,train,Invalid Claim
CLM-000601,CLM-000601_v2.jpg,2,train,Invalid Claim
CLM-000314,CLM-000314_v1.png,1,train,Valid Claim
CLM-000314,CLM-000314_v2.jpg,2,train,Valid Claim
CLM-000884,CLM-000884_v1.png,1,train,Manual Review
CLM-000884,CLM-000884_v2.jpg,2,train,Manual Review
CLM-000379,CLM-000379_v1.png,1,train,Invalid Claim
CLM-000379,CLM-000379_v2.jpg,2,train,Invalid Claim
CLM-000726,CLM-000726_v1.png,1,train,Invalid Claim
CLM-000726,CLM-000726_v2.jpg,2,train,Invalid Claim
CLM-000748,CLM-000748_v1.png,1,train,Invalid Claim
CLM-000748,CLM-000748_v2.jpg,2,train,Invalid Claim
CLM-000972,CLM-000972_v1.png,1,train,Invalid Claim
CLM-000972,CLM-000972_v2.jpg,2,train,Invalid Claim
CLM-000927,CLM-000927_v1.png,1,train,Valid Claim
CLM-000927,CLM-000927_v2.jpg,2,train,Valid Claim
CLM-000126,CLM-000126_v1.png,1,train,Valid Claim
CLM-000126,CLM-000126_v2.jpg,2,train,Valid Claim
CLM-000041,CLM-000041_v1.png,1,train,Manual Review
CLM-000041,CLM-000041_v2.jpg,2,train,Manual Review
CLM-000102,CLM-000102_v1.png,1,train,Valid Claim
CLM-000102,CLM-000102_v2.jpg,2,train,Valid Claim
CLM-000331,CLM-000331_v1.png,1,train,Manual Review
CLM-000331,CLM-000331_v2.jpg,2,train,Manual Review
CLM-000203,CLM-000203_v1.png,1,train,Manual Review
CLM-000203,CLM-000203_v2.jpg,2,train,Manual Review
CLM-000559,CLM-000559_v1.png,1,train,Manual Review
CLM-000559,CLM-000559_v2.jpg,2,train,Manual Review
CLM-000345,CLM-000345_v1.png,1,train,Invalid Claim
CLM-000345,CLM-000345_v2.jpg,2,train,Invalid Claim
CLM-000255,CLM-000255_v1.png,1,train,Manual Review
CLM-000255,CLM-000255_v2.jpg,2,train,Manual Review
CLM-000675,CLM-000675_v1.png,1,train,Valid Claim
CLM-000675,CLM-000675_v2.jpg,2,train,Valid Claim
CLM-000239,CLM-000239_v1.png,1,train,Valid Claim
CLM-000239,CLM-000239_v2.jpg,2,train,Valid Claim
CLM-000421,CLM-000421_v1.png,1,train,Manual Review
CLM-000421,CLM-000421_v2.jpg,2,train,Manual Review
CLM-000501,CLM-000501_v1.png,1,train,Valid Claim
CLM-000501,CLM-000501_v2.jpg,2,train,Valid Claim
CLM-000607,CLM-000607_v1.png,1,train,Invalid Claim
CLM-000607,CLM-000607_v2.jpg,2,train,Invalid Claim
CLM-001040,CLM-001040_v1.png,1,train,Valid Claim
CLM-001040,CLM-001040_v2.jpg,2,train,Valid Claim
CLM-000624,CLM-000624_v1.png,1,train,Valid Claim
CLM-000624,CLM-000624_v2.jpg,2,train,Valid Claim
CLM-000649,CLM-000649_v1.png,1,train,Invalid Claim
CLM-000649,CLM-000649_v2.jpg,2,train,Invalid Claim
CLM-000042,CLM-000042_v1.png,1,train,Valid Claim
CLM-000042,CLM-000042_v2.jpg,2,train,Valid Claim
CLM-000903,CLM-000903_v1.png,1,train,Manual Review
CLM-000903,CLM-000903_v2.jpg,2,train,Manual Review
CLM-000451,CLM-000451_v1.png,1,train,Manual Review
CLM-000451,CLM-000451_v2.jpg,2,train,Manual Review
CLM-001065,CLM-001065_v1.png,1,train,Valid Claim
CLM-001065,CLM-001065_v2.jpg,2,train,Valid Claim
CLM-000165,CLM-000165_v1.png,1,train,Valid Claim
CLM-000165,CLM-000165_v2.jpg,2,train,Valid Claim
CLM-000619,CLM-000619_v1.png,1,train,Manual Review
CLM-000619,CLM-000619_v2.jpg,2,train,Manual Review
CLM-000950,CLM-000950_v1.png,1,train,Manual Review
CLM-000950,CLM-000950_v2.jpg,2,train,Manual Review
CLM-000046,CLM-000046_v1.png,1,train,Manual Review
CLM-000046,CLM-000046_v2.jpg,2,train,Manual Review
CLM-000356,CLM-000356_v1.png,1,train,Valid Claim
CLM-000356,CLM-000356_v2.jpg,2,train,Valid Claim
CLM-000811,CLM-000811_v1.png,1,train,Manual Review
CLM-000811,CLM-000811_v2.jpg,2,train,Manual Review
CLM-000502,CLM-000502_v1.png,1,train,Invalid Claim
CLM-000502,CLM-000502_v2.jpg,2,train,Invalid Claim
CLM-000626,CLM-000626_v1.png,1,train,Valid Claim
CLM-000626,CLM-000626_v2.jpg,2,train,Valid Claim
CLM-000080,CLM-000080_v1.png,1,train,Valid Claim
CLM-000080,CLM-000080_v2.jpg,2,train,Valid Claim
CLM-000064,CLM-000064_v1.png,1,train,Manual Review
CLM-000064,CLM-000064_v2.jpg,2,train,Manual Review
CLM-000534,CLM-000534_v1.png,1,train,Invalid Claim
CLM-000534,CLM-000534_v2.jpg,2,train,Invalid Claim
CLM-000201,CLM-000201_v1.png,1,train,Valid Claim
CLM-000201,CLM-000201_v2.jpg,2,train,Valid Claim
CLM-000932,CLM-000932_v1.png,1,train,Manual Review
CLM-000932,CLM-000932_v2.jpg,2,train,Manual Review
CLM-000548,CLM-000548_v1.png,1,train,Manual Review
CLM-000548,CLM-000548_v2.jpg,2,train,Manual Review
CLM-000417,CLM-000417_v1.png,1,train,Invalid Claim
CLM-000417,CLM-000417_v2.jpg,2,train,Invalid Claim
CLM-000977,CLM-000977_v1.png,1,train,Manual Review
CLM-000977,CLM-000977_v2.jpg,2,train,Manual Review
CLM-000779,CLM-000779_v1.png,1,train,Manual Review
CLM-000779,CLM-000779_v2.jpg,2,train,Manual Review
CLM-000177,CLM-000177_v1.png,1,train,Invalid Claim
CLM-000177,CLM-000177_v2.jpg,2,train,Invalid Claim
CLM-000838,CLM-000838_v1.png,1,train,Manual Review
CLM-000838,CLM-000838_v2.jpg,2,train,Manual Review
CLM-000633,CLM-000633_v1.png,1,train,Invalid Claim
CLM-000633,CLM-000633_v2.jpg,2,train,Invalid Claim
CLM-000408,CLM-000408_v1.png,1,train,Manual Review
CLM-000408,CLM-000408_v2.jpg,2,train,Manual Review
CLM-000954,CLM-000954_v1.png,1,train,Valid Claim
CLM-000954,CLM-000954_v2.jpg,2,train,Valid Claim
CLM-000853,CLM-000853_v1.png,1,train,Invalid Claim
CLM-000853,CLM-000853_v2.jpg,2,train,Invalid Claim
CLM-000466,CLM-000466_v1.png,1,train,Invalid Claim
CLM-000466,CLM-000466_v2.jpg,2,train,Invalid Claim
CLM-000349,CLM-000349_v1.png,1,train,Manual Review
CLM-000349,CLM-000349_v2.jpg,2,train,Manual Review
CLM-000382,CLM-000382_v1.png,1,train,Invalid Claim
CLM-000382,CLM-000382_v2.jpg,2,train,Invalid Claim
CLM-000690,CLM-000690_v1.png,1,train,Manual Review
CLM-000690,CLM-000690_v2.jpg,2,train,Manual Review
CLM-000162,CLM-000162_v1.png,1,train,Manual Review
CLM-000162,CLM-000162_v2.jpg,2,train,Manual Review
CLM-000184,CLM-000184_v1.png,1,train,Invalid Claim
CLM-000184,CLM-000184_v2.jpg,2,train,Invalid Claim
CLM-000647,CLM-000647_v1.png,1,train,Invalid Claim
CLM-000647,CLM-000647_v2.jpg,2,train,Invalid Claim
CLM-000813,CLM-000813_v1.png,1,train,Valid Claim
CLM-000813,CLM-000813_v2.jpg,2,train,Valid Claim
CLM-000946,CLM-000946_v1.png,1,train,Manual Review
CLM-000946,CLM-000946_v2.jpg,2,train,Manual Review
CLM-000068,CLM-000068_v1.png,1,train,Valid Claim
CLM-000068,CLM-000068_v2.jpg,2,train,Valid Claim
CLM-000272,CLM-000272_v1.png,1,train,Valid Claim
CLM-000272,CLM-000272_v2.jpg,2,train,Valid Claim
CLM-000081,CLM-000081_v1.png,1,train,Invalid Claim
CLM-000081,CLM-000081_v2.jpg,2,train,Invalid Claim
CLM-000888,CLM-000888_v1.png,1,train,Valid Claim
CLM-000888,CLM-000888_v2.jpg,2,train,Valid Claim
CLM-000045,CLM-000045_v1.png,1,train,Invalid Claim
CLM-000045,CLM-000045_v2.jpg,2,train,Invalid Claim
CLM-000528,CLM-000528_v1.png,1,train,Valid Claim
CLM-000528,CLM-000528_v2.jpg,2,train,Valid Claim
CLM-000210,CLM-000210_v1.png,1,train,Valid Claim
CLM-000210,CLM-000210_v2.jpg,2,train,Valid Claim
CLM-000663,CLM-000663_v1.png,1,train,Valid Claim
CLM-000663,CLM-000663_v2.jpg,2,train,Valid Claim
CLM-000332,CLM-000332_v1.png,1,train,Invalid Claim
CLM-000332,CLM-000332_v2.jpg,2,train,Invalid Claim
CLM-000295,CLM-000295_v1.png,1,train,Invalid Claim
CLM-000295,CLM-000295_v2.jpg,2,train,Invalid Claim
CLM-000994,CLM-000994_v1.png,1,train,Valid Claim
CLM-000994,CLM-000994_v2.jpg,2,train,Valid Claim
CLM-000966,CLM-000966_v1.png,1,train,Valid Claim
CLM-000966,CLM-000966_v2.jpg,2,train,Valid Claim
CLM-000617,CLM-000617_v1.png,1,train,Manual Review
CLM-000617,CLM-000617_v2.jpg,2,train,Manual Review
CLM-000611,CLM-000611_v1.png,1,train,Valid Claim
CLM-000611,CLM-000611_v2.jpg,2,train,Valid Claim
CLM-000423,CLM-000423_v1.png,1,train,Manual Review
CLM-000423,CLM-000423_v2.jpg,2,train,Manual Review
CLM-000580,CLM-000580_v1.png,1,train,Invalid Claim
CLM-000580,CLM-000580_v2.jpg,2,train,Invalid Claim
CLM-000744,CLM-000744_v1.png,1,train,Valid Claim
CLM-000744,CLM-000744_v2.jpg,2,train,Valid Claim
CLM-000894,CLM-000894_v1.png,1,train,Manual Review
CLM-000894,CLM-000894_v2.jpg,2,train,Manual Review
CLM-000159,CLM-000159_v1.png,1,train,Valid Claim
CLM-000159,CLM-000159_v2.jpg,2,train,Valid Claim
CLM-000743,CLM-000743_v1.png,1,train,Invalid Claim
CLM-000743,CLM-000743_v2.jpg,2,train,Invalid Claim
CLM-000160,CLM-000160_v1.png,1,train,Valid Claim
CLM-000160,CLM-000160_v2.jpg,2,train,Valid Claim
CLM-000197,CLM-000197_v1.png,1,train,Valid Claim
CLM-000197,CLM-000197_v2.jpg,2,train,Valid Claim
CLM-000362,CLM-000362_v1.png,1,train,Manual Review
CLM-000362,CLM-000362_v2.jpg,2,train,Manual Review
CLM-000717,CLM-000717_v1.png,1,train,Manual Review
CLM-000717,CLM-000717_v2.jpg,2,train,Manual Review
CLM-000410,CLM-000410_v1.png,1,train,Manual Review
CLM-000410,CLM-000410_v2.jpg,2,train,Manual Review
CLM-001004,CLM-001004_v1.png,1,train,Invalid Claim
CLM-001004,CLM-001004_v2.jpg,2,train,Invalid Claim
CLM-000496,CLM-000496_v1.png,1,train,Invalid Claim
CLM-000496,CLM-000496_v2.jpg,2,train,Invalid Claim
CLM-000653,CLM-000653_v1.png,1,train,Manual Review
CLM-000653,CLM-000653_v2.jpg,2,train,Manual Review
CLM-001036,CLM-001036_v1.png,1,train,Valid Claim
CLM-001036,CLM-001036_v2.jpg,2,train,Valid Claim
CLM-000089,CLM-000089_v1.png,1,train,Manual Review
CLM-000089,CLM-000089_v2.jpg,2,train,Manual Review
CLM-000011,CLM-000011_v1.png,1,train,Manual Review
CLM-000011,CLM-000011_v2.jpg,2,train,Manual Review
CLM-000873,CLM-000873_v1.png,1,train,Valid Claim
CLM-000873,CLM-000873_v2.jpg,2,train,Valid Claim
CLM-001077,CLM-001077_v1.png,1,train,Valid Claim
CLM-001077,CLM-001077_v2.jpg,2,train,Valid Claim
CLM-000050,CLM-000050_v1.png,1,train,Valid Claim
CLM-000050,CLM-000050_v2.jpg,2,train,Valid Claim
CLM-000101,CLM-000101_v1.png,1,train,Valid Claim
CLM-000101,CLM-000101_v2.jpg,2,train,Valid Claim
CLM-000477,CLM-000477_v1.png,1,train,Manual Review
CLM-000477,CLM-000477_v2.jpg,2,train,Manual Review
CLM-000614,CLM-000614_v1.png,1,train,Manual Review
CLM-000614,CLM-000614_v2.jpg,2,train,Manual Review
CLM-000552,CLM-000552_v1.png,1,train,Valid Claim
CLM-000552,CLM-000552_v2.jpg,2,train,Valid Claim
CLM-000226,CLM-000226_v1.png,1,train,Invalid Claim
CLM-000226,CLM-000226_v2.jpg,2,train,Invalid Claim
CLM-000830,CLM-000830_v1.png,1,train,Manual Review
CLM-000830,CLM-000830_v2.jpg,2,train,Manual Review
CLM-000629,CLM-000629_v1.png,1,train,Manual Review
CLM-000629,CLM-000629_v2.jpg,2,train,Manual Review
CLM-000472,CLM-000472_v1.png,1,train,Valid Claim
CLM-000472,CLM-000472_v2.jpg,2,train,Valid Claim
CLM-000602,CLM-000602_v1.png,1,train,Valid Claim
CLM-000602,CLM-000602_v2.jpg,2,train,Valid Claim
CLM-000207,CLM-000207_v1.png,1,train,Invalid Claim
CLM-000207,CLM-000207_v2.jpg,2,train,Invalid Claim
CLM-000659,CLM-000659_v1.png,1,train,Manual Review
CLM-000659,CLM-000659_v2.jpg,2,train,Manual Review
CLM-000908,CLM-000908_v1.png,1,train,Invalid Claim
CLM-000908,CLM-000908_v2.jpg,2,train,Invalid Claim
CLM-000092,CLM-000092_v1.png,1,train,Invalid Claim
CLM-000092,CLM-000092_v2.jpg,2,train,Invalid Claim
CLM-000770,CLM-000770_v1.png,1,train,Invalid Claim
CLM-000770,CLM-000770_v2.jpg,2,train,Invalid Claim
CLM-000660,CLM-000660_v1.png,1,train,Valid Claim
CLM-000660,CLM-000660_v2.jpg,2,train,Valid Claim
CLM-000300,CLM-000300_v1.png,1,train,Valid Claim
CLM-000300,CLM-000300_v2.jpg,2,train,Valid Claim
CLM-000880,CLM-000880_v1.png,1,train,Valid Claim
CLM-000880,CLM-000880_v2.jpg,2,train,Valid Claim
CLM-000620,CLM-000620_v1.png,1,train,Manual Review
CLM-000620,CLM-000620_v2.jpg,2,train,Manual Review
CLM-001054,CLM-001054_v1.png,1,train,Valid Claim
CLM-001054,CLM-001054_v2.jpg,2,train,Valid Claim
CLM-000886,CLM-000886_v1.png,1,train,Manual Review
CLM-000886,CLM-000886_v2.jpg,2,train,Manual Review
CLM-000200,CLM-000200_v1.png,1,train,Valid Claim
CLM-000200,CLM-000200_v2.jpg,2,train,Valid Claim
CLM-000240,CLM-000240_v1.png,1,train,Invalid Claim
CLM-000240,CLM-000240_v2.jpg,2,train,Invalid Claim
CLM-000898,CLM-000898_v1.png,1,train,Valid Claim
CLM-000898,CLM-000898_v2.jpg,2,train,Valid Claim
CLM-000911,CLM-000911_v1.png,1,train,Valid Claim
CLM-000911,CLM-000911_v2.jpg,2,train,Valid Claim
CLM-000910,CLM-000910_v1.png,1,train,Invalid Claim
CLM-000910,CLM-000910_v2.jpg,2,train,Invalid Claim
CLM-000856,CLM-000856_v1.png,1,train,Manual Review
CLM-000856,CLM-000856_v2.jpg,2,train,Manual Review
CLM-000612,CLM-000612_v1.png,1,train,Manual Review
CLM-000612,CLM-000612_v2.jpg,2,train,Manual Review
CLM-000855,CLM-000855_v1.png,1,train,Invalid Claim
CLM-000855,CLM-000855_v2.jpg,2,train,Invalid Claim
CLM-000049,CLM-000049_v1.png,1,train,Invalid Claim
CLM-000049,CLM-000049_v2.jpg,2,train,Invalid Claim
CLM-000249,CLM-000249_v1.png,1,train,Manual Review
CLM-000249,CLM-000249_v2.jpg,2,train,Manual Review
CLM-000348,CLM-000348_v1.png,1,train,Valid Claim
CLM-000348,CLM-000348_v2.jpg,2,train,Valid Claim
CLM-000434,CLM-000434_v1.png,1,train,Invalid Claim
CLM-000434,CLM-000434_v2.jpg,2,train,Invalid Claim
CLM-000695,CLM-000695_v1.png,1,train,Manual Review
CLM-000695,CLM-000695_v2.jpg,2,train,Manual Review
CLM-000415,CLM-000415_v1.png,1,train,Valid Claim
CLM-000415,CLM-000415_v2.jpg,2,train,Valid Claim
CLM-000117,CLM-000117_v1.png,1,train,Invalid Claim
CLM-000117,CLM-000117_v2.jpg,2,train,Invalid Claim
CLM-000846,CLM-000846_v1.png,1,train,Invalid Claim
CLM-000846,CLM-000846_v2.jpg,2,train,Invalid Claim
CLM-001006,CLM-001006_v1.png,1,train,Invalid Claim
CLM-001006,CLM-001006_v2.jpg,2,train,Invalid Claim
CLM-000523,CLM-000523_v1.png,1,train,Invalid Claim
CLM-000523,CLM-000523_v2.jpg,2,train,Invalid Claim
CLM-000802,CLM-000802_v1.png,1,train,Manual Review
CLM-000802,CLM-000802_v2.jpg,2,train,Manual Review
CLM-000010,CLM-000010_v1.png,1,train,Manual Review
CLM-000010,CLM-000010_v2.jpg,2,train,Manual Review
CLM-001023,CLM-001023_v1.png,1,train,Invalid Claim
CLM-001023,CLM-001023_v2.jpg,2,train,Invalid Claim
CLM-000535,CLM-000535_v1.png,1,train,Invalid Claim
CLM-000535,CLM-000535_v2.jpg,2,train,Invalid Claim
CLM-000751,CLM-000751_v1.png,1,train,Manual Review
CLM-000751,CLM-000751_v2.jpg,2,train,Manual Review
CLM-000749,CLM-000749_v1.png,1,train,Manual Review
CLM-000749,CLM-000749_v2.jpg,2,train,Manual Review
CLM-000865,CLM-000865_v1.png,1,train,Manual Review
CLM-000865,CLM-000865_v2.jpg,2,train,Manual Review
CLM-000245,CLM-000245_v1.png,1,train,Invalid Claim
CLM-000245,CLM-000245_v2.jpg,2,train,Invalid Claim
CLM-000202,CLM-000202_v1.png,1,train,Valid Claim
CLM-000202,CLM-000202_v2.jpg,2,train,Valid Claim
CLM-000002,CLM-000002_v1.png,1,train,Invalid Claim
CLM-000002,CLM-000002_v2.jpg,2,train,Invalid Claim
CLM-000072,CLM-000072_v1.png,1,train,Invalid Claim
CLM-000072,CLM-000072_v2.jpg,2,train,Invalid Claim
CLM-000223,CLM-000223_v1.png,1,train,Invalid Claim
CLM-000223,CLM-000223_v2.jpg,2,train,Invalid Claim
CLM-000974,CLM-000974_v1.png,1,train,Invalid Claim
CLM-000974,CLM-000974_v2.jpg,2,train,Invalid Claim
CLM-001001,CLM-001001_v1.png,1,train,Valid Claim
CLM-001001,CLM-001001_v2.jpg,2,train,Valid Claim
CLM-000724,CLM-000724_v1.png,1,train,Manual Review
CLM-000724,CLM-000724_v2.jpg,2,train,Manual Review
CLM-000140,CLM-000140_v1.png,1,train,Manual Review
CLM-000140,CLM-000140_v2.jpg,2,train,Manual Review
CLM-000129,CLM-000129_v1.png,1,train,Invalid Claim
CLM-000129,CLM-000129_v2.jpg,2,train,Invalid Claim
CLM-000714,CLM-000714_v1.png,1,train,Valid Claim
CLM-000714,CLM-000714_v2.jpg,2,train,Valid Claim
CLM-000621,CLM-000621_v1.png,1,train,Invalid Claim
CLM-000621,CLM-000621_v2.jpg,2,train,Invalid Claim
CLM-000745,CLM-000745_v1.png,1,train,Manual Review
CLM-000745,CLM-000745_v2.jpg,2,train,Manual Review
CLM-000220,CLM-000220_v1.png,1,train,Invalid Claim
CLM-000220,CLM-000220_v2.jpg,2,train,Invalid Claim
CLM-000007,CLM-000007_v1.png,1,train,Invalid Claim
CLM-000007,CLM-000007_v2.jpg,2,train,Invalid Claim
CLM-000163,CLM-000163_v1.png,1,train,Valid Claim
CLM-000163,CLM-000163_v2.jpg,2,train,Valid Claim
CLM-000144,CLM-000144_v1.png,1,train,Manual Review
CLM-000144,CLM-000144_v2.jpg,2,train,Manual Review
CLM-000248,CLM-000248_v1.png,1,train,Manual Review
CLM-000248,CLM-000248_v2.jpg,2,train,Manual Review
CLM-000836,CLM-000836_v1.png,1,train,Valid Claim
CLM-000836,CLM-000836_v2.jpg,2,train,Valid Claim
CLM-000293,CLM-000293_v1.png,1,train,Valid Claim
CLM-000293,CLM-000293_v2.jpg,2,train,Valid Claim
CLM-000689,CLM-000689_v1.png,1,train,Manual Review
CLM-000689,CLM-000689_v2.jpg,2,train,Manual Review
CLM-000244,CLM-000244_v1.png,1,train,Manual Review
CLM-000244,CLM-000244_v2.jpg,2,train,Manual Review
CLM-000547,CLM-000547_v1.png,1,train,Invalid Claim
CLM-000547,CLM-000547_v2.jpg,2,train,Invalid Claim
CLM-000874,CLM-000874_v1.png,1,train,Invalid Claim
CLM-000874,CLM-000874_v2.jpg,2,train,Invalid Claim
CLM-000847,CLM-000847_v1.png,1,train,Valid Claim
CLM-000847,CLM-000847_v2.jpg,2,train,Valid Claim
CLM-000918,CLM-000918_v1.png,1,train,Manual Review
CLM-000918,CLM-000918_v2.jpg,2,train,Manual Review
CLM-000970,CLM-000970_v1.png,1,train,Manual Review
CLM-000970,CLM-000970_v2.jpg,2,train,Manual Review
CLM-001035,CLM-001035_v1.png,1,train,Valid Claim
CLM-001035,CLM-001035_v2.jpg,2,train,Valid Claim
CLM-000233,CLM-000233_v1.png,1,train,Invalid Claim
CLM-000233,CLM-000233_v2.jpg,2,train,Invalid Claim
CLM-000152,CLM-000152_v1.png,1,train,Manual Review
CLM-000152,CLM-000152_v2.jpg,2,train,Manual Review
CLM-000906,CLM-000906_v1.png,1,train,Invalid Claim
CLM-000906,CLM-000906_v2.jpg,2,train,Invalid Claim
CLM-000960,CLM-000960_v1.png,1,train,Valid Claim
CLM-000960,CLM-000960_v2.jpg,2,train,Valid Claim
CLM-000389,CLM-000389_v1.png,1,train,Invalid Claim
CLM-000389,CLM-000389_v2.jpg,2,train,Invalid Claim
CLM-000565,CLM-000565_v1.png,1,train,Valid Claim
CLM-000565,CLM-000565_v2.jpg,2,train,Valid Claim
CLM-000397,CLM-000397_v1.png,1,train,Valid Claim
CLM-000397,CLM-000397_v2.jpg,2,train,Valid Claim
CLM-000897,CLM-000897_v1.png,1,train,Manual Review
CLM-000897,CLM-000897_v2.jpg,2,train,Manual Review
CLM-000388,CLM-000388_v1.png,1,train,Manual Review
CLM-000388,CLM-000388_v2.jpg,2,train,Manual Review
CLM-000474,CLM-000474_v1.png,1,train,Manual Review
CLM-000474,CLM-000474_v2.jpg,2,train,Manual Review
CLM-000784,CLM-000784_v1.png,1,train,Manual Review
CLM-000784,CLM-000784_v2.jpg,2,train,Manual Review
CLM-000571,CLM-000571_v1.png,1,train,Invalid Claim
CLM-000571,CLM-000571_v2.jpg,2,train,Invalid Claim
CLM-000691,CLM-000691_v1.png,1,train,Manual Review
CLM-000691,CLM-000691_v2.jpg,2,train,Manual Review
CLM-000458,CLM-000458_v1.png,1,train,Manual Review
CLM-000458,CLM-000458_v2.jpg,2,train,Manual Review
CLM-000454,CLM-000454_v1.png,1,train,Valid Claim
CLM-000454,CLM-000454_v2.jpg,2,train,Valid Claim
CLM-000324,CLM-000324_v1.png,1,train,Invalid Claim
CLM-000324,CLM-000324_v2.jpg,2,train,Invalid Claim
CLM-000683,CLM-000683_v1.png,1,train,Manual Review
CLM-000683,CLM-000683_v2.jpg,2,train,Manual Review
CLM-000170,CLM-000170_v1.png,1,train,Invalid Claim
CLM-000170,CLM-000170_v2.jpg,2,train,Invalid Claim
CLM-000540,CLM-000540_v1.png,1,train,Invalid Claim
CLM-000540,CLM-000540_v2.jpg,2,train,Invalid Claim
CLM-000967,CLM-000967_v1.png,1,train,Manual Review
CLM-000967,CLM-000967_v2.jpg,2,train,Manual Review
CLM-000030,CLM-000030_v1.png,1,train,Invalid Claim
CLM-000030,CLM-000030_v2.jpg,2,train,Invalid Claim
CLM-000807,CLM-000807_v1.png,1,train,Valid Claim
CLM-000807,CLM-000807_v2.jpg,2,train,Valid Claim
CLM-000493,CLM-000493_v1.png,1,train,Valid Claim
CLM-000493,CLM-000493_v2.jpg,2,train,Valid Claim
CLM-000934,CLM-000934_v1.png,1,train,Valid Claim
CLM-000934,CLM-000934_v2.jpg,2,train,Valid Claim
CLM-000631,CLM-000631_v1.png,1,train,Invalid Claim
CLM-000631,CLM-000631_v2.jpg,2,train,Invalid Claim
CLM-000969,CLM-000969_v1.png,1,train,Manual Review
CLM-000969,CLM-000969_v2.jpg,2,train,Manual Review
CLM-000587,CLM-000587_v1.png,1,train,Invalid Claim
CLM-000587,CLM-000587_v2.jpg,2,train,Invalid Claim
CLM-000997,CLM-000997_v1.png,1,train,Valid Claim
CLM-000997,CLM-000997_v2.jpg,2,train,Valid Claim
CLM-000076,CLM-000076_v1.png,1,train,Invalid Claim
CLM-000076,CLM-000076_v2.jpg,2,train,Invalid Claim
CLM-000308,CLM-000308_v1.png,1,train,Manual Review
CLM-000308,CLM-000308_v2.jpg,2,train,Manual Review
CLM-001015,CLM-001015_v1.png,1,train,Manual Review
CLM-001015,CLM-001015_v2.jpg,2,train,Manual Review
CLM-000438,CLM-000438_v1.png,1,train,Invalid Claim
CLM-000438,CLM-000438_v2.jpg,2,train,Invalid Claim
CLM-000958,CLM-000958_v1.png,1,train,Valid Claim
CLM-000958,CLM-000958_v2.jpg,2,train,Valid Claim
CLM-000084,CLM-000084_v1.png,1,train,Invalid Claim
CLM-000084,CLM-000084_v2.jpg,2,train,Invalid Claim
CLM-000761,CLM-000761_v1.png,1,train,Manual Review
CLM-000761,CLM-000761_v2.jpg,2,train,Manual Review
CLM-000372,CLM-000372_v1.png,1,train,Manual Review
CLM-000372,CLM-000372_v2.jpg,2,train,Manual Review
CLM-000833,CLM-000833_v1.png,1,train,Valid Claim
CLM-000833,CLM-000833_v2.jpg,2,train,Valid Claim
CLM-000259,CLM-000259_v1.png,1,train,Valid Claim
CLM-000259,CLM-000259_v2.jpg,2,train,Valid Claim
CLM-000625,CLM-000625_v1.png,1,train,Valid Claim
CLM-000625,CLM-000625_v2.jpg,2,train,Valid Claim
CLM-000337,CLM-000337_v1.png,1,train,Invalid Claim
CLM-000337,CLM-000337_v2.jpg,2,train,Invalid Claim
CLM-000940,CLM-000940_v1.png,1,train,Manual Review
CLM-000940,CLM-000940_v2.jpg,2,train,Manual Review
CLM-000610,CLM-000610_v1.png,1,train,Valid Claim
CLM-000610,CLM-000610_v2.jpg,2,train,Valid Claim
CLM-000574,CLM-000574_v1.png,1,train,Manual Review
CLM-000574,CLM-000574_v2.jpg,2,train,Manual Review
CLM-000843,CLM-000843_v1.png,1,train,Invalid Claim
CLM-000843,CLM-000843_v2.jpg,2,train,Invalid Claim
CLM-000603,CLM-000603_v1.png,1,train,Invalid Claim
CLM-000603,CLM-000603_v2.jpg,2,train,Invalid Claim
CLM-000577,CLM-000577_v1.png,1,train,Invalid Claim
CLM-000577,CLM-000577_v2.jpg,2,train,Invalid Claim
CLM-000731,CLM-000731_v1.png,1,train,Manual Review
CLM-000731,CLM-000731_v2.jpg,2,train,Manual Review
CLM-000948,CLM-000948_v1.png,1,train,Manual Review
CLM-000948,CLM-000948_v2.jpg,2,train,Manual Review
CLM-000943,CLM-000943_v1.png,1,train,Valid Claim
CLM-000943,CLM-000943_v2.jpg,2,train,Valid Claim
CLM-000859,CLM-000859_v1.png,1,train,Manual Review
CLM-000859,CLM-000859_v2.jpg,2,train,Manual Review
CLM-000799,CLM-000799_v1.png,1,train,Invalid Claim
CLM-000799,CLM-000799_v2.jpg,2,train,Invalid Claim
CLM-000026,CLM-000026_v1.png,1,train,Manual Review
CLM-000026,CLM-000026_v2.jpg,2,train,Manual Review
CLM-000139,CLM-000139_v1.png,1,train,Invalid Claim
CLM-000139,CLM-000139_v2.jpg,2,train,Invalid Claim
CLM-000235,CLM-000235_v1.png,1,train,Valid Claim
CLM-000235,CLM-000235_v2.jpg,2,train,Valid Claim
CLM-000194,CLM-000194_v1.png,1,train,Valid Claim
CLM-000194,CLM-000194_v2.jpg,2,train,Valid Claim
CLM-000275,CLM-000275_v1.png,1,train,Valid Claim
CLM-000275,CLM-000275_v2.jpg,2,train,Valid Claim
CLM-000242,CLM-000242_v1.png,1,train,Valid Claim
CLM-000242,CLM-000242_v2.jpg,2,train,Valid Claim
CLM-000176,CLM-000176_v1.png,1,train,Valid Claim
CLM-000176,CLM-000176_v2.jpg,2,train,Valid Claim
CLM-000419,CLM-000419_v1.png,1,train,Manual Review
CLM-000419,CLM-000419_v2.jpg,2,train,Manual Review
CLM-000669,CLM-000669_v1.png,1,train,Manual Review
CLM-000669,CLM-000669_v2.jpg,2,train,Manual Review
CLM-000061,CLM-000061_v1.png,1,train,Valid Claim
CLM-000061,CLM-000061_v2.jpg,2,train,Valid Claim
CLM-000128,CLM-000128_v1.png,1,train,Manual Review
CLM-000128,CLM-000128_v2.jpg,2,train,Manual Review
CLM-000212,CLM-000212_v1.png,1,train,Manual Review
CLM-000212,CLM-000212_v2.jpg,2,train,Manual Review
CLM-000643,CLM-000643_v1.png,1,train,Invalid Claim
CLM-000643,CLM-000643_v2.jpg,2,train,Invalid Claim
CLM-000407,CLM-000407_v1.png,1,train,Invalid Claim
CLM-000407,CLM-000407_v2.jpg,2,train,Invalid Claim
CLM-000677,CLM-000677_v1.png,1,train,Valid Claim
CLM-000677,CLM-000677_v2.jpg,2,train,Valid Claim
CLM-000750,CLM-000750_v1.png,1,train,Invalid Claim
CLM-000750,CLM-000750_v2.jpg,2,train,Invalid Claim
CLM-000645,CLM-000645_v1.png,1,train,Valid Claim
CLM-000645,CLM-000645_v2.jpg,2,train,Valid Claim
CLM-001049,CLM-001049_v1.png,1,train,Valid Claim
CLM-001049,CLM-001049_v2.jpg,2,train,Valid Claim
CLM-000976,CLM-000976_v1.png,1,train,Manual Review
CLM-000976,CLM-000976_v2.jpg,2,train,Manual Review
CLM-000463,CLM-000463_v1.png,1,train,Manual Review
CLM-000463,CLM-000463_v2.jpg,2,train,Manual Review
CLM-000881,CLM-000881_v1.png,1,train,Invalid Claim
CLM-000881,CLM-000881_v2.jpg,2,train,Invalid Claim
CLM-000993,CLM-000993_v1.png,1,train,Invalid Claim
CLM-000993,CLM-000993_v2.jpg,2,train,Invalid Claim
CLM-000440,CLM-000440_v1.png,1,train,Valid Claim
CLM-000440,CLM-000440_v2.jpg,2,train,Valid Claim
CLM-000346,CLM-000346_v1.png,1,train,Valid Claim
CLM-000346,CLM-000346_v2.jpg,2,train,Valid Claim
CLM-000269,CLM-000269_v1.png,1,train,Manual Review
CLM-000269,CLM-000269_v2.jpg,2,train,Manual Review
CLM-000430,CLM-000430_v1.png,1,train,Valid Claim
CLM-000430,CLM-000430_v2.jpg,2,train,Valid Claim
CLM-000654,CLM-000654_v1.png,1,train,Invalid Claim
CLM-000654,CLM-000654_v2.jpg,2,train,Invalid Claim
CLM-000766,CLM-000766_v1.png,1,train,Valid Claim
CLM-000766,CLM-000766_v2.jpg,2,train,Valid Claim
CLM-000073,CLM-000073_v1.png,1,train,Valid Claim
CLM-000073,CLM-000073_v2.jpg,2,train,Valid Claim
CLM-000094,CLM-000094_v1.png,1,train,Valid Claim
CLM-000094,CLM-000094_v2.jpg,2,train,Valid Claim
CLM-000715,CLM-000715_v1.png,1,train,Manual Review
CLM-000715,CLM-000715_v2.jpg,2,train,Manual Review
CLM-000674,CLM-000674_v1.png,1,train,Manual Review
CLM-000674,CLM-000674_v2.jpg,2,train,Manual Review
CLM-000757,CLM-000757_v1.png,1,train,Invalid Claim
CLM-000757,CLM-000757_v2.jpg,2,train,Invalid Claim
CLM-000815,CLM-000815_v1.png,1,train,Valid Claim
CLM-000815,CLM-000815_v2.jpg,2,train,Valid Claim
CLM-000525,CLM-000525_v1.png,1,train,Valid Claim
CLM-000525,CLM-000525_v2.jpg,2,train,Valid Claim
CLM-000555,CLM-000555_v1.png,1,train,Valid Claim
CLM-000555,CLM-000555_v2.jpg,2,train,Valid Claim
CLM-000703,CLM-000703_v1.png,1,train,Valid Claim
CLM-000703,CLM-000703_v2.jpg,2,train,Valid Claim
CLM-000287,CLM-000287_v1.png,1,train,Valid Claim
CLM-000287,CLM-000287_v2.jpg,2,train,Valid Claim
CLM-000319,CLM-000319_v1.png,1,train,Invalid Claim
CLM-000319,CLM-000319_v2.jpg,2,train,Invalid Claim
CLM-001075,CLM-001075_v1.png,1,train,Valid Claim
CLM-001075,CLM-001075_v2.jpg,2,train,Valid Claim
CLM-000755,CLM-000755_v1.png,1,train,Manual Review
CLM-000755,CLM-000755_v2.jpg,2,train,Manual Review
CLM-000390,CLM-000390_v1.png,1,train,Manual Review
CLM-000390,CLM-000390_v2.jpg,2,train,Manual Review
CLM-000357,CLM-000357_v1.png,1,train,Valid Claim
CLM-000357,CLM-000357_v2.jpg,2,train,Valid Claim
CLM-000594,CLM-000594_v1.png,1,train,Manual Review
CLM-000594,CLM-000594_v2.jpg,2,train,Manual Review
CLM-000431,CLM-000431_v1.png,1,train,Manual Review
CLM-000431,CLM-000431_v2.jpg,2,train,Manual Review
CLM-000774,CLM-000774_v1.png,1,train,Invalid Claim
CLM-000774,CLM-000774_v2.jpg,2,train,Invalid Claim
CLM-000099,CLM-000099_v1.png,1,train,Invalid Claim
CLM-000099,CLM-000099_v2.jpg,2,train,Invalid Claim
CLM-000478,CLM-000478_v1.png,1,train,Invalid Claim
CLM-000478,CLM-000478_v2.jpg,2,train,Invalid Claim
CLM-000196,CLM-000196_v1.png,1,train,Invalid Claim
CLM-000196,CLM-000196_v2.jpg,2,train,Invalid Claim
CLM-000507,CLM-000507_v1.png,1,train,Valid Claim
CLM-000507,CLM-000507_v2.jpg,2,train,Valid Claim
CLM-000605,CLM-000605_v1.png,1,train,Invalid Claim
CLM-000605,CLM-000605_v2.jpg,2,train,Invalid Claim
CLM-000790,CLM-000790_v1.png,1,train,Valid Claim
CLM-000790,CLM-000790_v2.jpg,2,train,Valid Claim
CLM-000968,CLM-000968_v1.png,1,train,Valid Claim
CLM-000968,CLM-000968_v2.jpg,2,train,Valid Claim
CLM-000803,CLM-000803_v1.png,1,train,Valid Claim
CLM-000803,CLM-000803_v2.jpg,2,train,Valid Claim
CLM-000190,CLM-000190_v1.png,1,train,Manual Review
CLM-000190,CLM-000190_v2.jpg,2,train,Manual Review
CLM-000963,CLM-000963_v1.png,1,train,Valid Claim
CLM-000963,CLM-000963_v2.jpg,2,train,Valid Claim
CLM-000195,CLM-000195_v1.png,1,train,Manual Review
CLM-000195,CLM-000195_v2.jpg,2,train,Manual Review
CLM-000567,CLM-000567_v1.png,1,train,Invalid Claim
CLM-000567,CLM-000567_v2.jpg,2,train,Invalid Claim
CLM-001018,CLM-001018_v1.png,1,train,Valid Claim
CLM-001018,CLM-001018_v2.jpg,2,train,Valid Claim
CLM-000022,CLM-000022_v1.png,1,train,Invalid Claim
CLM-000022,CLM-000022_v2.jpg,2,train,Invalid Claim
CLM-000900,CLM-000900_v1.png,1,train,Invalid Claim
CLM-000900,CLM-000900_v2.jpg,2,train,Invalid Claim
CLM-000122,CLM-000122_v1.png,1,train,Invalid Claim
CLM-000122,CLM-000122_v2.jpg,2,train,Invalid Claim
CLM-000931,CLM-000931_v1.png,1,train,Valid Claim
CLM-000931,CLM-000931_v2.jpg,2,train,Valid Claim
CLM-000692,CLM-000692_v1.png,1,train,Valid Claim
CLM-000692,CLM-000692_v2.jpg,2,train,Valid Claim
CLM-000313,CLM-000313_v1.png,1,train,Valid Claim
CLM-000313,CLM-000313_v2.jpg,2,train,Valid Claim
CLM-000816,CLM-000816_v1.png,1,train,Invalid Claim
CLM-000816,CLM-000816_v2.jpg,2,train,Invalid Claim
CLM-000599,CLM-000599_v1.png,1,train,Valid Claim
CLM-000599,CLM-000599_v2.jpg,2,train,Valid Claim
CLM-000260,CLM-000260_v1.png,1,train,Invalid Claim
CLM-000260,CLM-000260_v2.jpg,2,train,Invalid Claim
CLM-000570,CLM-000570_v1.png,1,train,Invalid Claim
CLM-000570,CLM-000570_v2.jpg,2,train,Invalid Claim
CLM-000867,CLM-000867_v1.png,1,train,Manual Review
CLM-000867,CLM-000867_v2.jpg,2,train,Manual Review
CLM-000522,CLM-000522_v1.png,1,train,Valid Claim
CLM-000522,CLM-000522_v2.jpg,2,train,Valid Claim
CLM-000817,CLM-000817_v1.png,1,train,Valid Claim
CLM-000817,CLM-000817_v2.jpg,2,train,Valid Claim
CLM-000291,CLM-000291_v1.png,1,train,Manual Review
CLM-000291,CLM-000291_v2.jpg,2,train,Manual Review
CLM-001002,CLM-001002_v1.png,1,train,Invalid Claim
CLM-001002,CLM-001002_v2.jpg,2,train,Invalid Claim
CLM-000017,CLM-000017_v1.png,1,train,Valid Claim
CLM-000017,CLM-000017_v2.jpg,2,train,Valid Claim
CLM-000429,CLM-000429_v1.png,1,train,Invalid Claim
CLM-000429,CLM-000429_v2.jpg,2,train,Invalid Claim
CLM-000457,CLM-000457_v1.png,1,train,Valid Claim
CLM-000457,CLM-000457_v2.jpg,2,train,Valid Claim
CLM-000756,CLM-000756_v1.png,1,train,Manual Review
CLM-000756,CLM-000756_v2.jpg,2,train,Manual Review
CLM-000215,CLM-000215_v1.png,1,train,Valid Claim
CLM-000215,CLM-000215_v2.jpg,2,train,Valid Claim
CLM-000949,CLM-000949_v1.png,1,train,Manual Review
CLM-000949,CLM-000949_v2.jpg,2,train,Manual Review
CLM-000515,CLM-000515_v1.png,1,train,Manual Review
CLM-000515,CLM-000515_v2.jpg,2,train,Manual Review
CLM-000794,CLM-000794_v1.png,1,train,Manual Review
CLM-000794,CLM-000794_v2.jpg,2,train,Manual Review
CLM-000444,CLM-000444_v1.png,1,train,Manual Review
CLM-000444,CLM-000444_v2.jpg,2,train,Manual Review
CLM-000280,CLM-000280_v1.png,1,train,Manual Review
CLM-000280,CLM-000280_v2.jpg,2,train,Manual Review
CLM-000341,CLM-000341_v1.png,1,train,Invalid Claim
CLM-000341,CLM-000341_v2.jpg,2,train,Invalid Claim
CLM-000352,CLM-000352_v1.png,1,train,Valid Claim
CLM-000352,CLM-000352_v2.jpg,2,train,Valid Claim
CLM-000827,CLM-000827_v1.png,1,train,Manual Review
CLM-000827,CLM-000827_v2.jpg,2,train,Manual Review
CLM-000228,CLM-000228_v1.png,1,train,Valid Claim
CLM-000228,CLM-000228_v2.jpg,2,train,Valid Claim
CLM-000839,CLM-000839_v1.png,1,train,Valid Claim
CLM-000839,CLM-000839_v2.jpg,2,train,Valid Claim
CLM-000985,CLM-000985_v1.png,1,train,Invalid Claim
CLM-000985,CLM-000985_v2.jpg,2,train,Invalid Claim
CLM-001082,CLM-001082_v1.png,1,train,Valid Claim
CLM-001082,CLM-001082_v2.jpg,2,train,Valid Claim
CLM-001021,CLM-001021_v1.png,1,train,Manual Review
CLM-001021,CLM-001021_v2.jpg,2,train,Manual Review
CLM-001009,CLM-001009_v1.png,1,train,Invalid Claim
CLM-001009,CLM-001009_v2.jpg,2,train,Invalid Claim
CLM-001066,CLM-001066_v1.png,1,train,Valid Claim
CLM-001066,CLM-001066_v2.jpg,2,train,Valid Claim
CLM-000317,CLM-000317_v1.png,1,train,Manual Review
CLM-000317,CLM-000317_v2.jpg,2,train,Manual Review
CLM-000913,CLM-000913_v1.png,1,train,Manual Review
CLM-000913,CLM-000913_v2.jpg,2,train,Manual Review
CLM-000841,CLM-000841_v1.png,1,train,Manual Review
CLM-000841,CLM-000841_v2.jpg,2,train,Manual Review
CLM-000590,CLM-000590_v1.png,1,train,Valid Claim
CLM-000590,CLM-000590_v2.jpg,2,train,Valid Claim
CLM-000490,CLM-000490_v1.png,1,train,Valid Claim
CLM-000490,CLM-000490_v2.jpg,2,train,Valid Claim
CLM-001012,CLM-001012_v1.png,1,train,Valid Claim
CLM-001012,CLM-001012_v2.jpg,2,train,Valid Claim
CLM-000071,CLM-000071_v1.png,1,train,Invalid Claim
CLM-000071,CLM-000071_v2.jpg,2,train,Invalid Claim
CLM-000878,CLM-000878_v1.png,1,train,Valid Claim
CLM-000878,CLM-000878_v2.jpg,2,train,Valid Claim
CLM-000725,CLM-000725_v1.png,1,train,Valid Claim
CLM-000725,CLM-000725_v2.jpg,2,train,Valid Claim
CLM-000684,CLM-000684_v1.png,1,train,Manual Review
CLM-000684,CLM-000684_v2.jpg,2,train,Manual Review
CLM-000301,CLM-000301_v1.png,1,train,Valid Claim
CLM-000301,CLM-000301_v2.jpg,2,train,Valid Claim
CLM-000592,CLM-000592_v1.png,1,train,Valid Claim
CLM-000592,CLM-000592_v2.jpg,2,train,Valid Claim
CLM-000021,CLM-000021_v1.png,1,train,Invalid Claim
CLM-000021,CLM-000021_v2.jpg,2,train,Invalid Claim
CLM-000696,CLM-000696_v1.png,1,train,Valid Claim
CLM-000696,CLM-000696_v2.jpg,2,train,Valid Claim
CLM-000488,CLM-000488_v1.png,1,train,Manual Review
CLM-000488,CLM-000488_v2.jpg,2,train,Manual Review
CLM-000917,CLM-000917_v1.png,1,train,Invalid Claim
CLM-000917,CLM-000917_v2.jpg,2,train,Invalid Claim
CLM-000564,CLM-000564_v1.png,1,train,Invalid Claim
CLM-000564,CLM-000564_v2.jpg,2,train,Invalid Claim
CLM-001003,CLM-001003_v1.png,1,train,Invalid Claim
CLM-001003,CLM-001003_v2.jpg,2,train,Invalid Claim
CLM-000029,CLM-000029_v1.png,1,train,Manual Review
CLM-000029,CLM-000029_v2.jpg,2,train,Manual Review
CLM-000206,CLM-000206_v1.png,1,train,Invalid Claim
CLM-000206,CLM-000206_v2.jpg,2,train,Invalid Claim
CLM-000367,CLM-000367_v1.png,1,train,Valid Claim
CLM-000367,CLM-000367_v2.jpg,2,train,Valid Claim
CLM-000107,CLM-000107_v1.png,1,train,Invalid Claim
CLM-000107,CLM-000107_v2.jpg,2,train,Invalid Claim
CLM-000414,CLM-000414_v1.png,1,train,Manual Review
CLM-000414,CLM-000414_v2.jpg,2,train,Manual Review
CLM-000650,CLM-000650_v1.png,1,train,Manual Review
CLM-000650,CLM-000650_v2.jpg,2,train,Manual Review
CLM-000511,CLM-000511_v1.png,1,train,Manual Review
CLM-000511,CLM-000511_v2.jpg,2,train,Manual Review
CLM-000036,CLM-000036_v1.png,1,train,Manual Review
CLM-000036,CLM-000036_v2.jpg,2,train,Manual Review
CLM-000866,CLM-000866_v1.png,1,train,Invalid Claim
CLM-000866,CLM-000866_v2.jpg,2,train,Invalid Claim
CLM-000773,CLM-000773_v1.png,1,train,Manual Review
CLM-000773,CLM-000773_v2.jpg,2,train,Manual Review
CLM-000514,CLM-000514_v1.png,1,train,Valid Claim
CLM-000514,CLM-000514_v2.jpg,2,train,Valid Claim
CLM-000263,CLM-000263_v1.png,1,train,Manual Review
CLM-000263,CLM-000263_v2.jpg,2,train,Manual Review
CLM-000644,CLM-000644_v1.png,1,train,Valid Claim
CLM-000644,CLM-000644_v2.jpg,2,train,Valid Claim
CLM-000850,CLM-000850_v1.png,1,train,Manual Review
CLM-000850,CLM-000850_v2.jpg,2,train,Manual Review
CLM-000027,CLM-000027_v1.png,1,train,Manual Review
CLM-000027,CLM-000027_v2.jpg,2,train,Manual Review
CLM-000149,CLM-000149_v1.png,1,train,Invalid Claim
CLM-000149,CLM-000149_v2.jpg,2,train,Invalid Claim
CLM-000086,CLM-000086_v1.png,1,train,Manual Review
CLM-000086,CLM-000086_v2.jpg,2,train,Manual Review
CLM-000870,CLM-000870_v1.png,1,train,Invalid Claim
CLM-000870,CLM-000870_v2.jpg,2,train,Invalid Claim
CLM-000191,CLM-000191_v1.png,1,train,Valid Claim
CLM-000191,CLM-000191_v2.jpg,2,train,Valid Claim
CLM-000403,CLM-000403_v1.png,1,train,Invalid Claim
CLM-000403,CLM-000403_v2.jpg,2,train,Invalid Claim
CLM-000069,CLM-000069_v1.png,1,train,Valid Claim
CLM-000069,CLM-000069_v2.jpg,2,train,Valid Claim
CLM-000978,CLM-000978_v1.png,1,train,Valid Claim
CLM-000978,CLM-000978_v2.jpg,2,train,Valid Claim
CLM-000187,CLM-000187_v1.png,1,train,Manual Review
CLM-000187,CLM-000187_v2.jpg,2,train,Manual Review
CLM-000360,CLM-000360_v1.png,1,train,Invalid Claim
CLM-000360,CLM-000360_v2.jpg,2,train,Invalid Claim
CLM-000371,CLM-000371_v1.png,1,train,Manual Review
CLM-000371,CLM-000371_v2.jpg,2,train,Manual Review
CLM-000889,CLM-000889_v1.png,1,train,Valid Claim
CLM-000889,CLM-000889_v2.jpg,2,train,Valid Claim
CLM-000066,CLM-000066_v1.png,1,train,Manual Review
CLM-000066,CLM-000066_v2.jpg,2,train,Manual Review
CLM-000380,CLM-000380_v1.png,1,train,Manual Review
CLM-000380,CLM-000380_v2.jpg,2,train,Manual Review
CLM-000989,CLM-000989_v1.png,1,train,Manual Review
CLM-000989,CLM-000989_v2.jpg,2,train,Manual Review
CLM-000145,CLM-000145_v1.png,1,train,Manual Review
CLM-000145,CLM-000145_v2.jpg,2,train,Manual Review
CLM-000904,CLM-000904_v1.png,1,train,Manual Review
CLM-000904,CLM-000904_v2.jpg,2,train,Manual Review
CLM-000739,CLM-000739_v1.png,1,train,Invalid Claim
CLM-000739,CLM-000739_v2.jpg,2,train,Invalid Claim
CLM-000283,CLM-000283_v1.png,1,train,Manual Review
CLM-000283,CLM-000283_v2.jpg,2,train,Manual Review
CLM-000658,CLM-000658_v1.png,1,train,Invalid Claim
CLM-000658,CLM-000658_v2.jpg,2,train,Invalid Claim
CLM-000899,CLM-000899_v1.png,1,train,Manual Review
CLM-000899,CLM-000899_v2.jpg,2,train,Manual Review
CLM-000268,CLM-000268_v1.png,1,train,Valid Claim
CLM-000268,CLM-000268_v2.jpg,2,train,Valid Claim
CLM-000710,CLM-000710_v1.png,1,train,Invalid Claim
CLM-000710,CLM-000710_v2.jpg,2,train,Invalid Claim
CLM-000138,CLM-000138_v1.png,1,train,Manual Review
CLM-000138,CLM-000138_v2.jpg,2,train,Manual Review
CLM-000891,CLM-000891_v1.png,1,train,Invalid Claim
CLM-000891,CLM-000891_v2.jpg,2,train,Invalid Claim
CLM-000947,CLM-000947_v1.png,1,train,Valid Claim
CLM-000947,CLM-000947_v2.jpg,2,train,Valid Claim
CLM-000753,CLM-000753_v1.png,1,train,Manual Review
CLM-000753,CLM-000753_v2.jpg,2,train,Manual Review
CLM-000326,CLM-000326_v1.png,1,train,Manual Review
CLM-000326,CLM-000326_v2.jpg,2,train,Manual Review
CLM-000406,CLM-000406_v1.png,1,train,Invalid Claim
CLM-000406,CLM-000406_v2.jpg,2,train,Invalid Claim
CLM-000887,CLM-000887_v1.png,1,train,Manual Review
CLM-000887,CLM-000887_v2.jpg,2,train,Manual Review
CLM-000657,CLM-000657_v1.png,1,train,Valid Claim
CLM-000657,CLM-000657_v2.jpg,2,train,Valid Claim
CLM-000627,CLM-000627_v1.png,1,train,Invalid Claim
CLM-000627,CLM-000627_v2.jpg,2,train,Invalid Claim
CLM-000032,CLM-000032_v1.png,1,train,Invalid Claim
CLM-000032,CLM-000032_v2.jpg,2,train,Invalid Claim
CLM-000983,CLM-000983_v1.png,1,train,Valid Claim
CLM-000983,CLM-000983_v2.jpg,2,train,Valid Claim
CLM-000441,CLM-000441_v1.png,1,train,Manual Review
CLM-000441,CLM-000441_v2.jpg,2,train,Manual Review
CLM-000930,CLM-000930_v1.png,1,train,Invalid Claim
CLM-000930,CLM-000930_v2.jpg,2,train,Invalid Claim
CLM-000461,CLM-000461_v1.png,1,train,Valid Claim
CLM-000461,CLM-000461_v2.jpg,2,train,Valid Claim
CLM-000077,CLM-000077_v1.png,1,train,Manual Review
CLM-000077,CLM-000077_v2.jpg,2,train,Manual Review
CLM-000879,CLM-000879_v1.png,1,train,Invalid Claim
CLM-000879,CLM-000879_v2.jpg,2,train,Invalid Claim
CLM-000087,CLM-000087_v1.png,1,train,Manual Review
CLM-000087,CLM-000087_v2.jpg,2,train,Manual Review
CLM-000110,CLM-000110_v1.png,1,train,Manual Review
CLM-000110,CLM-000110_v2.jpg,2,train,Manual Review
CLM-000182,CLM-000182_v1.png,1,train,Manual Review
CLM-000182,CLM-000182_v2.jpg,2,train,Manual Review
CLM-001008,CLM-001008_v1.png,1,train,Valid Claim
CLM-001008,CLM-001008_v2.jpg,2,train,Valid Claim
CLM-000321,CLM-000321_v1.png,1,train,Invalid Claim
CLM-000321,CLM-000321_v2.jpg,2,train,Invalid Claim
CLM-000877,CLM-000877_v1.png,1,train,Invalid Claim
CLM-000877,CLM-000877_v2.jpg,2,train,Invalid Claim
CLM-000508,CLM-000508_v1.png,1,train,Valid Claim
CLM-000508,CLM-000508_v2.jpg,2,train,Valid Claim
CLM-000464,CLM-000464_v1.png,1,train,Valid Claim
CLM-000464,CLM-000464_v2.jpg,2,train,Valid Claim
CLM-000219,CLM-000219_v1.png,1,train,Invalid Claim
CLM-000219,CLM-000219_v2.jpg,2,train,Invalid Claim
CLM-000598,CLM-000598_v1.png,1,train,Invalid Claim
CLM-000598,CLM-000598_v2.jpg,2,train,Invalid Claim
CLM-000340,CLM-000340_v1.png,1,train,Valid Claim
CLM-000340,CLM-000340_v2.jpg,2,train,Valid Claim
CLM-000347,CLM-000347_v1.png,1,train,Invalid Claim
CLM-000347,CLM-000347_v2.jpg,2,train,Invalid Claim
CLM-000549,CLM-000549_v1.png,1,train,Valid Claim
CLM-000549,CLM-000549_v2.jpg,2,train,Valid Claim
CLM-000481,CLM-000481_v1.png,1,train,Manual Review
CLM-000481,CLM-000481_v2.jpg,2,train,Manual Review
CLM-000819,CLM-000819_v1.png,1,train,Valid Claim
CLM-000819,CLM-000819_v2.jpg,2,train,Valid Claim
CLM-000171,CLM-000171_v1.png,1,train,Manual Review
CLM-000171,CLM-000171_v2.jpg,2,train,Manual Review
CLM-000558,CLM-000558_v1.png,1,train,Valid Claim
CLM-000558,CLM-000558_v2.jpg,2,train,Valid Claim
CLM-000738,CLM-000738_v1.png,1,train,Invalid Claim
CLM-000738,CLM-000738_v2.jpg,2,train,Invalid Claim
CLM-000480,CLM-000480_v1.png,1,train,Valid Claim
CLM-000480,CLM-000480_v2.jpg,2,train,Valid Claim
CLM-000719,CLM-000719_v1.png,1,train,Manual Review
CLM-000719,CLM-000719_v2.jpg,2,train,Manual Review
CLM-000037,CLM-000037_v1.png,1,train,Valid Claim
CLM-000037,CLM-000037_v2.jpg,2,train,Valid Claim
CLM-000812,CLM-000812_v1.png,1,train,Valid Claim
CLM-000812,CLM-000812_v2.jpg,2,train,Valid Claim
CLM-000543,CLM-000543_v1.png,1,train,Manual Review
CLM-000543,CLM-000543_v2.jpg,2,train,Manual Review
CLM-000916,CLM-000916_v1.png,1,train,Manual Review
CLM-000916,CLM-000916_v2.jpg,2,train,Manual Review
CLM-000383,CLM-000383_v1.png,1,train,Manual Review
CLM-000383,CLM-000383_v2.jpg,2,train,Manual Review
CLM-000286,CLM-000286_v1.png,1,train,Valid Claim
CLM-000286,CLM-000286_v2.jpg,2,train,Valid Claim
CLM-000498,CLM-000498_v1.png,1,train,Valid Claim
CLM-000498,CLM-000498_v2.jpg,2,train,Valid Claim
CLM-000578,CLM-000578_v1.png,1,train,Valid Claim
CLM-000578,CLM-000578_v2.jpg,2,train,Valid Claim
CLM-001000,CLM-001000_v1.png,1,train,Valid Claim
CLM-001000,CLM-001000_v2.jpg,2,train,Valid Claim
CLM-000134,CLM-000134_v1.png,1,train,Manual Review
CLM-000134,CLM-000134_v2.jpg,2,train,Manual Review
CLM-001007,CLM-001007_v1.png,1,train,Manual Review
CLM-001007,CLM-001007_v2.jpg,2,train,Manual Review
CLM-000965,CLM-000965_v1.png,1,train,Valid Claim
CLM-000965,CLM-000965_v2.jpg,2,train,Valid Claim
CLM-000583,CLM-000583_v1.png,1,train,Manual Review
CLM-000583,CLM-000583_v2.jpg,2,train,Manual Review
CLM-000366,CLM-000366_v1.png,1,train,Manual Review
CLM-000366,CLM-000366_v2.jpg,2,train,Manual Review
CLM-000849,CLM-000849_v1.png,1,train,Invalid Claim
CLM-000849,CLM-000849_v2.jpg,2,train,Invalid Claim
CLM-000001,CLM-000001_v1.png,1,train,Invalid Claim
CLM-000001,CLM-000001_v2.jpg,2,train,Invalid Claim
CLM-000375,CLM-000375_v1.png,1,train,Invalid Claim
CLM-000375,CLM-000375_v2.jpg,2,train,Invalid Claim
CLM-000506,CLM-000506_v1.png,1,train,Valid Claim
CLM-000506,CLM-000506_v2.jpg,2,train,Valid Claim
CLM-000192,CLM-000192_v1.png,1,train,Valid Claim
CLM-000192,CLM-000192_v2.jpg,2,train,Valid Claim
CLM-000113,CLM-000113_v1.png,1,train,Invalid Claim
CLM-000113,CLM-000113_v2.jpg,2,train,Invalid Claim
CLM-000789,CLM-000789_v1.png,1,train,Manual Review
CLM-000789,CLM-000789_v2.jpg,2,train,Manual Review
CLM-000896,CLM-000896_v1.png,1,train,Manual Review
CLM-000896,CLM-000896_v2.jpg,2,train,Manual Review
CLM-000470,CLM-000470_v1.png,1,train,Invalid Claim
CLM-000470,CLM-000470_v2.jpg,2,train,Invalid Claim
CLM-000780,CLM-000780_v1.png,1,train,Valid Claim
CLM-000780,CLM-000780_v2.jpg,2,train,Valid Claim
CLM-000307,CLM-000307_v1.png,1,train,Invalid Claim
CLM-000307,CLM-000307_v2.jpg,2,train,Invalid Claim
CLM-000517,CLM-000517_v1.png,1,train,Invalid Claim
CLM-000517,CLM-000517_v2.jpg,2,train,Invalid Claim
CLM-001010,CLM-001010_v1.png,1,train,Valid Claim
CLM-001010,CLM-001010_v2.jpg,2,train,Valid Claim
CLM-000154,CLM-000154_v1.png,1,train,Valid Claim
CLM-000154,CLM-000154_v2.jpg,2,train,Valid Claim
CLM-000401,CLM-000401_v1.png,1,train,Valid Claim
CLM-000401,CLM-000401_v2.jpg,2,train,Valid Claim
CLM-000265,CLM-000265_v1.png,1,train,Valid Claim
CLM-000265,CLM-000265_v2.jpg,2,train,Valid Claim
CLM-000709,CLM-000709_v1.png,1,train,Manual Review
CLM-000709,CLM-000709_v2.jpg,2,train,Manual Review
CLM-000057,CLM-000057_v1.png,1,train,Manual Review
CLM-000057,CLM-000057_v2.jpg,2,train,Manual Review
CLM-000796,CLM-000796_v1.png,1,train,Manual Review
CLM-000796,CLM-000796_v2.jpg,2,train,Manual Review
CLM-000707,CLM-000707_v1.png,1,train,Valid Claim
CLM-000707,CLM-000707_v2.jpg,2,train,Valid Claim
CLM-000363,CLM-000363_v1.png,1,train,Invalid Claim
CLM-000363,CLM-000363_v2.jpg,2,train,Invalid Claim
CLM-000437,CLM-000437_v1.png,1,train,Invalid Claim
CLM-000437,CLM-000437_v2.jpg,2,train,Invalid Claim
CLM-000462,CLM-000462_v1.png,1,train,Valid Claim
CLM-000462,CLM-000462_v2.jpg,2,train,Valid Claim
CLM-000328,CLM-000328_v1.png,1,train,Valid Claim
CLM-000328,CLM-000328_v2.jpg,2,train,Valid Claim
CLM-000205,CLM-000205_v1.png,1,train,Valid Claim
CLM-000205,CLM-000205_v2.jpg,2,train,Valid Claim
CLM-000374,CLM-000374_v1.png,1,train,Invalid Claim
CLM-000374,CLM-000374_v2.jpg,2,train,Invalid Claim
CLM-000132,CLM-000132_v1.png,1,train,Manual Review
CLM-000132,CLM-000132_v2.jpg,2,train,Manual Review
CLM-000166,CLM-000166_v1.png,1,train,Invalid Claim
CLM-000166,CLM-000166_v2.jpg,2,train,Invalid Claim
CLM-000482,CLM-000482_v1.png,1,train,Manual Review
CLM-000482,CLM-000482_v2.jpg,2,train,Manual Review
CLM-000468,CLM-000468_v1.png,1,train,Manual Review
CLM-000468,CLM-000468_v2.jpg,2,train,Manual Review
CLM-000595,CLM-000595_v1.png,1,train,Valid Claim
CLM-000595,CLM-000595_v2.jpg,2,train,Valid Claim
CLM-000513,CLM-000513_v1.png,1,train,Manual Review
CLM-000513,CLM-000513_v2.jpg,2,train,Manual Review
CLM-000575,CLM-000575_v1.png,1,train,Valid Claim
CLM-000575,CLM-000575_v2.jpg,2,train,Valid Claim
CLM-000787,CLM-000787_v1.png,1,train,Valid Claim
CLM-000787,CLM-000787_v2.jpg,2,train,Valid Claim
CLM-000982,CLM-000982_v1.png,1,train,Invalid Claim
CLM-000982,CLM-000982_v2.jpg,2,train,Invalid Claim
CLM-000018,CLM-000018_v1.png,1,train,Invalid Claim
CLM-000018,CLM-000018_v2.jpg,2,train,Invalid Claim
CLM-000711,CLM-000711_v1.png,1,train,Invalid Claim
CLM-000711,CLM-000711_v2.jpg,2,train,Invalid Claim
CLM-000546,CLM-000546_v1.png,1,train,Invalid Claim
CLM-000546,CLM-000546_v2.jpg,2,train,Invalid Claim
CLM-000178,CLM-000178_v1.png,1,train,Valid Claim
CLM-000178,CLM-000178_v2.jpg,2,train,Valid Claim
CLM-000428,CLM-000428_v1.png,1,train,Invalid Claim
CLM-000428,CLM-000428_v2.jpg,2,train,Invalid Claim
CLM-000179,CLM-000179_v1.png,1,train,Valid Claim
CLM-000179,CLM-000179_v2.jpg,2,train,Valid Claim
CLM-000058,CLM-000058_v1.png,1,train,Manual Review
CLM-000058,CLM-000058_v2.jpg,2,train,Manual Review
CLM-000294,CLM-000294_v1.png,1,train,Valid Claim
CLM-000294,CLM-000294_v2.jpg,2,train,Valid Claim
CLM-000369,CLM-000369_v1.png,1,train,Manual Review
CLM-000369,CLM-000369_v2.jpg,2,train,Manual Review
CLM-000720,CLM-000720_v1.png,1,train,Valid Claim
CLM-000720,CLM-000720_v2.jpg,2,train,Valid Claim
CLM-000591,CLM-000591_v1.png,1,train,Manual Review
CLM-000591,CLM-000591_v2.jpg,2,train,Manual Review
CLM-000526,CLM-000526_v1.png,1,train,Invalid Claim
CLM-000526,CLM-000526_v2.jpg,2,train,Invalid Claim
CLM-000384,CLM-000384_v1.png,1,train,Valid Claim
CLM-000384,CLM-000384_v2.jpg,2,train,Valid Claim
CLM-000285,CLM-000285_v1.png,1,train,Invalid Claim
CLM-000285,CLM-000285_v2.jpg,2,train,Invalid Claim
CLM-001063,CLM-001063_v1.png,1,train,Valid Claim
CLM-001063,CLM-001063_v2.jpg,2,train,Valid Claim
CLM-000224,CLM-000224_v1.png,1,train,Invalid Claim
CLM-000224,CLM-000224_v2.jpg,2,train,Invalid Claim
CLM-000622,CLM-000622_v1.png,1,train,Valid Claim
CLM-000622,CLM-000622_v2.jpg,2,train,Valid Claim
CLM-000781,CLM-000781_v1.png,1,train,Manual Review
CLM-000781,CLM-000781_v2.jpg,2,train,Manual Review
CLM-000344,CLM-000344_v1.png,1,train,Valid Claim
CLM-000344,CLM-000344_v2.jpg,2,train,Valid Claim
CLM-000759,CLM-000759_v1.png,1,train,Valid Claim
CLM-000759,CLM-000759_v2.jpg,2,train,Valid Claim
CLM-000676,CLM-000676_v1.png,1,train,Invalid Claim
CLM-000676,CLM-000676_v2.jpg,2,train,Invalid Claim
CLM-000492,CLM-000492_v1.png,1,train,Invalid Claim
CLM-000492,CLM-000492_v2.jpg,2,train,Invalid Claim
CLM-000890,CLM-000890_v1.png,1,train,Valid Claim
CLM-000890,CLM-000890_v2.jpg,2,train,Valid Claim
CLM-000395,CLM-000395_v1.png,1,train,Manual Review
CLM-000395,CLM-000395_v2.jpg,2,train,Manual Review
CLM-000914,CLM-000914_v1.png,1,train,Valid Claim
CLM-000914,CLM-000914_v2.jpg,2,train,Valid Claim
CLM-000851,CLM-000851_v1.png,1,train,Invalid Claim
CLM-000851,CLM-000851_v2.jpg,2,train,Invalid Claim
CLM-000518,CLM-000518_v1.png,1,train,Invalid Claim
CLM-000518,CLM-000518_v2.jpg,2,train,Invalid Claim
CLM-000742,CLM-000742_v1.png,1,train,Valid Claim
CLM-000742,CLM-000742_v2.jpg,2,train,Valid Claim
CLM-000938,CLM-000938_v1.png,1,train,Manual Review
CLM-000938,CLM-000938_v2.jpg,2,train,Manual Review
CLM-000705,CLM-000705_v1.png,1,train,Manual Review
CLM-000705,CLM-000705_v2.jpg,2,train,Manual Review
CLM-000148,CLM-000148_v1.png,1,train,Invalid Claim
CLM-000148,CLM-000148_v2.jpg,2,train,Invalid Claim
CLM-000835,CLM-000835_v1.png,1,train,Manual Review
CLM-000835,CLM-000835_v2.jpg,2,train,Manual Review
CLM-000302,CLM-000302_v1.png,1,train,Valid Claim
CLM-000302,CLM-000302_v2.jpg,2,train,Valid Claim
CLM-000630,CLM-000630_v1.png,1,train,Valid Claim
CLM-000630,CLM-000630_v2.jpg,2,train,Valid Claim
CLM-000198,CLM-000198_v1.png,1,train,Invalid Claim
CLM-000198,CLM-000198_v2.jpg,2,train,Invalid Claim
CLM-000544,CLM-000544_v1.png,1,train,Manual Review
CLM-000544,CLM-000544_v2.jpg,2,train,Manual Review
CLM-000487,CLM-000487_v1.png,1,train,Invalid Claim
CLM-000487,CLM-000487_v2.jpg,2,train,Invalid Claim
CLM-000924,CLM-000924_v1.png,1,train,Invalid Claim
CLM-000924,CLM-000924_v2.jpg,2,train,Invalid Claim
CLM-000173,CLM-000173_v1.png,1,train,Manual Review
CLM-000173,CLM-000173_v2.jpg,2,train,Manual Review
CLM-000322,CLM-000322_v1.png,1,train,Valid Claim
CLM-000322,CLM-000322_v2.jpg,2,train,Valid Claim
CLM-000545,CLM-000545_v1.png,1,train,Invalid Claim
CLM-000545,CLM-000545_v2.jpg,2,train,Invalid Claim
CLM-000832,CLM-000832_v1.png,1,train,Invalid Claim
CLM-000832,CLM-000832_v2.jpg,2,train,Invalid Claim
CLM-000722,CLM-000722_v1.png,1,train,Valid Claim
CLM-000722,CLM-000722_v2.jpg,2,train,Valid Claim
CLM-000387,CLM-000387_v1.png,1,train,Invalid Claim
CLM-000387,CLM-000387_v2.jpg,2,train,Invalid Claim
CLM-000864,CLM-000864_v1.png,1,train,Invalid Claim
CLM-000864,CLM-000864_v2.jpg,2,train,Invalid Claim
CLM-000412,CLM-000412_v1.png,1,train,Invalid Claim
CLM-000412,CLM-000412_v2.jpg,2,train,Invalid Claim
CLM-000442,CLM-000442_v1.png,1,train,Valid Claim
CLM-000442,CLM-000442_v2.jpg,2,train,Valid Claim
CLM-000393,CLM-000393_v1.png,1,train,Valid Claim
CLM-000393,CLM-000393_v2.jpg,2,train,Valid Claim
CLM-000561,CLM-000561_v1.png,1,train,Manual Review
CLM-000561,CLM-000561_v2.jpg,2,train,Manual Review
CLM-000227,CLM-000227_v1.png,1,train,Invalid Claim
CLM-000227,CLM-000227_v2.jpg,2,train,Invalid Claim
CLM-000735,CLM-000735_v1.png,1,train,Invalid Claim
CLM-000735,CLM-000735_v2.jpg,2,train,Invalid Claim
CLM-000141,CLM-000141_v1.png,1,train,Invalid Claim
CLM-000141,CLM-000141_v2.jpg,2,train,Invalid Claim
CLM-000795,CLM-000795_v1.png,1,train,Valid Claim
CLM-000795,CLM-000795_v2.jpg,2,train,Valid Claim
CLM-000070,CLM-000070_v1.png,1,train,Valid Claim
CLM-000070,CLM-000070_v2.jpg,2,train,Valid Claim
CLM-000536,CLM-000536_v1.png,1,train,Valid Claim
CLM-000536,CLM-000536_v2.jpg,2,train,Valid Claim
CLM-000253,CLM-000253_v1.png,1,train,Invalid Claim
CLM-000253,CLM-000253_v2.jpg,2,train,Invalid Claim
CLM-000446,CLM-000446_v1.png,1,train,Invalid Claim
CLM-000446,CLM-000446_v2.jpg,2,train,Invalid Claim
CLM-000108,CLM-000108_v1.png,1,train,Valid Claim
CLM-000108,CLM-000108_v2.jpg,2,train,Valid Claim
CLM-000250,CLM-000250_v1.png,1,train,Invalid Claim
CLM-000250,CLM-000250_v2.jpg,2,train,Invalid Claim
CLM-000385,CLM-000385_v1.png,1,train,Valid Claim
CLM-000385,CLM-000385_v2.jpg,2,train,Valid Claim
CLM-000937,CLM-000937_v1.png,1,train,Valid Claim
CLM-000937,CLM-000937_v2.jpg,2,train,Valid Claim
CLM-000136,CLM-000136_v1.png,1,train,Invalid Claim
CLM-000136,CLM-000136_v2.jpg,2,train,Invalid Claim
CLM-000053,CLM-000053_v1.png,1,train,Manual Review
CLM-000053,CLM-000053_v2.jpg,2,train,Manual Review
CLM-000416,CLM-000416_v1.png,1,train,Valid Claim
CLM-000416,CLM-000416_v2.jpg,2,train,Valid Claim
CLM-000097,CLM-000097_v1.png,1,train,Invalid Claim
CLM-000097,CLM-000097_v2.jpg,2,train,Invalid Claim
CLM-000568,CLM-000568_v1.png,1,train,Invalid Claim
CLM-000568,CLM-000568_v2.jpg,2,train,Invalid Claim
CLM-000586,CLM-000586_v1.png,1,train,Manual Review
CLM-000586,CLM-000586_v2.jpg,2,train,Manual Review
CLM-000775,CLM-000775_v1.png,1,train,Manual Review
CLM-000775,CLM-000775_v2.jpg,2,train,Manual Review
CLM-000537,CLM-000537_v1.png,1,train,Manual Review
CLM-000537,CLM-000537_v2.jpg,2,train,Manual Review
CLM-000453,CLM-000453_v1.png,1,train,Valid Claim
CLM-000453,CLM-000453_v2.jpg,2,train,Valid Claim
CLM-000737,CLM-000737_v1.png,1,train,Manual Review
CLM-000737,CLM-000737_v2.jpg,2,train,Manual Review
CLM-000637,CLM-000637_v1.png,1,train,Invalid Claim
CLM-000637,CLM-000637_v2.jpg,2,train,Invalid Claim
CLM-000505,CLM-000505_v1.png,1,train,Valid Claim
CLM-000505,CLM-000505_v2.jpg,2,train,Valid Claim
CLM-000439,CLM-000439_v1.png,1,train,Invalid Claim
CLM-000439,CLM-000439_v2.jpg,2,train,Invalid Claim
CLM-000420,CLM-000420_v1.png,1,train,Manual Review
CLM-000420,CLM-000420_v2.jpg,2,train,Manual Review
CLM-000763,CLM-000763_v1.png,1,train,Invalid Claim
CLM-000763,CLM-000763_v2.jpg,2,train,Invalid Claim
CLM-000056,CLM-000056_v1.png,1,train,Manual Review
CLM-000056,CLM-000056_v2.jpg,2,train,Manual Review
CLM-000797,CLM-000797_v1.png,1,train,Invalid Claim
CLM-000797,CLM-000797_v2.jpg,2,train,Invalid Claim
CLM-000664,CLM-000664_v1.png,1,train,Invalid Claim
CLM-000664,CLM-000664_v2.jpg,2,train,Invalid Claim
CLM-000015,CLM-000015_v1.png,1,train,Manual Review
CLM-000015,CLM-000015_v2.jpg,2,train,Manual Review
CLM-000747,CLM-000747_v1.png,1,train,Invalid Claim
CLM-000747,CLM-000747_v2.jpg,2,train,Invalid Claim
CLM-000563,CLM-000563_v1.png,1,train,Valid Claim
CLM-000563,CLM-000563_v2.jpg,2,train,Valid Claim
CLM-000247,CLM-000247_v1.png,1,train,Invalid Claim
CLM-000247,CLM-000247_v2.jpg,2,train,Invalid Claim
CLM-000236,CLM-000236_v1.png,1,train,Manual Review
CLM-000236,CLM-000236_v2.jpg,2,train,Manual Review
CLM-000634,CLM-000634_v1.png,1,train,Valid Claim
CLM-000634,CLM-000634_v2.jpg,2,train,Valid Claim
CLM-000167,CLM-000167_v1.png,1,train,Valid Claim
CLM-000167,CLM-000167_v2.jpg,2,train,Valid Claim
CLM-000277,CLM-000277_v1.png,1,train,Manual Review
CLM-000277,CLM-000277_v2.jpg,2,train,Manual Review
CLM-000449,CLM-000449_v1.png,1,train,Manual Review
CLM-000449,CLM-000449_v2.jpg,2,train,Manual Review
CLM-000052,CLM-000052_v1.png,1,train,Invalid Claim
CLM-000052,CLM-000052_v2.jpg,2,train,Invalid Claim
CLM-000106,CLM-000106_v1.png,1,train,Manual Review
CLM-000106,CLM-000106_v2.jpg,2,train,Manual Review
CLM-000044,CLM-000044_v1.png,1,train,Manual Review
CLM-000044,CLM-000044_v2.jpg,2,train,Manual Review
CLM-000012,CLM-000012_v1.png,1,train,Manual Review
CLM-000012,CLM-000012_v2.jpg,2,train,Manual Review
CLM-000704,CLM-000704_v1.png,1,train,Manual Review
CLM-000704,CLM-000704_v2.jpg,2,train,Manual Review
CLM-000121,CLM-000121_v1.png,1,train,Manual Review
CLM-000121,CLM-000121_v2.jpg,2,train,Manual Review
CLM-000060,CLM-000060_v1.png,1,train,Invalid Claim
CLM-000060,CLM-000060_v2.jpg,2,train,Invalid Claim
CLM-000402,CLM-000402_v1.png,1,train,Valid Claim
CLM-000402,CLM-000402_v2.jpg,2,train,Valid Claim
CLM-000133,CLM-000133_v1.png,1,train,Valid Claim
CLM-000133,CLM-000133_v2.jpg,2,train,Valid Claim
CLM-000334,CLM-000334_v1.png,1,train,Manual Review
CLM-000334,CLM-000334_v2.jpg,2,train,Manual Review
CLM-000193,CLM-000193_v1.png,1,train,Invalid Claim
CLM-000193,CLM-000193_v2.jpg,2,train,Invalid Claim
CLM-000078,CLM-000078_v1.png,1,train,Valid Claim
CLM-000078,CLM-000078_v2.jpg,2,train,Valid Claim
CLM-000907,CLM-000907_v1.png,1,train,Manual Review
CLM-000907,CLM-000907_v2.jpg,2,train,Manual Review
CLM-000706,CLM-000706_v1.png,1,train,Invalid Claim
CLM-000706,CLM-000706_v2.jpg,2,train,Invalid Claim
CLM-000685,CLM-000685_v1.png,1,train,Manual Review
CLM-000685,CLM-000685_v2.jpg,2,train,Manual Review
CLM-000024,CLM-000024_v1.png,1,train,Valid Claim
CLM-000024,CLM-000024_v2.jpg,2,train,Valid Claim
CLM-000065,CLM-000065_v1.png,1,train,Invalid Claim
CLM-000065,CLM-000065_v2.jpg,2,train,Invalid Claim
CLM-000392,CLM-000392_v1.png,1,train,Manual Review
CLM-000392,CLM-000392_v2.jpg,2,train,Manual Review
CLM-000646,CLM-000646_v1.png,1,train,Valid Claim
CLM-000646,CLM-000646_v2.jpg,2,train,Valid Claim
CLM-000098,CLM-000098_v1.png,1,train,Manual Review
CLM-000098,CLM-000098_v2.jpg,2,train,Manual Review
CLM-000831,CLM-000831_v1.png,1,train,Valid Claim
CLM-000831,CLM-000831_v2.jpg,2,train,Valid Claim
CLM-000854,CLM-000854_v1.png,1,train,Invalid Claim
CLM-000854,CLM-000854_v2.jpg,2,train,Invalid Claim
CLM-000142,CLM-000142_v1.png,1,train,Valid Claim
CLM-000142,CLM-000142_v2.jpg,2,train,Valid Claim
CLM-001038,CLM-001038_v1.png,1,train,Valid Claim
CLM-001038,CLM-001038_v2.jpg,2,train,Valid Claim
CLM-000808,CLM-000808_v1.png,1,train,Invalid Claim
CLM-000808,CLM-000808_v2.jpg,2,train,Invalid Claim
CLM-000161,CLM-000161_v1.png,1,train,Manual Review
CLM-000161,CLM-000161_v2.jpg,2,train,Manual Review
CLM-000031,CLM-000031_v1.png,1,train,Manual Review
CLM-000031,CLM-000031_v2.jpg,2,train,Manual Review
CLM-000926,CLM-000926_v1.png,1,train,Invalid Claim
CLM-000926,CLM-000926_v2.jpg,2,train,Invalid Claim
CLM-000635,CLM-000635_v1.png,1,train,Invalid Claim
CLM-000635,CLM-000635_v2.jpg,2,train,Invalid Claim
CLM-000600,CLM-000600_v1.png,1,train,Invalid Claim
CLM-000600,CLM-000600_v2.jpg,2,train,Invalid Claim
CLM-000156,CLM-000156_v1.png,1,train,Manual Review
CLM-000156,CLM-000156_v2.jpg,2,train,Manual Review
CLM-000359,CLM-000359_v1.png,1,train,Valid Claim
CLM-000359,CLM-000359_v2.jpg,2,train,Valid Claim
CLM-000495,CLM-000495_v1.png,1,train,Invalid Claim
CLM-000495,CLM-000495_v2.jpg,2,train,Invalid Claim
CLM-001017,CLM-001017_v1.png,1,train,Valid Claim
CLM-001017,CLM-001017_v2.jpg,2,train,Valid Claim
CLM-001046,CLM-001046_v1.png,1,train,Valid Claim
CLM-001046,CLM-001046_v2.jpg,2,train,Valid Claim
CLM-000079,CLM-000079_v1.png,1,train,Valid Claim
CLM-000079,CLM-000079_v2.jpg,2,train,Valid Claim
CLM-000509,CLM-000509_v1.png,1,train,Valid Claim
CLM-000509,CLM-000509_v2.jpg,2,train,Valid Claim
CLM-000778,CLM-000778_v1.png,1,train,Manual Review
CLM-000778,CLM-000778_v2.jpg,2,train,Manual Review
CLM-000225,CLM-000225_v1.png,1,train,Invalid Claim
CLM-000225,CLM-000225_v2.jpg,2,train,Invalid Claim
CLM-000095,CLM-000095_v1.png,1,train,Valid Claim
CLM-000095,CLM-000095_v2.jpg,2,train,Valid Claim
CLM-001043,CLM-001043_v1.png,1,train,Valid Claim
CLM-001043,CLM-001043_v2.jpg,2,train,Valid Claim
CLM-000067,CLM-000067_v1.png,1,train,Manual Review
CLM-000067,CLM-000067_v2.jpg,2,train,Manual Review
CLM-000569,CLM-000569_v1.png,1,train,Valid Claim
CLM-000569,CLM-000569_v2.jpg,2,train,Valid Claim
CLM-000792,CLM-000792_v1.png,1,train,Manual Review
CLM-000792,CLM-000792_v2.jpg,2,train,Manual Review
CLM-000297,CLM-000297_v1.png,1,train,Manual Review
CLM-000297,CLM-000297_v2.jpg,2,train,Manual Review
CLM-000512,CLM-000512_v1.png,1,train,Valid Claim
CLM-000512,CLM-000512_v2.jpg,2,train,Valid Claim
CLM-000120,CLM-000120_v1.png,1,train,Manual Review
CLM-000120,CLM-000120_v2.jpg,2,train,Manual Review
CLM-000824,CLM-000824_v1.png,1,train,Manual Review
CLM-000824,CLM-000824_v2.jpg,2,train,Manual Review
CLM-000491,CLM-000491_v1.png,1,train,Manual Review
CLM-000491,CLM-000491_v2.jpg,2,train,Manual Review
CLM-000465,CLM-000465_v1.png,1,train,Manual Review
CLM-000465,CLM-000465_v2.jpg,2,train,Manual Review
CLM-000055,CLM-000055_v1.png,1,train,Invalid Claim
CLM-000055,CLM-000055_v2.jpg,2,train,Invalid Claim
CLM-000957,CLM-000957_v1.png,1,train,Invalid Claim
CLM-000957,CLM-000957_v2.jpg,2,train,Invalid Claim
CLM-000003,CLM-000003_v1.png,1,train,Manual Review
CLM-000003,CLM-000003_v2.jpg,2,train,Manual Review
CLM-000560,CLM-000560_v1.png,1,train,Manual Review
CLM-000560,CLM-000560_v2.jpg,2,train,Manual Review
CLM-000373,CLM-000373_v1.png,1,train,Valid Claim
CLM-000373,CLM-000373_v2.jpg,2,train,Valid Claim
CLM-000959,CLM-000959_v1.png,1,train,Valid Claim
CLM-000959,CLM-000959_v2.jpg,2,train,Valid Claim
CLM-001061,CLM-001061_v1.png,1,train,Valid Claim
CLM-001061,CLM-001061_v2.jpg,2,train,Valid Claim
CLM-000991,CLM-000991_v1.png,1,train,Manual Review
CLM-000991,CLM-000991_v2.jpg,2,train,Manual Review
CLM-000597,CLM-000597_v1.png,1,train,Invalid Claim
CLM-000597,CLM-000597_v2.jpg,2,train,Invalid Claim
CLM-000805,CLM-000805_v1.png,1,train,Invalid Claim
CLM-000805,CLM-000805_v2.jpg,2,train,Invalid Claim
CLM-000289,CLM-000289_v1.png,1,train,Valid Claim
CLM-000289,CLM-000289_v2.jpg,2,train,Valid Claim
CLM-000767,CLM-000767_v1.png,1,train,Valid Claim
CLM-000767,CLM-000767_v2.jpg,2,train,Valid Claim
CLM-000895,CLM-000895_v1.png,1,train,Valid Claim
CLM-000895,CLM-000895_v2.jpg,2,train,Valid Claim
CLM-000104,CLM-000104_v1.png,1,train,Manual Review
CLM-000104,CLM-000104_v2.jpg,2,train,Manual Review
CLM-000257,CLM-000257_v1.png,1,train,Valid Claim
CLM-000257,CLM-000257_v2.jpg,2,train,Valid Claim
CLM-000818,CLM-000818_v1.png,1,train,Manual Review
CLM-000818,CLM-000818_v2.jpg,2,train,Manual Review
CLM-000550,CLM-000550_v1.png,1,train,Valid Claim
CLM-000550,CLM-000550_v2.jpg,2,train,Valid Claim
CLM-000114,CLM-000114_v1.png,1,train,Manual Review
CLM-000114,CLM-000114_v2.jpg,2,train,Manual Review
CLM-000214,CLM-000214_v1.png,1,train,Valid Claim
CLM-000214,CLM-000214_v2.jpg,2,train,Valid Claim
CLM-000413,CLM-000413_v1.png,1,train,Invalid Claim
CLM-000413,CLM-000413_v2.jpg,2,train,Invalid Claim
CLM-000299,CLM-000299_v1.png,1,train,Manual Review
CLM-000299,CLM-000299_v2.jpg,2,train,Manual Review
CLM-000304,CLM-000304_v1.png,1,train,Manual Review
CLM-000304,CLM-000304_v2.jpg,2,train,Manual Review
CLM-000131,CLM-000131_v1.png,1,train,Valid Claim
CLM-000131,CLM-000131_v2.jpg,2,train,Valid Claim
CLM-000172,CLM-000172_v1.png,1,train,Manual Review
CLM-000172,CLM-000172_v2.jpg,2,train,Manual Review
CLM-000232,CLM-000232_v1.png,1,train,Invalid Claim
CLM-000232,CLM-000232_v2.jpg,2,train,Invalid Claim
CLM-000929,CLM-000929_v1.png,1,train,Valid Claim
CLM-000929,CLM-000929_v2.jpg,2,train,Valid Claim
CLM-000284,CLM-000284_v1.png,1,train,Invalid Claim
CLM-000284,CLM-000284_v2.jpg,2,train,Invalid Claim
CLM-000667,CLM-000667_v1.png,1,train,Invalid Claim
CLM-000667,CLM-000667_v2.jpg,2,train,Invalid Claim
CLM-000618,CLM-000618_v1.png,1,train,Invalid Claim
CLM-000618,CLM-000618_v2.jpg,2,train,Invalid Claim
CLM-000309,CLM-000309_v1.png,1,train,Manual Review
CLM-000309,CLM-000309_v2.jpg,2,train,Manual Review
CLM-000116,CLM-000116_v1.png,1,train,Manual Review
CLM-000116,CLM-000116_v2.jpg,2,train,Manual Review
CLM-000541,CLM-000541_v1.png,1,train,Valid Claim
CLM-000541,CLM-000541_v2.jpg,2,train,Valid Claim
CLM-000777,CLM-000777_v1.png,1,train,Manual Review
CLM-000777,CLM-000777_v2.jpg,2,train,Manual Review
CLM-000576,CLM-000576_v1.png,1,train,Valid Claim
CLM-000576,CLM-000576_v2.jpg,2,train,Valid Claim
CLM-000727,CLM-000727_v1.png,1,train,Manual Review
CLM-000727,CLM-000727_v2.jpg,2,train,Manual Review
CLM-000271,CLM-000271_v1.png,1,train,Manual Review
CLM-000271,CLM-000271_v2.jpg,2,train,Manual Review
CLM-000912,CLM-000912_v1.png,1,train,Invalid Claim
CLM-000912,CLM-000912_v2.jpg,2,train,Invalid Claim
CLM-000986,CLM-000986_v1.png,1,train,Manual Review
CLM-000986,CLM-000986_v2.jpg,2,train,Manual Review
CLM-000687,CLM-000687_v1.png,1,train,Invalid Claim
CLM-000687,CLM-000687_v2.jpg,2,train,Invalid Claim
CLM-000006,CLM-000006_v1.png,1,train,Invalid Claim
CLM-000006,CLM-000006_v2.jpg,2,train,Invalid Claim
CLM-000303,CLM-000303_v1.png,1,train,Invalid Claim
CLM-000303,CLM-000303_v2.jpg,2,train,Invalid Claim
CLM-000834,CLM-000834_v1.png,1,train,Invalid Claim
CLM-000834,CLM-000834_v2.jpg,2,train,Invalid Claim
CLM-000788,CLM-000788_v1.png,1,train,Valid Claim
CLM-000788,CLM-000788_v2.jpg,2,train,Valid Claim
CLM-000504,CLM-000504_v1.png,1,train,Invalid Claim
CLM-000504,CLM-000504_v2.jpg,2,train,Invalid Claim
CLM-000681,CLM-000681_v1.png,1,train,Valid Claim
CLM-000681,CLM-000681_v2.jpg,2,train,Valid Claim
CLM-000486,CLM-000486_v1.png,1,train,Invalid Claim
CLM-000486,CLM-000486_v2.jpg,2,train,Invalid Claim
CLM-000800,CLM-000800_v1.png,1,train,Manual Review
CLM-000800,CLM-000800_v2.jpg,2,train,Manual Review
CLM-000365,CLM-000365_v1.png,1,train,Manual Review
CLM-000365,CLM-000365_v2.jpg,2,train,Manual Review
CLM-000699,CLM-000699_v1.png,1,train,Invalid Claim
CLM-000699,CLM-000699_v2.jpg,2,train,Invalid Claim
CLM-000640,CLM-000640_v1.png,1,train,Invalid Claim
CLM-000640,CLM-000640_v2.jpg,2,train,Invalid Claim
CLM-000169,CLM-000169_v1.png,1,train,Manual Review
CLM-000169,CLM-000169_v2.jpg,2,train,Manual Review
CLM-000529,CLM-000529_v1.png,1,train,Valid Claim
CLM-000529,CLM-000529_v2.jpg,2,train,Valid Claim
CLM-000723,CLM-000723_v1.png,1,train,Invalid Claim
CLM-000723,CLM-000723_v2.jpg,2,train,Invalid Claim
CLM-000270,CLM-000270_v1.png,1,train,Invalid Claim
CLM-000270,CLM-000270_v2.jpg,2,train,Invalid Claim
CLM-000343,CLM-000343_v1.png,1,train,Invalid Claim
CLM-000343,CLM-000343_v2.jpg,2,train,Invalid Claim
CLM-000436,CLM-000436_v1.png,1,train,Manual Review
CLM-000436,CLM-000436_v2.jpg,2,train,Manual Review
CLM-000435,CLM-000435_v1.png,1,train,Valid Claim
CLM-000435,CLM-000435_v2.jpg,2,train,Valid Claim
CLM-000798,CLM-000798_v1.png,1,train,Invalid Claim
CLM-000798,CLM-000798_v2.jpg,2,train,Invalid Claim
CLM-000814,CLM-000814_v1.png,1,train,Manual Review
CLM-000814,CLM-000814_v2.jpg,2,train,Manual Review
CLM-000216,CLM-000216_v1.png,1,train,Valid Claim
CLM-000216,CLM-000216_v2.jpg,2,train,Valid Claim
CLM-000821,CLM-000821_v1.png,1,train,Valid Claim
CLM-000821,CLM-000821_v2.jpg,2,train,Valid Claim
CLM-000252,CLM-000252_v1.png,1,train,Invalid Claim
CLM-000252,CLM-000252_v2.jpg,2,train,Invalid Claim
CLM-000467,CLM-000467_v1.png,1,train,Invalid Claim
CLM-000467,CLM-000467_v2.jpg,2,train,Invalid Claim
CLM-000033,CLM-000033_v1.png,1,train,Invalid Claim
CLM-000033,CLM-000033_v2.jpg,2,train,Invalid Claim
CLM-000825,CLM-000825_v1.png,1,train,Manual Review
CLM-000825,CLM-000825_v2.jpg,2,train,Manual Review
CLM-001050,CLM-001050_v1.png,1,train,Valid Claim
CLM-001050,CLM-001050_v2.jpg,2,train,Valid Claim
CLM-000593,CLM-000593_v1.png,1,train,Invalid Claim
CLM-000593,CLM-000593_v2.jpg,2,train,Invalid Claim
CLM-000112,CLM-000112_v1.png,1,train,Manual Review
CLM-000112,CLM-000112_v2.jpg,2,train,Manual Review
CLM-000476,CLM-000476_v1.png,1,train,Valid Claim
CLM-000476,CLM-000476_v2.jpg,2,train,Valid Claim
CLM-000424,CLM-000424_v1.png,1,train,Valid Claim
CLM-000424,CLM-000424_v2.jpg,2,train,Valid Claim
CLM-000500,CLM-000500_v1.png,1,train,Invalid Claim
CLM-000500,CLM-000500_v2.jpg,2,train,Invalid Claim
CLM-000828,CLM-000828_v1.png,1,train,Valid Claim
CLM-000828,CLM-000828_v2.jpg,2,train,Valid Claim
CLM-000276,CLM-000276_v1.png,1,train,Valid Claim
CLM-000276,CLM-000276_v2.jpg,2,train,Valid Claim
CLM-000944,CLM-000944_v1.png,1,train,Invalid Claim
CLM-000944,CLM-000944_v2.jpg,2,train,Invalid Claim
CLM-000734,CLM-000734_v1.png,1,train,Manual Review
CLM-000734,CLM-000734_v2.jpg,2,train,Manual Review
CLM-000652,CLM-000652_v1.png,1,train,Manual Review
CLM-000652,CLM-000652_v2.jpg,2,train,Manual Review
CLM-000063,CLM-000063_v1.png,1,train,Invalid Claim
CLM-000063,CLM-000063_v2.jpg,2,train,Invalid Claim
CLM-000425,CLM-000425_v1.png,1,train,Invalid Claim
CLM-000425,CLM-000425_v2.jpg,2,train,Invalid Claim
CLM-000679,CLM-000679_v1.png,1,train,Invalid Claim
CLM-000679,CLM-000679_v2.jpg,2,train,Invalid Claim
CLM-000520,CLM-000520_v1.png,1,train,Valid Claim
CLM-000520,CLM-000520_v2.jpg,2,train,Valid Claim
CLM-000034,CLM-000034_v1.png,1,train,Manual Review
CLM-000034,CLM-000034_v2.jpg,2,train,Manual Review
CLM-000651,CLM-000651_v1.png,1,train,Manual Review
CLM-000651,CLM-000651_v2.jpg,2,train,Manual Review
CLM-000809,CLM-000809_v1.png,1,train,Valid Claim
CLM-000809,CLM-000809_v2.jpg,2,train,Valid Claim
CLM-000782,CLM-000782_v1.png,1,train,Invalid Claim
CLM-000782,CLM-000782_v2.jpg,2,train,Invalid Claim
CLM-000258,CLM-000258_v1.png,1,train,Valid Claim
CLM-000258,CLM-000258_v2.jpg,2,train,Valid Claim
CLM-000702,CLM-000702_v1.png,1,train,Manual Review
CLM-000702,CLM-000702_v2.jpg,2,train,Manual Review
CLM-000783,CLM-000783_v1.png,1,train,Manual Review
CLM-000783,CLM-000783_v2.jpg,2,train,Manual Review
CLM-000829,CLM-000829_v1.png,1,train,Manual Review
CLM-000829,CLM-000829_v2.jpg,2,train,Manual Review
CLM-000639,CLM-000639_v1.png,1,train,Invalid Claim
CLM-000639,CLM-000639_v2.jpg,2,train,Invalid Claim
CLM-000666,CLM-000666_v1.png,1,train,Invalid Claim
CLM-000666,CLM-000666_v2.jpg,2,train,Invalid Claim
CLM-000697,CLM-000697_v1.png,1,train,Invalid Claim
CLM-000697,CLM-000697_v2.jpg,2,train,Invalid Claim
CLM-000254,CLM-000254_v1.png,1,train,Manual Review
CLM-000254,CLM-000254_v2.jpg,2,train,Manual Review
CLM-000845,CLM-000845_v1.png,1,train,Invalid Claim
CLM-000845,CLM-000845_v2.jpg,2,train,Invalid Claim
CLM-000995,CLM-000995_v1.png,1,train,Valid Claim
CLM-000995,CLM-000995_v2.jpg,2,train,Valid Claim
CLM-000158,CLM-000158_v1.png,1,train,Valid Claim
CLM-000158,CLM-000158_v2.jpg,2,train,Valid Claim
CLM-000852,CLM-000852_v1.png,1,train,Manual Review
CLM-000852,CLM-000852_v2.jpg,2,train,Manual Review
CLM-001019,CLM-001019_v1.png,1,train,Invalid Claim
CLM-001019,CLM-001019_v2.jpg,2,train,Invalid Claim
CLM-000316,CLM-000316_v1.png,1,train,Invalid Claim
CLM-000316,CLM-000316_v2.jpg,2,train,Invalid Claim
CLM-000020,CLM-000020_v1.png,1,train,Invalid Claim
CLM-000020,CLM-000020_v2.jpg,2,train,Invalid Claim
CLM-000174,CLM-000174_v1.png,1,train,Invalid Claim
CLM-000174,CLM-000174_v2.jpg,2,train,Invalid Claim
CLM-000693,CLM-000693_v1.png,1,train,Manual Review
CLM-000693,CLM-000693_v2.jpg,2,train,Manual Review
CLM-000955,CLM-000955_v1.png,1,train,Manual Review
CLM-000955,CLM-000955_v2.jpg,2,train,Manual Review
CLM-000678,CLM-000678_v1.png,1,train,Valid Claim
CLM-000678,CLM-000678_v2.jpg,2,train,Valid Claim
CLM-000105,CLM-000105_v1.png,1,train,Invalid Claim
CLM-000105,CLM-000105_v2.jpg,2,train,Invalid Claim
CLM-000596,CLM-000596_v1.png,1,train,Invalid Claim
CLM-000596,CLM-000596_v2.jpg,2,train,Invalid Claim
CLM-000221,CLM-000221_v1.png,1,train,Manual Review
CLM-000221,CLM-000221_v2.jpg,2,train,Manual Review
CLM-000035,CLM-000035_v1.png,1,train,Valid Claim
CLM-000035,CLM-000035_v2.jpg,2,train,Valid Claim
CLM-000222,CLM-000222_v1.png,1,train,Valid Claim
CLM-000222,CLM-000222_v2.jpg,2,train,Valid Claim
CLM-000801,CLM-000801_v1.png,1,train,Valid Claim
CLM-000801,CLM-000801_v2.jpg,2,train,Valid Claim
CLM-000273,CLM-000273_v1.png,1,train,Invalid Claim
CLM-000273,CLM-000273_v2.jpg,2,train,Invalid Claim
CLM-001060,CLM-001060_v1.png,1,train,Valid Claim
CLM-001060,CLM-001060_v2.jpg,2,train,Valid Claim
CLM-000350,CLM-000350_v1.png,1,train,Invalid Claim
CLM-000350,CLM-000350_v2.jpg,2,train,Invalid Claim
CLM-000785,CLM-000785_v1.png,1,train,Invalid Claim
CLM-000785,CLM-000785_v2.jpg,2,train,Invalid Claim
CLM-000604,CLM-000604_v1.png,1,train,Manual Review
CLM-000604,CLM-000604_v2.jpg,2,train,Manual Review
CLM-000638,CLM-000638_v1.png,1,train,Manual Review
CLM-000638,CLM-000638_v2.jpg,2,train,Manual Review
CLM-000962,CLM-000962_v1.png,1,train,Valid Claim
CLM-000962,CLM-000962_v2.jpg,2,train,Valid Claim
CLM-000826,CLM-000826_v1.png,1,train,Invalid Claim
CLM-000826,CLM-000826_v2.jpg,2,train,Invalid Claim
CLM-000208,CLM-000208_v1.png,1,train,Invalid Claim
CLM-000208,CLM-000208_v2.jpg,2,train,Invalid Claim
CLM-000531,CLM-000531_v1.png,1,train,Valid Claim
CLM-000531,CLM-000531_v2.jpg,2,train,Valid Claim
CLM-000111,CLM-000111_v1.png,1,train,Invalid Claim
CLM-000111,CLM-000111_v2.jpg,2,train,Invalid Claim
CLM-000150,CLM-000150_v1.png,1,train,Invalid Claim
CLM-000150,CLM-000150_v2.jpg,2,train,Invalid Claim
CLM-000404,CLM-000404_v1.png,1,train,Valid Claim
CLM-000404,CLM-000404_v2.jpg,2,train,Valid Claim
CLM-000274,CLM-000274_v1.png,1,train,Valid Claim
CLM-000274,CLM-000274_v2.jpg,2,train,Valid Claim
CLM-000047,CLM-000047_v1.png,1,train,Manual Review
CLM-000047,CLM-000047_v2.jpg,2,train,Manual Review
CLM-000339,CLM-000339_v1.png,1,train,Invalid Claim
CLM-000339,CLM-000339_v2.jpg,2,train,Invalid Claim
CLM-000533,CLM-000533_v1.png,1,train,Invalid Claim
CLM-000533,CLM-000533_v2.jpg,2,train,Invalid Claim
CLM-000381,CLM-000381_v1.png,1,train,Invalid Claim
CLM-000381,CLM-000381_v2.jpg,2,train,Invalid Claim
CLM-000330,CLM-000330_v1.png,1,train,Invalid Claim
CLM-000330,CLM-000330_v2.jpg,2,train,Invalid Claim
CLM-000925,CLM-000925_v1.png,1,train,Invalid Claim
CLM-000925,CLM-000925_v2.jpg,2,train,Invalid Claim
CLM-000118,CLM-000118_v1.png,1,train,Manual Review
CLM-000118,CLM-000118_v2.jpg,2,train,Manual Review
CLM-000278,CLM-000278_v1.png,1,train,Manual Review
CLM-000278,CLM-000278_v2.jpg,2,train,Manual Review
CLM-000411,CLM-000411_v1.png,1,train,Manual Review
CLM-000411,CLM-000411_v2.jpg,2,train,Manual Review
CLM-000305,CLM-000305_v1.png,1,train,Invalid Claim
CLM-000305,CLM-000305_v2.jpg,2,train,Invalid Claim
CLM-000760,CLM-000760_v1.png,1,train,Manual Review
CLM-000760,CLM-000760_v2.jpg,2,train,Manual Review
CLM-000448,CLM-000448_v1.png,1,train,Manual Review
CLM-000448,CLM-000448_v2.jpg,2,train,Manual Review
CLM-000971,CLM-000971_v1.png,1,train,Valid Claim
CLM-000971,CLM-000971_v2.jpg,2,train,Valid Claim
CLM-000861,CLM-000861_v1.png,1,train,Manual Review
CLM-000861,CLM-000861_v2.jpg,2,train,Manual Review
CLM-000246,CLM-000246_v1.png,1,train,Manual Review
CLM-000246,CLM-000246_v2.jpg,2,train,Manual Review
CLM-000964,CLM-000964_v1.png,1,train,Valid Claim
CLM-000964,CLM-000964_v2.jpg,2,train,Valid Claim
CLM-000143,CLM-000143_v1.png,1,train,Invalid Claim
CLM-000143,CLM-000143_v2.jpg,2,train,Invalid Claim
CLM-000776,CLM-000776_v1.png,1,train,Invalid Claim
CLM-000776,CLM-000776_v2.jpg,2,train,Invalid Claim
CLM-000572,CLM-000572_v1.png,1,train,Invalid Claim
CLM-000572,CLM-000572_v2.jpg,2,train,Invalid Claim
CLM-000204,CLM-000204_v1.png,1,train,Manual Review
CLM-000204,CLM-000204_v2.jpg,2,train,Manual Review
CLM-000694,CLM-000694_v1.png,1,train,Manual Review
CLM-000694,CLM-000694_v2.jpg,2,train,Manual Review
CLM-000510,CLM-000510_v1.png,1,train,Manual Review
CLM-000510,CLM-000510_v2.jpg,2,train,Manual Review
CLM-000820,CLM-000820_v1.png,1,train,Invalid Claim
CLM-000820,CLM-000820_v2.jpg,2,train,Invalid Claim
CLM-000469,CLM-000469_v1.png,1,train,Valid Claim
CLM-000469,CLM-000469_v2.jpg,2,train,Valid Claim
CLM-000733,CLM-000733_v1.png,1,train,Manual Review
CLM-000733,CLM-000733_v2.jpg,2,train,Manual Review
CLM-000648,CLM-000648_v1.png,1,train,Manual Review
CLM-000648,CLM-000648_v2.jpg,2,train,Manual Review
CLM-000990,CLM-000990_v1.png,1,train,Valid Claim
CLM-000990,CLM-000990_v2.jpg,2,train,Valid Claim
CLM-000822,CLM-000822_v1.png,1,train,Valid Claim
CLM-000822,CLM-000822_v2.jpg,2,train,Valid Claim
CLM-000336,CLM-000336_v1.png,1,train,Manual Review
CLM-000336,CLM-000336_v2.jpg,2,train,Manual Review
CLM-000988,CLM-000988_v1.png,1,train,Valid Claim
CLM-000988,CLM-000988_v2.jpg,2,train,Valid Claim
CLM-001044,CLM-001044_v1.png,1,train,Valid Claim
CLM-001044,CLM-001044_v2.jpg,2,train,Valid Claim
CLM-000093,CLM-000093_v1.png,1,train,Manual Review
CLM-000093,CLM-000093_v2.jpg,2,train,Manual Review
CLM-000364,CLM-000364_v1.png,1,train,Invalid Claim
CLM-000364,CLM-000364_v2.jpg,2,train,Invalid Claim
CLM-000009,CLM-000009_v1.png,1,train,Invalid Claim
CLM-000009,CLM-000009_v2.jpg,2,train,Invalid Claim
CLM-000358,CLM-000358_v1.png,1,train,Valid Claim
CLM-000358,CLM-000358_v2.jpg,2,train,Valid Claim
CLM-000261,CLM-000261_v1.png,1,train,Valid Claim
CLM-000261,CLM-000261_v2.jpg,2,train,Valid Claim
CLM-000728,CLM-000728_v1.png,1,train,Invalid Claim
CLM-000728,CLM-000728_v2.jpg,2,train,Invalid Claim
CLM-000483,CLM-000483_v1.png,1,train,Manual Review
CLM-000483,CLM-000483_v2.jpg,2,train,Manual Review
CLM-000391,CLM-000391_v1.png,1,train,Invalid Claim
CLM-000391,CLM-000391_v2.jpg,2,train,Invalid Claim
CLM-000497,CLM-000497_v1.png,1,train,Manual Review
CLM-000497,CLM-000497_v2.jpg,2,train,Manual Review
CLM-000862,CLM-000862_v1.png,1,train,Invalid Claim
CLM-000862,CLM-000862_v2.jpg,2,train,Invalid Claim
CLM-001025,CLM-001025_v1.png,1,train,Manual Review
CLM-001025,CLM-001025_v2.jpg,2,train,Manual Review
CLM-000786,CLM-000786_v1.png,1,train,Valid Claim
CLM-000786,CLM-000786_v2.jpg,2,train,Valid Claim
CLM-000616,CLM-000616_v1.png,1,train,Manual Review
CLM-000616,CLM-000616_v2.jpg,2,train,Manual Review
CLM-000933,CLM-000933_v1.png,1,train,Valid Claim
CLM-000933,CLM-000933_v2.jpg,2,train,Valid Claim
CLM-000353,CLM-000353_v1.png,1,train,Valid Claim
CLM-000353,CLM-000353_v2.jpg,2,train,Valid Claim
CLM-000450,CLM-000450_v1.png,1,train,Manual Review
CLM-000450,CLM-000450_v2.jpg,2,train,Manual Review
CLM-000251,CLM-000251_v1.png,1,train,Valid Claim
CLM-000251,CLM-000251_v2.jpg,2,train,Valid Claim
CLM-000996,CLM-000996_v1.png,1,train,Valid Claim
CLM-000996,CLM-000996_v2.jpg,2,train,Valid Claim
CLM-000054,CLM-000054_v1.png,1,train,Manual Review
CLM-000054,CLM-000054_v2.jpg,2,train,Manual Review
CLM-000992,CLM-000992_v1.png,1,train,Manual Review
CLM-000992,CLM-000992_v2.jpg,2,train,Manual Review
CLM-000181,CLM-000181_v1.png,1,train,Manual Review
CLM-000181,CLM-000181_v2.jpg,2,train,Manual Review
CLM-000452,CLM-000452_v1.png,1,train,Manual Review
CLM-000452,CLM-000452_v2.jpg,2,train,Manual Review
CLM-000732,CLM-000732_v1.png,1,train,Manual Review
CLM-000732,CLM-000732_v2.jpg,2,train,Manual Review
CLM-000673,CLM-000673_v1.png,1,train,Invalid Claim
CLM-000673,CLM-000673_v2.jpg,2,train,Invalid Claim
CLM-000014,CLM-000014_v1.png,1,train,Manual Review
CLM-000014,CLM-000014_v2.jpg,2,train,Manual Review
CLM-001172,CLM-001172_v1.png,1,val,Manual Review
CLM-001088,CLM-001088_v1.png,1,val,Valid Claim
CLM-001148,CLM-001148_v1.png,1,val,Invalid Claim
CLM-001175,CLM-001175_v1.png,1,val,Invalid Claim
CLM-001132,CLM-001132_v1.png,1,val,Invalid Claim
CLM-001201,CLM-001201_v1.png,1,val,Manual Review
CLM-001249,CLM-001249_v1.png,1,val,Valid Claim
CLM-001031,CLM-001031_v1.png,1,val,Invalid Claim
CLM-001192,CLM-001192_v1.png,1,val,Invalid Claim
CLM-001257,CLM-001257_v1.png,1,val,Manual Review
CLM-001174,CLM-001174_v1.png,1,val,Invalid Claim
CLM-001121,CLM-001121_v1.png,1,val,Manual Review
CLM-001266,CLM-001266_v1.png,1,val,Invalid Claim
CLM-001135,CLM-001135_v1.png,1,val,Invalid Claim
CLM-001265,CLM-001265_v1.png,1,val,Invalid Claim
CLM-001139,CLM-001139_v1.png,1,val,Manual Review
CLM-001213,CLM-001213_v1.png,1,val,Valid Claim
CLM-001167,CLM-001167_v1.png,1,val,Invalid Claim
CLM-001241,CLM-001241_v1.png,1,val,Invalid Claim
CLM-001217,CLM-001217_v1.png,1,val,Valid Claim
CLM-001126,CLM-001126_v1.png,1,val,Manual Review
CLM-001251,CLM-001251_v1.png,1,val,Valid Claim
CLM-001168,CLM-001168_v1.png,1,val,Manual Review
CLM-001055,CLM-001055_v1.png,1,val,Invalid Claim
CLM-001136,CLM-001136_v1.png,1,val,Invalid Claim
CLM-001048,CLM-001048_v1.png,1,val,Invalid Claim
CLM-001067,CLM-001067_v1.png,1,val,Manual Review
CLM-001183,CLM-001183_v1.png,1,val,Invalid Claim
CLM-001111,CLM-001111_v1.png,1,val,Valid Claim
CLM-001185,CLM-001185_v1.png,1,val,Valid Claim
CLM-001171,CLM-001171_v1.png,1,val,Invalid Claim
CLM-001073,CLM-001073_v1.png,1,val,Manual Review
CLM-001100,CLM-001100_v1.png,1,val,Valid Claim
CLM-001269,CLM-001269_v1.png,1,val,Valid Claim
CLM-001156,CLM-001156_v1.png,1,val,Invalid Claim
CLM-001096,CLM-001096_v1.png,1,val,Valid Claim
CLM-001231,CLM-001231_v1.png,1,val,Manual Review
CLM-001076,CLM-001076_v1.png,1,val,Invalid Claim
CLM-001252,CLM-001252_v1.png,1,val,Valid Claim
CLM-001144,CLM-001144_v1.png,1,val,Manual Review
CLM-001089,CLM-001089_v1.png,1,val,Manual Review
CLM-001243,CLM-001243_v1.png,1,val,Invalid Claim
CLM-001053,CLM-001053_v1.png,1,val,Invalid Claim
CLM-001120,CLM-001120_v1.png,1,val,Valid Claim
CLM-001137,CLM-001137_v1.png,1,val,Manual Review
CLM-001090,CLM-001090_v1.png,1,val,Valid Claim
CLM-001161,CLM-001161_v1.png,1,val,Invalid Claim
CLM-001215,CLM-001215_v1.png,1,val,Invalid Claim
CLM-001254,CLM-001254_v1.png,1,val,Valid Claim
CLM-001098,CLM-001098_v1.png,1,val,Valid Claim
CLM-001093,CLM-001093_v1.png,1,val,Manual Review
CLM-001051,CLM-001051_v1.png,1,val,Manual Review
CLM-001152,CLM-001152_v1.png,1,val,Valid Claim
CLM-001099,CLM-001099_v1.png,1,val,Manual Review
CLM-001233,CLM-001233_v1.png,1,val,Invalid Claim
CLM-001072,CLM-001072_v1.png,1,val,Manual Review
CLM-001197,CLM-001197_v1.png,1,val,Manual Review
CLM-001033,CLM-001033_v1.png,1,val,Invalid Claim
CLM-001091,CLM-001091_v1.png,1,val,Manual Review
CLM-001081,CLM-001081_v1.png,1,val,Manual Review
CLM-001116,CLM-001116_v1.png,1,val,Valid Claim
CLM-001238,CLM-001238_v1.png,1,val,Invalid Claim
CLM-001159,CLM-001159_v1.png,1,val,Manual Review
CLM-001097,CLM-001097_v1.png,1,val,Manual Review
CLM-001143,CLM-001143_v1.png,1,val,Manual Review
CLM-001194,CLM-001194_v1.png,1,val,Invalid Claim
CLM-001130,CLM-001130_v1.png,1,val,Valid Claim
CLM-001275,CLM-001275_v1.png,1,val,Valid Claim
CLM-001042,CLM-001042_v1.png,1,val,Manual Review
CLM-001200,CLM-001200_v1.png,1,val,Valid Claim
CLM-001220,CLM-001220_v1.png,1,val,Invalid Claim
CLM-001149,CLM-001149_v1.png,1,val,Valid Claim
CLM-001247,CLM-001247_v1.png,1,val,Invalid Claim
CLM-001245,CLM-001245_v1.png,1,val,Manual Review
CLM-001059,CLM-001059_v1.png,1,val,Manual Review
CLM-001182,CLM-001182_v1.png,1,val,Invalid Claim
CLM-001108,CLM-001108_v1.png,1,val,Valid Claim
CLM-001119,CLM-001119_v1.png,1,val,Manual Review
CLM-001190,CLM-001190_v1.png,1,val,Valid Claim
CLM-001128,CLM-001128_v1.png,1,val,Invalid Claim
CLM-001227,CLM-001227_v1.png,1,val,Invalid Claim
CLM-001086,CLM-001086_v1.png,1,val,Manual Review
CLM-001094,CLM-001094_v1.png,1,val,Valid Claim
CLM-001178,CLM-001178_v1.png,1,val,Valid Claim
CLM-001210,CLM-001210_v1.png,1,val,Invalid Claim
CLM-001165,CLM-001165_v1.png,1,val,Valid Claim
CLM-001123,CLM-001123_v1.png,1,val,Manual Review
CLM-001101,CLM-001101_v1.png,1,val,Valid Claim
CLM-001057,CLM-001057_v1.png,1,val,Manual Review
CLM-001223,CLM-001223_v1.png,1,val,Valid Claim
CLM-001129,CLM-001129_v1.png,1,val,Manual Review
CLM-001151,CLM-001151_v1.png,1,val,Manual Review
CLM-001229,CLM-001229_v1.png,1,val,Valid Claim
CLM-001124,CLM-001124_v1.png,1,val,Valid Claim
CLM-001173,CLM-001173_v1.png,1,val,Valid Claim
CLM-001208,CLM-001208_v1.png,1,val,Invalid Claim
CLM-001068,CLM-001068_v1.png,1,val,Manual Review
CLM-001058,CLM-001058_v1.png,1,val,Invalid Claim
CLM-001079,CLM-001079_v1.png,1,val,Manual Review
CLM-001256,CLM-001256_v1.png,1,val,Valid Claim
CLM-001142,CLM-001142_v1.png,1,val,Manual Review
CLM-001113,CLM-001113_v1.png,1,val,Manual Review
CLM-001289,CLM-001289_v1.png,1,val,Valid Claim
CLM-001039,CLM-001039_v1.png,1,val,Invalid Claim
CLM-001074,CLM-001074_v1.png,1,val,Manual Review
CLM-001131,CLM-001131_v1.png,1,val,Manual Review
CLM-001177,CLM-001177_v1.png,1,val,Manual Review
CLM-001110,CLM-001110_v1.png,1,val,Valid Claim
CLM-001224,CLM-001224_v1.png,1,val,Manual Review
CLM-001205,CLM-001205_v1.png,1,val,Manual Review
CLM-001169,CLM-001169_v1.png,1,val,Manual Review
CLM-001117,CLM-001117_v1.png,1,val,Valid Claim
CLM-001186,CLM-001186_v1.png,1,val,Valid Claim
CLM-001196,CLM-001196_v1.png,1,val,Manual Review
CLM-001125,CLM-001125_v1.png,1,val,Invalid Claim
CLM-001206,CLM-001206_v1.png,1,val,Manual Review
CLM-001107,CLM-001107_v1.png,1,val,Valid Claim
CLM-001085,CLM-001085_v1.png,1,val,Manual Review
CLM-001166,CLM-001166_v1.png,1,val,Valid Claim
CLM-001026,CLM-001026_v1.png,1,val,Manual Review
CLM-001209,CLM-001209_v1.png,1,val,Invalid Claim
CLM-001106,CLM-001106_v1.png,1,val,Invalid Claim
CLM-001029,CLM-001029_v1.png,1,val,Invalid Claim
CLM-001179,CLM-001179_v1.png,1,val,Manual Review
CLM-001041,CLM-001041_v1.png,1,val,Manual Review
CLM-001056,CLM-001056_v1.png,1,val,Manual Review
CLM-001095,CLM-001095_v1.png,1,val,Valid Claim
CLM-001189,CLM-001189_v1.png,1,val,Valid Claim
CLM-001272,CLM-001272_v1.png,1,val,Valid Claim
CLM-001112,CLM-001112_v1.png,1,val,Valid Claim
CLM-001181,CLM-001181_v1.png,1,val,Valid Claim
CLM-001267,CLM-001267_v1.png,1,val,Invalid Claim
CLM-001105,CLM-001105_v1.png,1,val,Manual Review
CLM-001133,CLM-001133_v1.png,1,val,Valid Claim
CLM-001162,CLM-001162_v1.png,1,val,Invalid Claim
CLM-001070,CLM-001070_v1.png,1,val,Manual Review
CLM-001274,CLM-001274_v1.png,1,val,Invalid Claim
CLM-001202,CLM-001202_v1.png,1,val,Manual Review
CLM-001204,CLM-001204_v1.png,1,val,Invalid Claim
CLM-001092,CLM-001092_v1.png,1,val,Manual Review
CLM-001263,CLM-001263_v1.png,1,val,Valid Claim
CLM-001122,CLM-001122_v1.png,1,val,Manual Review
CLM-001114,CLM-001114_v1.png,1,val,Invalid Claim
CLM-001236,CLM-001236_v1.png,1,val,Invalid Claim
CLM-001228,CLM-001228_v1.png,1,val,Valid Claim
CLM-001170,CLM-001170_v1.png,1,val,Manual Review
CLM-001203,CLM-001203_v1.png,1,val,Invalid Claim
CLM-001226,CLM-001226_v1.png,1,val,Valid Claim
CLM-001261,CLM-001261_v1.png,1,val,Invalid Claim
CLM-001198,CLM-001198_v1.png,1,val,Manual Review
CLM-001164,CLM-001164_v1.png,1,val,Valid Claim
CLM-001104,CLM-001104_v1.png,1,val,Manual Review
CLM-001237,CLM-001237_v1.png,1,val,Invalid Claim
CLM-001188,CLM-001188_v1.png,1,val,Manual Review
CLM-001109,CLM-001109_v1.png,1,val,Valid Claim
CLM-001160,CLM-001160_v1.png,1,val,Invalid Claim
CLM-001219,CLM-001219_v1.png,1,val,Invalid Claim
CLM-001150,CLM-001150_v1.png,1,val,Valid Claim
CLM-001037,CLM-001037_v1.png,1,val,Invalid Claim
CLM-001145,CLM-001145_v1.png,1,val,Invalid Claim
CLM-001239,CLM-001239_v1.png,1,val,Manual Review
CLM-001199,CLM-001199_v1.png,1,val,Invalid Claim
CLM-001187,CLM-001187_v1.png,1,val,Invalid Claim
CLM-001184,CLM-001184_v1.png,1,val,Valid Claim
CLM-001230,CLM-001230_v1.png,1,val,Valid Claim
CLM-001240,CLM-001240_v1.png,1,val,Invalid Claim
CLM-001225,CLM-001225_v1.png,1,val,Manual Review
CLM-001087,CLM-001087_v1.png,1,val,Valid Claim
CLM-001180,CLM-001180_v1.png,1,val,Invalid Claim
CLM-001281,CLM-001281_v1.png,1,val,Valid Claim
CLM-001158,CLM-001158_v1.png,1,val,Valid Claim
CLM-001232,CLM-001232_v1.png,1,val,Valid Claim
CLM-001193,CLM-001193_v1.png,1,val,Valid Claim
CLM-001290,CLM-001290_v1.png,1,val,Valid Claim
CLM-001146,CLM-001146_v1.png,1,val,Manual Review
CLM-001191,CLM-001191_v1.png,1,val,Valid Claim
CLM-001153,CLM-001153_v1.png,1,val,Manual Review
CLM-001147,CLM-001147_v1.png,1,val,Invalid Claim
CLM-001030,CLM-001030_v1.png,1,val,Invalid Claim
CLM-001084,CLM-001084_v1.png,1,val,Valid Claim
CLM-001285,CLM-001285_v1.png,1,val,Valid Claim
CLM-001127,CLM-001127_v1.png,1,val,Invalid Claim
CLM-001163,CLM-001163_v1.png,1,val,Invalid Claim
CLM-001102,CLM-001102_v1.png,1,val,Invalid Claim
CLM-001250,CLM-001250_v1.png,1,val,Invalid Claim
CLM-001278,CLM-001278_v1.png,1,val,Valid Claim
CLM-001244,CLM-001244_v1.png,1,val,Valid Claim
CLM-001138,CLM-001138_v1.png,1,val,Invalid Claim
CLM-001115,CLM-001115_v1.png,1,val,Manual Review
CLM-001246,CLM-001246_v1.png,1,val,Valid Claim
CLM-001069,CLM-001069_v1.png,1,val,Invalid Claim
CLM-001103,CLM-001103_v1.png,1,val,Manual Review
CLM-001141,CLM-001141_v1.png,1,val,Invalid Claim
CLM-001279,CLM-001279_v1.png,1,val,Valid Claim
CLM-001118,CLM-001118_v1.png,1,val,Valid Claim
CLM-001222,CLM-001222_v1.png,1,val,Manual Review
CLM-001034,CLM-001034_v1.png,1,val,Manual Review
CLM-001214,CLM-001214_v1.png,1,val,Manual Review
CLM-001155,CLM-001155_v1.png,1,val,Valid Claim
CLM-001268,CLM-001268_v1.png,1,val,Valid Claim
CLM-001242,CLM-001242_v1.png,1,val,Valid Claim
CLM-001176,CLM-001176_v1.png,1,val,Valid Claim
CLM-001253,CLM-001253_v1.png,1,val,Valid Claim
CLM-001211,CLM-001211_v1.png,1,val,Manual Review
CLM-001207,CLM-001207_v1.png,1,val,Valid Claim
CLM-001221,CLM-001221_v1.png,1,val,Manual Review
CLM-001212,CLM-001212_v1.png,1,val,Valid Claim
CLM-001047,CLM-001047_v1.png,1,val,Manual Review
CLM-001262,CLM-001262_v1.png,1,val,Invalid Claim
CLM-001083,CLM-001083_v1.png,1,val,Invalid Claim
CLM-001234,CLM-001234_v1.png,1,val,Invalid Claim
CLM-001134,CLM-001134_v1.png,1,val,Invalid Claim
CLM-001235,CLM-001235_v1.png,1,val,Valid Claim
CLM-001258,CLM-001258_v1.png,1,val,Manual Review
CLM-001218,CLM-001218_v1.png,1,val,Invalid Claim
CLM-001255,CLM-001255_v1.png,1,val,Manual Review
CLM-001195,CLM-001195_v1.png,1,val,Invalid Claim
CLM-001157,CLM-001157_v1.png,1,val,Invalid Claim
CLM-001052,CLM-001052_v1.png,1,val,Manual Review
CLM-001062,CLM-001062_v1.png,1,val,Manual Review
CLM-001216,CLM-001216_v1.png,1,val,Valid Claim
CLM-001248,CLM-001248_v1.png,1,val,Invalid Claim
CLM-001140,CLM-001140_v1.png,1,val,Invalid Claim
CLM-001154,CLM-001154_v1.png,1,val,Invalid Claim
CLM-001078,CLM-001078_v1.png,1,val,Manual Review
CLM-001363,CLM-001363_v1.png,1,test,Invalid Claim
CLM-001304,CLM-001304_v1.png,1,test,Manual Review
CLM-001404,CLM-001404_v1.png,1,test,Valid Claim
CLM-001492,CLM-001492_v1.png,1,test,Valid Claim
CLM-001341,CLM-001341_v1.png,1,test,Valid Claim
CLM-001284,CLM-001284_v1.png,1,test,Invalid Claim
CLM-001362,CLM-001362_v1.png,1,test,Valid Claim
CLM-001428,CLM-001428_v1.png,1,test,Manual Review
CLM-001368,CLM-001368_v1.png,1,test,Manual Review
CLM-001355,CLM-001355_v1.png,1,test,Invalid Claim
CLM-001380,CLM-001380_v1.png,1,test,Manual Review
CLM-001264,CLM-001264_v1.png,1,test,Manual Review
CLM-001371,CLM-001371_v1.png,1,test,Manual Review
CLM-001419,CLM-001419_v1.png,1,test,Valid Claim
CLM-001445,CLM-001445_v1.png,1,test,Manual Review
CLM-001359,CLM-001359_v1.png,1,test,Invalid Claim
CLM-001387,CLM-001387_v1.png,1,test,Valid Claim
CLM-001324,CLM-001324_v1.png,1,test,Invalid Claim
CLM-001474,CLM-001474_v1.png,1,test,Valid Claim
CLM-001423,CLM-001423_v1.png,1,test,Invalid Claim
CLM-001441,CLM-001441_v1.png,1,test,Valid Claim
CLM-001390,CLM-001390_v1.png,1,test,Valid Claim
CLM-001491,CLM-001491_v1.png,1,test,Manual Review
CLM-001384,CLM-001384_v1.png,1,test,Valid Claim
CLM-001407,CLM-001407_v1.png,1,test,Invalid Claim
CLM-001370,CLM-001370_v1.png,1,test,Invalid Claim
CLM-001360,CLM-001360_v1.png,1,test,Manual Review
CLM-001351,CLM-001351_v1.png,1,test,Invalid Claim
CLM-001462,CLM-001462_v1.png,1,test,Invalid Claim
CLM-001438,CLM-001438_v1.png,1,test,Valid Claim
CLM-001477,CLM-001477_v1.png,1,test,Manual Review
CLM-001301,CLM-001301_v1.png,1,test,Invalid Claim
CLM-001449,CLM-001449_v1.png,1,test,Invalid Claim
CLM-001421,CLM-001421_v1.png,1,test,Valid Claim
CLM-001295,CLM-001295_v1.png,1,test,Manual Review
CLM-001413,CLM-001413_v1.png,1,test,Valid Claim
CLM-001417,CLM-001417_v1.png,1,test,Valid Claim
CLM-001276,CLM-001276_v1.png,1,test,Manual Review
CLM-001478,CLM-001478_v1.png,1,test,Invalid Claim
CLM-001444,CLM-001444_v1.png,1,test,Valid Claim
CLM-001316,CLM-001316_v1.png,1,test,Invalid Claim
CLM-001300,CLM-001300_v1.png,1,test,Valid Claim
CLM-001437,CLM-001437_v1.png,1,test,Manual Review
CLM-001464,CLM-001464_v1.png,1,test,Valid Claim
CLM-001389,CLM-001389_v1.png,1,test,Manual Review
CLM-001399,CLM-001399_v1.png,1,test,Valid Claim
CLM-001367,CLM-001367_v1.png,1,test,Invalid Claim
CLM-001335,CLM-001335_v1.png,1,test,Invalid Claim
CLM-001319,CLM-001319_v1.png,1,test,Invalid Claim
CLM-001350,CLM-001350_v1.png,1,test,Valid Claim
CLM-001452,CLM-001452_v1.png,1,test,Valid Claim
CLM-001302,CLM-001302_v1.png,1,test,Invalid Claim
CLM-001467,CLM-001467_v1.png,1,test,Valid Claim
CLM-001333,CLM-001333_v1.png,1,test,Valid Claim
CLM-001366,CLM-001366_v1.png,1,test,Invalid Claim
CLM-001320,CLM-001320_v1.png,1,test,Invalid Claim
CLM-001344,CLM-001344_v1.png,1,test,Invalid Claim
CLM-001490,CLM-001490_v1.png,1,test,Valid Claim
CLM-001328,CLM-001328_v1.png,1,test,Valid Claim
CLM-001463,CLM-001463_v1.png,1,test,Invalid Claim
CLM-001476,CLM-001476_v1.png,1,test,Manual Review
CLM-001303,CLM-001303_v1.png,1,test,Invalid Claim
CLM-001346,CLM-001346_v1.png,1,test,Valid Claim
CLM-001458,CLM-001458_v1.png,1,test,Valid Claim
CLM-001339,CLM-001339_v1.png,1,test,Invalid Claim
CLM-001321,CLM-001321_v1.png,1,test,Manual Review
CLM-001468,CLM-001468_v1.png,1,test,Manual Review
CLM-001429,CLM-001429_v1.png,1,test,Valid Claim
CLM-001327,CLM-001327_v1.png,1,test,Invalid Claim
CLM-001332,CLM-001332_v1.png,1,test,Invalid Claim
CLM-001442,CLM-001442_v1.png,1,test,Manual Review
CLM-001408,CLM-001408_v1.png,1,test,Manual Review
CLM-001422,CLM-001422_v1.png,1,test,Manual Review
CLM-001311,CLM-001311_v1.png,1,test,Valid Claim
CLM-001293,CLM-001293_v1.png,1,test,Invalid Claim
CLM-001314,CLM-001314_v1.png,1,test,Manual Review
CLM-001480,CLM-001480_v1.png,1,test,Invalid Claim
CLM-001400,CLM-001400_v1.png,1,test,Manual Review
CLM-001392,CLM-001392_v1.png,1,test,Invalid Claim
CLM-001391,CLM-001391_v1.png,1,test,Invalid Claim
CLM-001450,CLM-001450_v1.png,1,test,Manual Review
CLM-001494,CLM-001494_v1.png,1,test,Valid Claim
CLM-001330,CLM-001330_v1.png,1,test,Manual Review
CLM-001485,CLM-001485_v1.png,1,test,Invalid Claim
CLM-001345,CLM-001345_v1.png,1,test,Invalid Claim
CLM-001487,CLM-001487_v1.png,1,test,Invalid Claim
CLM-001401,CLM-001401_v1.png,1,test,Valid Claim
CLM-001403,CLM-001403_v1.png,1,test,Manual Review
CLM-001318,CLM-001318_v1.png,1,test,Invalid Claim
CLM-001381,CLM-001381_v1.png,1,test,Invalid Claim
CLM-001310,CLM-001310_v1.png,1,test,Valid Claim
CLM-001411,CLM-001411_v1.png,1,test,Valid Claim
CLM-001349,CLM-001349_v1.png,1,test,Valid Claim
CLM-001420,CLM-001420_v1.png,1,test,Valid Claim
CLM-001306,CLM-001306_v1.png,1,test,Manual Review
CLM-001294,CLM-001294_v1.png,1,test,Manual Review
CLM-001309,CLM-001309_v1.png,1,test,Manual Review
CLM-001283,CLM-001283_v1.png,1,test,Manual Review
CLM-001329,CLM-001329_v1.png,1,test,Invalid Claim
CLM-001395,CLM-001395_v1.png,1,test,Valid Claim
CLM-001409,CLM-001409_v1.png,1,test,Manual Review
CLM-001292,CLM-001292_v1.png,1,test,Manual Review
CLM-001439,CLM-001439_v1.png,1,test,Invalid Claim
CLM-001436,CLM-001436_v1.png,1,test,Valid Claim
CLM-001383,CLM-001383_v1.png,1,test,Manual Review
CLM-001496,CLM-001496_v1.png,1,test,Valid Claim
CLM-001273,CLM-001273_v1.png,1,test,Manual Review
CLM-001308,CLM-001308_v1.png,1,test,Manual Review
CLM-001472,CLM-001472_v1.png,1,test,Invalid Claim
CLM-001260,CLM-001260_v1.png,1,test,Manual Review
CLM-001334,CLM-001334_v1.png,1,test,Manual Review
CLM-001353,CLM-001353_v1.png,1,test,Invalid Claim
CLM-001489,CLM-001489_v1.png,1,test,Valid Claim
CLM-001394,CLM-001394_v1.png,1,test,Manual Review
CLM-001315,CLM-001315_v1.png,1,test,Valid Claim
CLM-001405,CLM-001405_v1.png,1,test,Valid Claim
CLM-001348,CLM-001348_v1.png,1,test,Invalid Claim
CLM-001385,CLM-001385_v1.png,1,test,Invalid Claim
CLM-001498,CLM-001498_v1.png,1,test,Manual Review
CLM-001469,CLM-001469_v1.png,1,test,Manual Review
CLM-001377,CLM-001377_v1.png,1,test,Manual Review
CLM-001431,CLM-001431_v1.png,1,test,Invalid Claim
CLM-001375,CLM-001375_v1.png,1,test,Manual Review
CLM-001259,CLM-001259_v1.png,1,test,Manual Review
CLM-001277,CLM-001277_v1.png,1,test,Manual Review
CLM-001455,CLM-001455_v1.png,1,test,Valid Claim
CLM-001322,CLM-001322_v1.png,1,test,Invalid Claim
CLM-001354,CLM-001354_v1.png,1,test,Manual Review
CLM-001291,CLM-001291_v1.png,1,test,Invalid Claim
CLM-001457,CLM-001457_v1.png,1,test,Invalid Claim
CLM-001305,CLM-001305_v1.png,1,test,Invalid Claim
CLM-001376,CLM-001376_v1.png,1,test,Valid Claim
CLM-001307,CLM-001307_v1.png,1,test,Manual Review
CLM-001426,CLM-001426_v1.png,1,test,Invalid Claim
CLM-001425,CLM-001425_v1.png,1,test,Invalid Claim
CLM-001430,CLM-001430_v1.png,1,test,Invalid Claim
CLM-001356,CLM-001356_v1.png,1,test,Invalid Claim
CLM-001374,CLM-001374_v1.png,1,test,Manual Review
CLM-001499,CLM-001499_v1.png,1,test,Manual Review
CLM-001325,CLM-001325_v1.png,1,test,Invalid Claim
CLM-001497,CLM-001497_v1.png,1,test,Valid Claim
CLM-001424,CLM-001424_v1.png,1,test,Valid Claim
CLM-001396,CLM-001396_v1.png,1,test,Manual Review
CLM-001416,CLM-001416_v1.png,1,test,Invalid Claim
CLM-001343,CLM-001343_v1.png,1,test,Valid Claim
CLM-001357,CLM-001357_v1.png,1,test,Manual Review
CLM-001434,CLM-001434_v1.png,1,test,Invalid Claim
CLM-001358,CLM-001358_v1.png,1,test,Invalid Claim
CLM-001386,CLM-001386_v1.png,1,test,Valid Claim
CLM-001340,CLM-001340_v1.png,1,test,Invalid Claim
CLM-001326,CLM-001326_v1.png,1,test,Invalid Claim
CLM-001297,CLM-001297_v1.png,1,test,Invalid Claim
CLM-001483,CLM-001483_v1.png,1,test,Manual Review
CLM-001369,CLM-001369_v1.png,1,test,Manual Review
CLM-001433,CLM-001433_v1.png,1,test,Invalid Claim
CLM-001415,CLM-001415_v1.png,1,test,Manual Review
CLM-001286,CLM-001286_v1.png,1,test,Manual Review
CLM-001465,CLM-001465_v1.png,1,test,Manual Review
CLM-001470,CLM-001470_v1.png,1,test,Valid Claim
CLM-001372,CLM-001372_v1.png,1,test,Valid Claim
CLM-001378,CLM-001378_v1.png,1,test,Valid Claim
CLM-001287,CLM-001287_v1.png,1,test,Manual Review
CLM-001317,CLM-001317_v1.png,1,test,Invalid Claim
CLM-001435,CLM-001435_v1.png,1,test,Valid Claim
CLM-001461,CLM-001461_v1.png,1,test,Valid Claim
CLM-001412,CLM-001412_v1.png,1,test,Invalid Claim
CLM-001337,CLM-001337_v1.png,1,test,Valid Claim
CLM-001397,CLM-001397_v1.png,1,test,Manual Review
CLM-001312,CLM-001312_v1.png,1,test,Manual Review
CLM-001336,CLM-001336_v1.png,1,test,Invalid Claim
CLM-001296,CLM-001296_v1.png,1,test,Manual Review
CLM-001382,CLM-001382_v1.png,1,test,Valid Claim
CLM-001484,CLM-001484_v1.png,1,test,Manual Review
CLM-001313,CLM-001313_v1.png,1,test,Valid Claim
CLM-001459,CLM-001459_v1.png,1,test,Valid Claim
CLM-001347,CLM-001347_v1.png,1,test,Manual Review
CLM-001447,CLM-001447_v1.png,1,test,Valid Claim
CLM-001414,CLM-001414_v1.png,1,test,Invalid Claim
CLM-001298,CLM-001298_v1.png,1,test,Valid Claim
CLM-001500,CLM-001500_v1.png,1,test,Valid Claim
CLM-001393,CLM-001393_v1.png,1,test,Valid Claim
CLM-001466,CLM-001466_v1.png,1,test,Valid Claim
CLM-001365,CLM-001365_v1.png,1,test,Manual Review
CLM-001270,CLM-001270_v1.png,1,test,Manual Review
CLM-001471,CLM-001471_v1.png,1,test,Valid Claim
CLM-001402,CLM-001402_v1.png,1,test,Invalid Claim
CLM-001410,CLM-001410_v1.png,1,test,Invalid Claim
CLM-001406,CLM-001406_v1.png,1,test,Manual Review
CLM-001440,CLM-001440_v1.png,1,test,Valid Claim
CLM-001288,CLM-001288_v1.png,1,test,Manual Review
CLM-001473,CLM-001473_v1.png,1,test,Valid Claim
CLM-001361,CLM-001361_v1.png,1,test,Manual Review
CLM-001479,CLM-001479_v1.png,1,test,Manual Review
CLM-001388,CLM-001388_v1.png,1,test,Valid Claim
CLM-001282,CLM-001282_v1.png,1,test,Manual Review
CLM-001486,CLM-001486_v1.png,1,test,Valid Claim
CLM-001364,CLM-001364_v1.png,1,test,Invalid Claim
CLM-001280,CLM-001280_v1.png,1,test,Invalid Claim
CLM-001453,CLM-001453_v1.png,1,test,Valid Claim
CLM-001418,CLM-001418_v1.png,1,test,Manual Review
CLM-001338,CLM-001338_v1.png,1,test,Valid Claim
CLM-001398,CLM-001398_v1.png,1,test,Invalid Claim
CLM-001454,CLM-001454_v1.png,1,test,Manual Review
CLM-001495,CLM-001495_v1.png,1,test,Manual Review
CLM-001331,CLM-001331_v1.png,1,test,Valid Claim
CLM-001482,CLM-001482_v1.png,1,test,Manual Review
CLM-001379,CLM-001379_v1.png,1,test,Valid Claim
CLM-001432,CLM-001432_v1.png,1,test,Valid Claim
CLM-001448,CLM-001448_v1.png,1,test,Invalid Claim
CLM-001460,CLM-001460_v1.png,1,test,Valid Claim
CLM-001451,CLM-001451_v1.png,1,test,Invalid Claim
CLM-001481,CLM-001481_v1.png,1,test,Invalid Claim
CLM-001446,CLM-001446_v1.png,1,test,Invalid Claim
CLM-001342,CLM-001342_v1.png,1,test,Invalid Claim
CLM-001488,CLM-001488_v1.png,1,test,Manual Review
CLM-001323,CLM-001323_v1.png,1,test,Invalid Claim
CLM-001299,CLM-001299_v1.png,1,test,Invalid Claim
CLM-001352,CLM-001352_v1.png,1,test,Manual Review
CLM-001427,CLM-001427_v1.png,1,test,Valid Claim
CLM-001271,CLM-001271_v1.png,1,test,Manual Review
CLM-001456,CLM-001456_v1.png,1,test,Valid Claim
CLM-001443,CLM-001443_v1.png,1,test,Manual Review
CLM-001373,CLM-001373_v1.png,1,test,Valid Claim
CLM-001493,CLM-001493_v1.png,1,test,Valid Claim
CLM-001475,CLM-001475_v1.png,1,test,Invalid Claim
